nohup: ignoring input
Loading user config located at: '/root/miniconda3/envs/amp/lib/python3.11/site-packages/isaacsim/kit/data/Kit/Isaac-Sim/5.1/user.config.json'
[Info] [carb] Logging to file: /root/miniconda3/envs/amp/lib/python3.11/site-packages/isaacsim/kit/logs/Kit/Isaac-Sim/5.1/kit_20260319_151519.log
2026-03-19T07:15:19Z [72ms] [Warning] [omni.usd_config.extension] Enable omni.materialx.libs extension to use MaterialX
2026-03-19T07:15:19Z [307ms] [Warning] [omni.platforminfo.plugin] failed to open the default display.  Can't verify X Server version.
2026-03-19T07:15:20Z [420ms] [Warning] [carb] Acquiring non optional plugin interface which is not listed as dependency: [omni::physx::IPhysxBenchmarks v1.0] (plugin: <default plugin>), by client: omni.physics.physx.plugin. Add it to CARB_PLUGIN_IMPL_DEPS() macro of a client.
2026-03-19T07:15:20Z [427ms] [Warning] [omni.isaac.dynamic_control] omni.isaac.dynamic_control is deprecated as of Isaac Sim 4.5. No action is needed from end-users.
2026-03-19T07:15:21Z [1,690ms] [Warning] [carb.cudainterop.plugin] CUDA_VISIBLE_DEVICES environment variable is set.
2026-03-19T07:15:21Z [1,690ms] [Warning] [carb.cudainterop.plugin] Note CUDA device enumeration and Omniverse device enumeration are different.
2026-03-19T07:15:21Z [1,690ms] [Warning] [carb.cudainterop.plugin] Setting CUDA_VISIBLE_DEVICES can lead to undesired behavior or crashes.
2026-03-19T07:15:21Z [2,084ms] [Warning] [gpu.foundation.plugin] Skipping NVIDIA GPU due CUDA being in bad state: NVIDIA GeForce RTX 4090
2026-03-19T07:15:21Z [2,084ms] [Warning] [gpu.foundation.plugin] Please restart your system if CUDA is known to work in your system.
2026-03-19T07:15:21Z [2,085ms] [Warning] [gpu.foundation.plugin] Skipping NVIDIA GPU due CUDA being in bad state: NVIDIA GeForce RTX 4090
2026-03-19T07:15:21Z [2,085ms] [Warning] [gpu.foundation.plugin] Please restart your system if CUDA is known to work in your system.
2026-03-19T07:15:21Z [2,085ms] [Warning] [gpu.foundation.plugin] Skipping NVIDIA GPU due CUDA being in bad state: NVIDIA GeForce RTX 4090
2026-03-19T07:15:21Z [2,085ms] [Warning] [gpu.foundation.plugin] Please restart your system if CUDA is known to work in your system.
2026-03-19T07:15:21Z [2,086ms] [Warning] [gpu.foundation.plugin] Skipping NVIDIA GPU due CUDA being in bad state: NVIDIA GeForce RTX 4090
2026-03-19T07:15:21Z [2,086ms] [Warning] [gpu.foundation.plugin] Please restart your system if CUDA is known to work in your system.
2026-03-19T07:15:21Z [2,087ms] [Warning] [gpu.foundation.plugin] Skipping NVIDIA GPU due CUDA being in bad state: NVIDIA GeForce RTX 4090
2026-03-19T07:15:21Z [2,087ms] [Warning] [gpu.foundation.plugin] Please restart your system if CUDA is known to work in your system.
2026-03-19T07:15:21Z [2,088ms] [Warning] [gpu.foundation.plugin] Skipping NVIDIA GPU due CUDA being in bad state: NVIDIA GeForce RTX 4090
2026-03-19T07:15:21Z [2,088ms] [Warning] [gpu.foundation.plugin] Please restart your system if CUDA is known to work in your system.
2026-03-19T07:15:21Z [2,090ms] [Warning] [gpu.foundation.plugin] Skipping NVIDIA GPU due CUDA being in bad state: NVIDIA GeForce RTX 4090
2026-03-19T07:15:21Z [2,090ms] [Warning] [gpu.foundation.plugin] Please restart your system if CUDA is known to work in your system.
2026-03-19T07:15:21Z [2,090ms] [Warning] [gpu.foundation.plugin] Skipping NVIDIA GPU due CUDA being in bad state: NVIDIA GeForce RTX 4090
2026-03-19T07:15:21Z [2,090ms] [Warning] [gpu.foundation.plugin] Please restart your system if CUDA is known to work in your system.
2026-03-19T07:15:21Z [2,090ms] [Warning] [gpu.foundation.plugin] Skipping NVIDIA GPU due CUDA being in bad state: NVIDIA GeForce RTX 4090
2026-03-19T07:15:21Z [2,090ms] [Warning] [gpu.foundation.plugin] Please restart your system if CUDA is known to work in your system.
2026-03-19T07:15:21Z [2,090ms] [Warning] [gpu.foundation.plugin] Skipping NVIDIA GPU due CUDA being in bad state: NVIDIA GeForce RTX 4090
2026-03-19T07:15:21Z [2,090ms] [Warning] [gpu.foundation.plugin] Please restart your system if CUDA is known to work in your system.
2026-03-19T07:15:21Z [2,090ms] [Warning] [gpu.foundation.plugin] Skipping NVIDIA GPU due CUDA being in bad state: NVIDIA GeForce RTX 4090
2026-03-19T07:15:21Z [2,090ms] [Warning] [gpu.foundation.plugin] Please restart your system if CUDA is known to work in your system.
2026-03-19T07:15:21Z [2,090ms] [Warning] [gpu.foundation.plugin] Skipping NVIDIA GPU due CUDA being in bad state: NVIDIA GeForce RTX 4090
2026-03-19T07:15:21Z [2,090ms] [Warning] [gpu.foundation.plugin] Please restart your system if CUDA is known to work in your system.
2026-03-19T07:15:21Z [2,090ms] [Warning] [gpu.foundation.plugin] Skipping NVIDIA GPU due CUDA being in bad state: NVIDIA GeForce RTX 4090
2026-03-19T07:15:21Z [2,090ms] [Warning] [gpu.foundation.plugin] Please restart your system if CUDA is known to work in your system.
2026-03-19T07:15:21Z [2,090ms] [Warning] [gpu.foundation.plugin] Skipping NVIDIA GPU due CUDA being in bad state: NVIDIA GeForce RTX 4090
2026-03-19T07:15:21Z [2,090ms] [Warning] [gpu.foundation.plugin] Please restart your system if CUDA is known to work in your system.

|---------------------------------------------------------------------------------------------|
| Driver Version: 580.126.09    | Graphics API: Vulkan
|=============================================================================================|
| GPU | Name                             | Active | LDA | GPU Memory | Vendor-ID | LUID       |
|     |                                  |        |     |            | Device-ID | UUID       |
|     |                                  |        |     |            | Bus-ID    |            |
|---------------------------------------------------------------------------------------------|
| 0   | NVIDIA GeForce RTX 4090          | Yes: 0 |     | 78826   MB | 10de      | 0          |
|     |                                  |        |     |            | 2684      | 804b4631.. |
|     |                                  |        |     |            | 8         |            |
|---------------------------------------------------------------------------------------------|
| 1   | NVIDIA GeForce RTX 4090          |        |     | 78826   MB | 10de      | 0          |
|     |                                  |        |     |            | 2684      | a0959613.. |
|     |                                  |        |     |            | c         |            |
|---------------------------------------------------------------------------------------------|
| 2   | NVIDIA GeForce RTX 4090          |        |     | 78826   MB | 10de      | 0          |
|     |                                  |        |     |            | 2684      | fce3242c.. |
|     |                                  |        |     |            | 89        |            |
|---------------------------------------------------------------------------------------------|
| 3   | NVIDIA GeForce RTX 4090          |        |     | 78826   MB | 10de      | 0          |
|     |                                  |        |     |            | 2684      | 8c7ee6ea.. |
|     |                                  |        |     |            | 8a        |            |
|---------------------------------------------------------------------------------------------|
| 4   | NVIDIA GeForce RTX 4090          |        |     | 78826   MB | 10de      | 0          |
|     |                                  |        |     |            | 2684      | 0ae15942.. |
|     |                                  |        |     |            | 8         |            |
|---------------------------------------------------------------------------------------------|
| 5   | NVIDIA GeForce RTX 4090          |        |     | 78826   MB | 10de      | 0          |
|     |                                  |        |     |            | 2684      | 08e7843c.. |
|     |                                  |        |     |            | c         |            |
|---------------------------------------------------------------------------------------------|
| 6   | NVIDIA GeForce RTX 4090          |        |     | 78826   MB | 10de      | 0          |
|     |                                  |        |     |            | 2684      | 6f9a12e1.. |
|     |               [INFO][AppLauncher]: Using device: cuda:0
[INFO][AppLauncher]: Loading experience file: /home/wzk/IsaacLab/apps/isaaclab.python.headless.kit
Setting seed: 42

[36m======================================================================================[0m
[36m[1m[INFO][IsaacLab]: Logging to file: /tmp/isaaclab/logs/isaaclab_2026-03-19_15-15-23.log[0m
[36m======================================================================================[0m

[33m15:15:23 [simulation_context.py] WARNING: The `enable_external_forces_every_iteration` parameter in the PhysxCfg is set to False. If you are experiencing noisy velocities, consider enabling this flag. You may need to slightly increase the number of velocity iterations (setting it to 1 or 2 rather than 0), together with this flag, to improve the accuracy of velocity updates.[0m
[33m15:15:23 [terrain_importer.py] WARNING: Visual material specified for ground plane but no diffuse color found. Using default color: (0.0, 0.0, 0.0)[0m
/root/miniconda3/envs/amp/lib/python3.11/site-packages/torch/autograd/graph.py:824: UserWarning: Attempting to run cuBLAS, but there was no current CUDA context! Attempting to set the primary context... (Triggered internally at /pytorch/aten/src/ATen/cuda/CublasHandlePool.cpp:181.)
  return Variable._execution_engine.run_backward(  # Calls into the C++ engine to run the backward pass
left_hip_pitch_joint
right_hip_pitch_joint
waist_yaw_joint
left_hip_roll_joint
right_hip_roll_joint
left_shoulder_pitch_joint
right_shoulder_pitch_joint
left_hip_yaw_joint
right_hip_yaw_joint
left_shoulder_roll_joint
right_shoulder_roll_joint
left_knee_pitch_joint
right_knee_pitch_joint
left_shoulder_yaw_joint
right_shoulder_yaw_joint
left_ankle_pitch_joint
right_ankle_pitch_joint
left_elbow_pitch_joint
right_elbow_pitch_joint
left_ankle_roll_joint
right_ankle_roll_joint
traj_len:67.32000000000001
Loaded 67.32000000000001s. motion from legged_lab/envs/mini3/datasets/motion_visualization/walk.txt.
[INFO] Logging experiment in directory: /home/wzk/TienKung/logs/mini3_walk
ActorCritic.__init__ got unexpected arguments, which will be ignored: ['state_dependent_std', 'actor_obs_normalization', 'critic_obs_normalization']
Actor MLP: Sequential(
  (0): Linear(in_features=810, out_features=512, bias=True)
  (1): ELU(alpha=1.0)
  (2): Linear(in_features=512, out_features=256, bias=True)
  (3): ELU(alpha=1.0)
  (4): Linear(in_features=256, out_features=128, bias=True)
  (5): ELU(alpha=1.0)
  (6): Linear(in_features=128, out_features=21, bias=True)
)
Critic MLP: Sequential(
  (0): Linear(in_features=830, out_features=512, bias=True)
  (1): ELU(alpha=1.0)
  (2): Linear(in_features=512, out_features=256, bias=True)
  (3): ELU(alpha=1.0)
  (4): Linear(in_features=256, out_features=128, bias=True)
  (5): ELU(alpha=1.0)
  (6): Linear(in_features=128, out_features=1, bias=True)
)
traj_len:2.871
Loaded 2.871s. motion from legged_lab/envs/mini3/datasets/motion_amp_expert/mini3_walk/35_01_stageii.json. (weight=1.0)
traj_len:3.2670000000000003
Loaded 3.2670000000000003s. motion from legged_lab/envs/mini3/datasets/motion_amp_expert/mini3_walk/35_02_stageii.json. (weight=1.0)
traj_len:3.4320000000000004
Loaded 3.4320000000000004s. motion from legged_lab/envs/mini3/datasets/motion_amp_expert/mini3_walk/35_03_stageii.json. (weight=1.0)
traj_len:3.498
Loaded 3.498s. motion from legged_lab/envs/mini3/datasets/motion_amp_expert/mini3_walk/35_04_stageii.json. (weight=1.0)
traj_len:3.531
Loaded 3.531s. motion from legged_lab/envs/mini3/datasets/motion_amp_expert/mini3_walk/35_06_stageii.json. (weight=1.0)
traj_len:2.904
Loaded 2.904s. motion from legged_lab/envs/mini3/datasets/motion_amp_expert/mini3_walk/35_07_stageii.json. (weight=1.0)
traj_len:3.6630000000000003
Loaded 3.6630000000000003s. motion from legged_lab/envs/mini3/datasets/motion_amp_expert/mini3_walk/35_08_stageii.json. (weight=1.0)
traj_len:3.1020000000000003
Loaded 3.1020000000000003s. motion from legged_lab/envs/mini3/datasets/motion_amp_expert/mini3_walk/35_11_stageii.json. (weight=1.0)
traj_len:3.201
Loaded 3.201s. motion from legged_lab/envs/mini3/datasets/motion_amp_expert/mini3_walk/35_12_stageii.json. (weight=1.0)
Preloading 200000 transitions
Finished preloading
################################################################################
                      [1m Learning iteration 0/5000 [0m                       

                       Computation: 38032 steps/s (collection: 3.578s, learning 1.591s)
             Mean action noise std: 1.00
          Mean value_function loss: 0.4276
               Mean surrogate loss: 0.0367
                 Mean entropy loss: 29.8373
                     Mean amp loss: 0.3453
            Mean amp_grad_pen loss: 0.2158
         Mean amp_policy_pred loss: -0.6792
         Mean amp_expert_pred loss: 0.3001
                Mean symmetry loss: 0.0072
                       Mean reward: -1.62
               Mean episode length: 23.08
Episode_Reward/track_lin_vel_xy_exp: 0.0230
Episode_Reward/track_ang_vel_z_exp: 0.0023
       Episode_Reward/lin_vel_z_l2: -0.0015
      Episode_Reward/ang_vel_xy_l2: -0.0013
             Episode_Reward/energy: -0.0005
         Episode_Reward/dof_acc_l2: -0.0063
     Episode_Reward/action_rate_l2: -0.0048
 Episode_Reward/undesired_contacts: -0.0006
Episode_Reward/body_orientation_l2: -0.0015
Episode_Reward/flat_orientation_l2: -0.0009
Episode_Reward/termination_penalty: -0.1372
         Episode_Reward/feet_slide: -0.0004
         Episode_Reward/feet_force: -0.0005
      Episode_Reward/feet_too_near: -0.0000
       Episode_Reward/feet_stumble: 0.0000
     Episode_Reward/dof_pos_limits: -0.0006
Episode_Reward/joint_deviation_hip: -0.0003
Episode_Reward/joint_deviation_arms: -0.0000
Episode_Reward/joint_deviation_legs: -0.0000
Episode_Reward/joint_deviation_waist: -0.0001
Episode_Reward/gait_feet_frc_perio: 0.0100
Episode_Reward/gait_feet_spd_perio: 0.0013
Episode_Reward/gait_feet_frc_support_perio: 0.0040
       Episode_Reward/ankle_torque: -0.0006
       Episode_Reward/ankle_action: -0.0000
    Episode_Reward/hip_roll_action: -0.0198
     Episode_Reward/hip_yaw_action: -0.0196
    Episode_Reward/feet_y_distance: -0.0005
--------------------------------------------------------------------------------
                   Total timesteps: 196608
                    Iteration time: 5.17s
                      Time elapsed: 00:00:05
                               ETA: 07:10:47

Storing git diff for 'TienKung' in: /home/wzk/TienKung/logs/mini3_walk/2026-03-19_15-15-47_Revise_PhaseCalculate_SmoothZero/git/TienKung.diff
################################################################################
                      [1m Learning iteration 1/5000 [0m                       

                       Computation: 53104 steps/s (collection: 2.193s, learning 1.509s)
             Mean action noise std: 1.00
          Mean value_function loss: 1.5092
               Mean surrogate loss: 0.0162
                 Mean entropy loss: 29.8550
                     Mean amp loss: 0.2064
            Mean amp_grad_pen loss: 0.1916
         Mean amp_policy_pred loss: -0.7076
         Mean amp_expert_pred loss: 0.4571
                Mean symmetry loss: 0.0033
                       Mean reward: -1.99
               Mean episode length: 44.32
Episode_Reward/track_lin_vel_xy_exp: 0.0562
Episode_Reward/track_ang_vel_z_exp: 0.0070
       Episode_Reward/lin_vel_z_l2: -0.0022
      Episode_Reward/ang_vel_xy_l2: -0.0048
             Episode_Reward/energy: -0.0013
         Episode_Reward/dof_acc_l2: -0.0111
     Episode_Reward/action_rate_l2: -0.0143
 Episode_Reward/undesired_contacts: -0.0001
Episode_Reward/body_orientation_l2: -0.0118
Episode_Reward/flat_orientation_l2: -0.0071
Episode_Reward/termination_penalty: -0.1952
         Episode_Reward/feet_slide: -0.0012
         Episode_Reward/feet_force: -0.0008
      Episode_Reward/feet_too_near: -0.0001
       Episode_Reward/feet_stumble: 0.0000
     Episode_Reward/dof_pos_limits: -0.0016
Episode_Reward/joint_deviation_hip: -0.0008
Episode_Reward/joint_deviation_arms: -0.0001
Episode_Reward/joint_deviation_legs: -0.0001
Episode_Reward/joint_deviation_waist: -0.0003
Episode_Reward/gait_feet_frc_perio: 0.0277
Episode_Reward/gait_feet_spd_perio: 0.0042
Episode_Reward/gait_feet_frc_support_perio: 0.0139
       Episode_Reward/ankle_torque: -0.0014
       Episode_Reward/ankle_action: -0.0001
    Episode_Reward/hip_roll_action: -0.0557
     Episode_Reward/hip_yaw_action: -0.0556
    Episode_Reward/feet_y_distance: -0.0012
--------------------------------------------------------------------------------
                   Total timesteps: 393216
                    Iteration time: 3.70s
                      Time elapsed: 00:00:08
                               ETA: 06:09:35

################################################################################
                      [1m Learning iteration 2/5000 [0m                       

                       Computation: 53547 steps/s (collection: 2.189s, learning 1.482s)
             Mean action noise std: 1.00
          Mean value_function loss: 0.9266
               Mean surrogate loss: -0.0001
                 Mean entropy loss: 29.8628
                     Mean amp loss: 0.0933
            Mean amp_grad_pen loss: 0.1542
         Mean amp_policy_pred loss: -0.8403
         Mean amp_expert_pred loss: 0.6682
                Mean symmetry loss: 0.0015
                       Mean reward: -2.60
               Mean episode length: 40.29
Episode_Reward/track_lin_vel_xy_exp: 0.0790
Episode_Reward/track_ang_vel_z_exp: 0.0089
       Episode_Reward/lin_vel_z_l2: -0.0023
      Episode_Reward/ang_vel_xy_l2: -0.0050
             Episode_Reward/energy: -0.0016
         Episode_Reward/dof_acc_l2: -0.0126
     Episode_Reward/action_rate_l2: -0.0183
 Episode_Reward/undesired_contacts: -0.0001
Episode_Reward/body_orientation_l2: -0.0124
Episode_Reward/flat_orientation_l2: -0.0075
Episode_Reward/termination_penalty: -0.1975
         Episode_Reward/feet_slide: -0.0016
         Episode_Reward/feet_force: -0.0009
      Episode_Reward/feet_too_near: -0.0001
       Episode_Reward/feet_stumble: 0.0000
     Episode_Reward/dof_pos_limits: -0.0022
Episode_Reward/joint_deviation_hip: -0.0010
Episode_Reward/joint_deviation_arms: -0.0001
Episode_Reward/joint_deviation_legs: -0.0001
Episode_Reward/joint_deviation_waist: -0.0003
Episode_Reward/gait_feet_frc_perio: 0.0336
Episode_Reward/gait_feet_spd_perio: 0.0061
Episode_Reward/gait_feet_frc_support_perio: 0.0184
       Episode_Reward/ankle_torque: -0.0019
       Episode_Reward/ankle_action: -0.0001
    Episode_Reward/hip_roll_action: -0.0705
     Episode_Reward/hip_yaw_action: -0.0703
    Episode_Reward/feet_y_distance: -0.0014
--------------------------------------------------------------------------------
                   Total timesteps: 589824
                    Iteration time: 3.67s
                      Time elapsed: 00:00:12
                               ETA: 05:48:17

################################################################################
                      [1m Learning iteration 3/5000 [0m                       

                       Computation: 53786 steps/s (collection: 2.183s, learning 1.472s)
             Mean action noise std: 1.00
          Mean value_function loss: 0.8121
               Mean surrogate loss: -0.0038
                 Mean entropy loss: 29.8308
                     Mean amp loss: 0.4405
            Mean amp_grad_pen loss: 0.1509
         Mean amp_policy_pred loss: -0.5583
         Mean amp_expert_pred loss: 0.6199
                Mean symmetry loss: 0.0013
                       Mean reward: -2.40
               Mean episode length: 50.66
Episode_Reward/track_lin_vel_xy_exp: 0.0802
Episode_Reward/track_ang_vel_z_exp: 0.0092
       Episode_Reward/lin_vel_z_l2: -0.0023
      Episode_Reward/ang_vel_xy_l2: -0.0052
             Episode_Reward/energy: -0.0017
         Episode_Reward/dof_acc_l2: -0.0131
     Episode_Reward/action_rate_l2: -0.0189
 Episode_Reward/undesired_contacts: -0.0001
Episode_Reward/body_orientation_l2: -0.0128
Episode_Reward/flat_orientation_l2: -0.0077
Episode_Reward/termination_penalty: -0.1993
         Episode_Reward/feet_slide: -0.0016
         Episode_Reward/feet_force: -0.0009
      Episode_Reward/feet_too_near: -0.0002
       Episode_Reward/feet_stumble: 0.0000
     Episode_Reward/dof_pos_limits: -0.0023
Episode_Reward/joint_deviation_hip: -0.0010
Episode_Reward/joint_deviation_arms: -0.0001
Episode_Reward/joint_deviation_legs: -0.0001
Episode_Reward/joint_deviation_waist: -0.0004
Episode_Reward/gait_feet_frc_perio: 0.0349
Episode_Reward/gait_feet_spd_perio: 0.0063
Episode_Reward/gait_feet_frc_support_perio: 0.0191
       Episode_Reward/ankle_torque: -0.0020
       Episode_Reward/ankle_action: -0.0001
    Episode_Reward/hip_roll_action: -0.0727
     Episode_Reward/hip_yaw_action: -0.0723
    Episode_Reward/feet_y_distance: -0.0014
--------------------------------------------------------------------------------
                   Total timesteps: 786432
                    Iteration time: 3.66s
                      Time elapsed: 00:00:16
                               ETA: 05:37:16

################################################################################
                      [1m Learning iteration 4/5000 [0m                       

                       Computation: 53483 steps/s (collection: 2.207s, learning 1.469s)
             Mean action noise std: 1.00
          Mean value_function loss: 0.6258
               Mean surrogate loss: -0.0058
                 Mean entropy loss: 29.8098
                     Mean amp loss: 0.0816
            Mean amp_grad_pen loss: 0.1203
         Mean amp_policy_pred loss: -0.8757
         Mean amp_expert_pred loss: 0.7553
                Mean symmetry loss: 0.0014
                       Mean reward: -3.18
               Mean episode length: 50.82
Episode_Reward/track_lin_vel_xy_exp: 0.0844
Episode_Reward/track_ang_vel_z_exp: 0.0095
       Episode_Reward/lin_vel_z_l2: -0.0023
      Episode_Reward/ang_vel_xy_l2: -0.0053
             Episode_Reward/energy: -0.0017
         Episode_Reward/dof_acc_l2: -0.0132
     Episode_Reward/action_rate_l2: -0.0195
 Episode_Reward/undesired_contacts: -0.0001
Episode_Reward/body_orientation_l2: -0.0130
Episode_Reward/flat_orientation_l2: -0.0078
Episode_Reward/termination_penalty: -0.1999
         Episode_Reward/feet_slide: -0.0017
         Episode_Reward/feet_force: -0.0010
      Episode_Reward/feet_too_near: -0.0001
       Episode_Reward/feet_stumble: 0.0000
     Episode_Reward/dof_pos_limits: -0.0023
Episode_Reward/joint_deviation_hip: -0.0011
Episode_Reward/joint_deviation_arms: -0.0001
Episode_Reward/joint_deviation_legs: -0.0001
Episode_Reward/joint_deviation_waist: -0.0004
Episode_Reward/gait_feet_frc_perio: 0.0361
Episode_Reward/gait_feet_spd_perio: 0.0066
Episode_Reward/gait_feet_frc_support_perio: 0.0198
       Episode_Reward/ankle_torque: -0.0021
       Episode_Reward/ankle_action: -0.0002
    Episode_Reward/hip_roll_action: -0.0751
     Episode_Reward/hip_yaw_action: -0.0744
    Episode_Reward/feet_y_distance: -0.0014
--------------------------------------------------------------------------------
                   Total timesteps: 983040
                    Iteration time: 3.68s
                      Time elapsed: 00:00:19
                               ETA: 05:30:58

################################################################################
                      [1m Learning iteration 5/5000 [0m                       

                       Computation: 53686 steps/s (collection: 2.184s, learning 1.478s)
             Mean action noise std: 1.00
          Mean value_function loss: 0.3729
               Mean surrogate loss: -0.0063
                 Mean entropy loss: 29.7694
                     Mean amp loss: 0.4569
            Mean amp_grad_pen loss: 0.1226
         Mean amp_policy_pred loss: -0.5826
         Mean amp_expert_pred loss: 0.6228
                Mean symmetry loss: 0.0016
                       Mean reward: -3.08
               Mean episode length: 48.11
Episode_Reward/track_lin_vel_xy_exp: 0.0848
Episode_Reward/track_ang_vel_z_exp: 0.0096
       Episode_Reward/lin_vel_z_l2: -0.0023
      Episode_Reward/ang_vel_xy_l2: -0.0053
             Episode_Reward/energy: -0.0017
         Episode_Reward/dof_acc_l2: -0.0132
     Episode_Reward/action_rate_l2: -0.0195
 Episode_Reward/undesired_contacts: -0.0001
Episode_Reward/body_orientation_l2: -0.0130
Episode_Reward/flat_orientation_l2: -0.0078
Episode_Reward/termination_penalty: -0.2000
         Episode_Reward/feet_slide: -0.0017
         Episode_Reward/feet_force: -0.0009
      Episode_Reward/feet_too_near: -0.0002
       Episode_Reward/feet_stumble: 0.0000
     Episode_Reward/dof_pos_limits: -0.0023
Episode_Reward/joint_deviation_hip: -0.0010
Episode_Reward/joint_deviation_arms: -0.0001
Episode_Reward/joint_deviation_legs: -0.0001
Episode_Reward/joint_deviation_waist: -0.0004
Episode_Reward/gait_feet_frc_perio: 0.0365
Episode_Reward/gait_feet_spd_perio: 0.0067
Episode_Reward/gait_feet_frc_support_perio: 0.0199
       Episode_Reward/ankle_torque: -0.0021
       Episode_Reward/ankle_action: -0.0002
    Episode_Reward/hip_roll_action: -0.0746
     Episode_Reward/hip_yaw_action: -0.0739
    Episode_Reward/feet_y_distance: -0.0014
--------------------------------------------------------------------------------
                   Total timesteps: 1179648
                    Iteration time: 3.66s
                      Time elapsed: 00:00:23
                               ETA: 05:26:34

################################################################################
                      [1m Learning iteration 6/5000 [0m                       

                       Computation: 53699 steps/s (collection: 2.184s, learning 1.477s)
             Mean action noise std: 1.00
          Mean value_function loss: 0.3127
               Mean surrogate loss: -0.0064
                 Mean entropy loss: 29.7415
                     Mean amp loss: 0.0657
            Mean amp_grad_pen loss: 0.0843
         Mean amp_policy_pred loss: -0.9548
         Mean amp_expert_pred loss: 0.7721
                Mean symmetry loss: 0.0019
                       Mean reward: -3.25
               Mean episode length: 48.38
Episode_Reward/track_lin_vel_xy_exp: 0.0867
Episode_Reward/track_ang_vel_z_exp: 0.0097
       Episode_Reward/lin_vel_z_l2: -0.0023
      Episode_Reward/ang_vel_xy_l2: -0.0053
             Episode_Reward/energy: -0.0017
         Episode_Reward/dof_acc_l2: -0.0135
     Episode_Reward/action_rate_l2: -0.0197
 Episode_Reward/undesired_contacts: -0.0001
Episode_Reward/body_orientation_l2: -0.0129
Episode_Reward/flat_orientation_l2: -0.0078
Episode_Reward/termination_penalty: -0.2000
         Episode_Reward/feet_slide: -0.0017
         Episode_Reward/feet_force: -0.0010
      Episode_Reward/feet_too_near: -0.0002
       Episode_Reward/feet_stumble: 0.0000
     Episode_Reward/dof_pos_limits: -0.0024
Episode_Reward/joint_deviation_hip: -0.0011
Episode_Reward/joint_deviation_arms: -0.0001
Episode_Reward/joint_deviation_legs: -0.0001
Episode_Reward/joint_deviation_waist: -0.0004
Episode_Reward/gait_feet_frc_perio: 0.0375
Episode_Reward/gait_feet_spd_perio: 0.0067
Episode_Reward/gait_feet_frc_support_perio: 0.0200
       Episode_Reward/ankle_torque: -0.0021
       Episode_Reward/ankle_action: -0.0002
    Episode_Reward/hip_roll_action: -0.0752
     Episode_Reward/hip_yaw_action: -0.0747
    Episode_Reward/feet_y_distance: -0.0015
--------------------------------------------------------------------------------
                   Total timesteps: 1376256
                    Iteration time: 3.66s
                      Time elapsed: 00:00:27
                               ETA: 05:23:24

################################################################################
                      [1m Learning iteration 7/5000 [0m                       

                       Computation: 53703 steps/s (collection: 2.191s, learning 1.470s)
             Mean action noise std: 0.99
          Mean value_function loss: 0.1860
               Mean surrogate loss: 0.0001
                 Mean entropy loss: 29.6450
                     Mean amp loss: 0.0336
            Mean amp_grad_pen loss: 0.0655
         Mean amp_policy_pred loss: -0.9261
         Mean amp_expert_pred loss: 0.8600
                Mean symmetry loss: 0.0021
                       Mean reward: -3.37
               Mean episode length: 49.26
Episode_Reward/track_lin_vel_xy_exp: 0.0918
Episode_Reward/track_ang_vel_z_exp: 0.0100
       Episode_Reward/lin_vel_z_l2: -0.0023
      Episode_Reward/ang_vel_xy_l2: -0.0054
             Episode_Reward/energy: -0.0018
         Episode_Reward/dof_acc_l2: -0.0140
     Episode_Reward/action_rate_l2: -0.0203
 Episode_Reward/undesired_contacts: -0.0001
Episode_Reward/body_orientation_l2: -0.0132
Episode_Reward/flat_orientation_l2: -0.0079
Episode_Reward/termination_penalty: -0.2000
         Episode_Reward/feet_slide: -0.0017
         Episode_Reward/feet_force: -0.0010
      Episode_Reward/feet_too_near: -0.0002
       Episode_Reward/feet_stumble: 0.0000
     Episode_Reward/dof_pos_limits: -0.0025
Episode_Reward/joint_deviation_hip: -0.0012
Episode_Reward/joint_deviation_arms: -0.0001
Episode_Reward/joint_deviation_legs: -0.0001
Episode_Reward/joint_deviation_waist: -0.0004
Episode_Reward/gait_feet_frc_perio: 0.0387
Episode_Reward/gait_feet_spd_perio: 0.0070
Episode_Reward/gait_feet_frc_support_perio: 0.0207
       Episode_Reward/ankle_torque: -0.0022
       Episode_Reward/ankle_action: -0.0002
    Episode_Reward/hip_roll_action: -0.0774
     Episode_Reward/hip_yaw_action: -0.0764
    Episode_Reward/feet_y_distance: -0.0015
--------------------------------------------------------------------------------
                   Total timesteps: 1572864
                    Iteration time: 3.66s
                      Time elapsed: 00:00:30
                               ETA: 05:21:00

################################################################################
                      [1m Learning iteration 8/5000 [0m                       

                       Computation: 53186 steps/s (collection: 2.199s, learning 1.497s)
             Mean action noise std: 0.99
          Mean value_function loss: 0.1545
               Mean surrogate loss: -0.0065
                 Mean entropy loss: 29.5468
                     Mean amp loss: 0.0221
            Mean amp_grad_pen loss: 0.0514
         Mean amp_policy_pred loss: -0.9357
         Mean amp_expert_pred loss: 0.8987
                Mean symmetry loss: 0.0016
                       Mean reward: -3.20
               Mean episode length: 51.41
Episode_Reward/track_lin_vel_xy_exp: 0.0893
Episode_Reward/track_ang_vel_z_exp: 0.0101
       Episode_Reward/lin_vel_z_l2: -0.0023
      Episode_Reward/ang_vel_xy_l2: -0.0053
             Episode_Reward/energy: -0.0018
         Episode_Reward/dof_acc_l2: -0.0137
     Episode_Reward/action_rate_l2: -0.0204
 Episode_Reward/undesired_contacts: -0.0001
Episode_Reward/body_orientation_l2: -0.0131
Episode_Reward/flat_orientation_l2: -0.0079
Episode_Reward/termination_penalty: -0.2000
         Episode_Reward/feet_slide: -0.0017
         Episode_Reward/feet_force: -0.0010
      Episode_Reward/feet_too_near: -0.0002
       Episode_Reward/feet_stumble: 0.0000
     Episode_Reward/dof_pos_limits: -0.0025
Episode_Reward/joint_deviation_hip: -0.0011
Episode_Reward/joint_deviation_arms: -0.0001
Episode_Reward/joint_deviation_legs: -0.0001
Episode_Reward/joint_deviation_waist: -0.0004
Episode_Reward/gait_feet_frc_perio: 0.0393
Episode_Reward/gait_feet_spd_perio: 0.0072
Episode_Reward/gait_feet_frc_support_perio: 0.0211
       Episode_Reward/ankle_torque: -0.0022
       Episode_Reward/ankle_action: -0.0002
    Episode_Reward/hip_roll_action: -0.0771
     Episode_Reward/hip_yaw_action: -0.0766
    Episode_Reward/feet_y_distance: -0.0013
--------------------------------------------------------------------------------
                   Total timesteps: 1769472
                    Iteration time: 3.70s
                      Time elapsed: 00:00:34
                               ETA: 05:19:26

################################################################################
                      [1m Learning iteration 9/5000 [0m                       

                       Computation: 53698 steps/s (collection: 2.187s, learning 1.474s)
             Mean action noise std: 0.98
          Mean value_function loss: 0.1266
               Mean surrogate loss: -0.0085
                 Mean entropy loss: 29.4423
                     Mean amp loss: 0.0536
            Mean amp_grad_pen loss: 0.0860
         Mean amp_policy_pred loss: -0.9077
         Mean amp_expert_pred loss: 0.8602
                Mean symmetry loss: 0.0018
                       Mean reward: -3.16
               Mean episode length: 55.10
Episode_Reward/track_lin_vel_xy_exp: 0.0952
Episode_Reward/track_ang_vel_z_exp: 0.0104
       Episode_Reward/lin_vel_z_l2: -0.0023
      Episode_Reward/ang_vel_xy_l2: -0.0054
             Episode_Reward/energy: -0.0018
         Episode_Reward/dof_acc_l2: -0.0140
     Episode_Reward/action_rate_l2: -0.0208
 Episode_Reward/undesired_contacts: -0.0001
Episode_Reward/body_orientation_l2: -0.0134
Episode_Reward/flat_orientation_l2: -0.0080
Episode_Reward/termination_penalty: -0.2000
         Episode_Reward/feet_slide: -0.0018
         Episode_Reward/feet_force: -0.0010
      Episode_Reward/feet_too_near: -0.0002
       Episode_Reward/feet_stumble: 0.0000
     Episode_Reward/dof_pos_limits: -0.0026
Episode_Reward/joint_deviation_hip: -0.0012
Episode_Reward/joint_deviation_arms: -0.0001
Episode_Reward/joint_deviation_legs: -0.0001
Episode_Reward/joint_deviation_waist: -0.0004
Episode_Reward/gait_feet_frc_perio: 0.0402
Episode_Reward/gait_feet_spd_perio: 0.0075
Episode_Reward/gait_feet_frc_support_perio: 0.0218
       Episode_Reward/ankle_torque: -0.0022
       Episode_Reward/ankle_action: -0.0002
    Episode_Reward/hip_roll_action: -0.0785
     Episode_Reward/hip_yaw_action: -0.0775
    Episode_Reward/feet_y_distance: -0.0014
--------------------------------------------------------------------------------
                   Total timesteps: 1966080
                    Iteration time: 3.66s
                      Time elapsed: 00:00:38
                               ETA: 05:17:54

################################################################################
                      [1m Learning iteration 10/5000 [0m                      

                       Computation: 53439 steps/s (collection: 2.204s, learning 1.475s)
             Mean action noise std: 0.98
          Mean value_function loss: 0.0994
               Mean surrogate loss: -0.0097
                 Mean entropy loss: 29.3273
                     Mean amp loss: 0.0371
            Mean amp_grad_pen loss: 0.0720
         Mean amp_policy_pred loss: -0.8996
         Mean amp_expert_pred loss: 0.8585
                Mean symmetry loss: 0.0019
                       Mean reward: -2.93
               Mean episode length: 54.83
Episode_Reward/track_lin_vel_xy_exp: 0.0980
Episode_Reward/track_ang_vel_z_exp: 0.0106
       Episode_Reward/lin_vel_z_l2: -0.0023
      Episode_Reward/ang_vel_xy_l2: -0.0054
             Episode_Reward/energy: -0.0018
         Episode_Reward/dof_acc_l2: -0.0137
     Episode_Reward/action_rate_l2: -0.0211
 Episode_Reward/undesired_contacts: -0.0001
Episode_Reward/body_orientation_l2: -0.0133
Episode_Reward/flat_orientation_l2: -0.0080
Episode_Reward/termination_penalty: -0.2000
         Episode_Reward/feet_slide: -0.0018
         Episode_Reward/feet_force: -0.0010
      Episode_Reward/feet_too_near: -0.0002
       Episode_Reward/feet_stumble: 0.0000
     Episode_Reward/dof_pos_limits: -0.0027
Episode_Reward/joint_deviation_hip: -0.0011
Episode_Reward/joint_deviation_arms: -0.0001
Episode_Reward/joint_deviation_legs: -0.0001
Episode_Reward/joint_deviation_waist: -0.0004
Episode_Reward/gait_feet_frc_perio: 0.0414
Episode_Reward/gait_feet_spd_perio: 0.0078
Episode_Reward/gait_feet_frc_support_perio: 0.0224
       Episode_Reward/ankle_torque: -0.0023
       Episode_Reward/ankle_action: -0.0002
    Episode_Reward/hip_roll_action: -0.0792
     Episode_Reward/hip_yaw_action: -0.0781
    Episode_Reward/feet_y_distance: -0.0014
--------------------------------------------------------------------------------
                   Total timesteps: 2162688
                    Iteration time: 3.68s
                      Time elapsed: 00:00:41
                               ETA: 05:16:45

################################################################################
                      [1m Learning iteration 11/5000 [0m                      

                       Computation: 53133 steps/s (collection: 2.208s, learning 1.492s)
             Mean action noise std: 0.97
          Mean value_function loss: 0.0899
               Mean surrogate loss: -0.0116
                 Mean entropy loss: 29.1919
                     Mean amp loss: 0.0260
            Mean amp_grad_pen loss: 0.0623
         Mean amp_policy_pred loss: -0.9202
         Mean amp_expert_pred loss: 0.9010
                Mean symmetry loss: 0.0019
                       Mean reward: -2.90
               Mean episode length: 53.59
Episode_Reward/track_lin_vel_xy_exp: 0.1028
Episode_Reward/track_ang_vel_z_exp: 0.0108
       Episode_Reward/lin_vel_z_l2: -0.0023
      Episode_Reward/ang_vel_xy_l2: -0.0053
             Episode_Reward/energy: -0.0018
         Episode_Reward/dof_acc_l2: -0.0140
     Episode_Reward/action_rate_l2: -0.0212
 Episode_Reward/undesired_contacts: -0.0001
Episode_Reward/body_orientation_l2: -0.0134
Episode_Reward/flat_orientation_l2: -0.0081
Episode_Reward/termination_penalty: -0.2000
         Episode_Reward/feet_slide: -0.0018
         Episode_Reward/feet_force: -0.0010
      Episode_Reward/feet_too_near: -0.0002
       Episode_Reward/feet_stumble: 0.0000
     Episode_Reward/dof_pos_limits: -0.0028
Episode_Reward/joint_deviation_hip: -0.0012
Episode_Reward/joint_deviation_arms: -0.0001
Episode_Reward/joint_deviation_legs: -0.0001
Episode_Reward/joint_deviation_waist: -0.0004
Episode_Reward/gait_feet_frc_perio: 0.0428
Episode_Reward/gait_feet_spd_perio: 0.0081
Episode_Reward/gait_feet_frc_support_perio: 0.0230
       Episode_Reward/ankle_torque: -0.0023
       Episode_Reward/ankle_action: -0.0002
    Episode_Reward/hip_roll_action: -0.0796
     Episode_Reward/hip_yaw_action: -0.0789
    Episode_Reward/feet_y_distance: -0.0014
--------------------------------------------------------------------------------
                   Total timesteps: 2359296
                    Iteration time: 3.70s
                      Time elapsed: 00:00:45
                               ETA: 05:15:56

################################################################################
                      [1m Learning iteration 12/5000 [0m                      

                       Computation: 53492 steps/s (collection: 2.190s, learning 1.486s)
             Mean action noise std: 0.97
          Mean value_function loss: 0.0885
               Mean surrogate loss: -0.0121
                 Mean entropy loss: 29.0769
                     Mean amp loss: 0.0247
            Mean amp_grad_pen loss: 0.0641
         Mean amp_policy_pred loss: -0.9163
         Mean amp_expert_pred loss: 0.9078
                Mean symmetry loss: 0.0021
                       Mean reward: -2.74
               Mean episode length: 55.96
Episode_Reward/track_lin_vel_xy_exp: 0.1057
Episode_Reward/track_ang_vel_z_exp: 0.0112
       Episode_Reward/lin_vel_z_l2: -0.0022
      Episode_Reward/ang_vel_xy_l2: -0.0054
             Episode_Reward/energy: -0.0019
         Episode_Reward/dof_acc_l2: -0.0144
     Episode_Reward/action_rate_l2: -0.0217
 Episode_Reward/undesired_contacts: -0.0001
Episode_Reward/body_orientation_l2: -0.0134
Episode_Reward/flat_orientation_l2: -0.0080
Episode_Reward/termination_penalty: -0.2000
         Episode_Reward/feet_slide: -0.0019
         Episode_Reward/feet_force: -0.0010
      Episode_Reward/feet_too_near: -0.0002
       Episode_Reward/feet_stumble: 0.0000
     Episode_Reward/dof_pos_limits: -0.0030
Episode_Reward/joint_deviation_hip: -0.0012
Episode_Reward/joint_deviation_arms: -0.0002
Episode_Reward/joint_deviation_legs: -0.0001
Episode_Reward/joint_deviation_waist: -0.0004
Episode_Reward/gait_feet_frc_perio: 0.0443
Episode_Reward/gait_feet_spd_perio: 0.0086
Episode_Reward/gait_feet_frc_support_perio: 0.0238
       Episode_Reward/ankle_torque: -0.0024
       Episode_Reward/ankle_action: -0.0002
    Episode_Reward/hip_roll_action: -0.0810
     Episode_Reward/hip_yaw_action: -0.0801
    Episode_Reward/feet_y_distance: -0.0015
--------------------------------------------------------------------------------
                   Total timesteps: 2555904
                    Iteration time: 3.68s
                      Time elapsed: 00:00:49
                               ETA: 05:15:05

################################################################################
                      [1m Learning iteration 13/5000 [0m                      

                       Computation: 53559 steps/s (collection: 2.203s, learning 1.468s)
             Mean action noise std: 0.96
          Mean value_function loss: 0.0837
               Mean surrogate loss: -0.0109
                 Mean entropy loss: 28.9566
                     Mean amp loss: 0.0234
            Mean amp_grad_pen loss: 0.0621
         Mean amp_policy_pred loss: -0.9193
         Mean amp_expert_pred loss: 0.9031
                Mean symmetry loss: 0.0022
                       Mean reward: -2.99
               Mean episode length: 54.58
Episode_Reward/track_lin_vel_xy_exp: 0.1137
Episode_Reward/track_ang_vel_z_exp: 0.0117
       Episode_Reward/lin_vel_z_l2: -0.0022
      Episode_Reward/ang_vel_xy_l2: -0.0054
             Episode_Reward/energy: -0.0019
         Episode_Reward/dof_acc_l2: -0.0145
     Episode_Reward/action_rate_l2: -0.0223
 Episode_Reward/undesired_contacts: -0.0001
Episode_Reward/body_orientation_l2: -0.0135
Episode_Reward/flat_orientation_l2: -0.0081
Episode_Reward/termination_penalty: -0.2000
         Episode_Reward/feet_slide: -0.0019
         Episode_Reward/feet_force: -0.0011
      Episode_Reward/feet_too_near: -0.0002
       Episode_Reward/feet_stumble: 0.0000
     Episode_Reward/dof_pos_limits: -0.0032
Episode_Reward/joint_deviation_hip: -0.0012
Episode_Reward/joint_deviation_arms: -0.0001
Episode_Reward/joint_deviation_legs: -0.0001
Episode_Reward/joint_deviation_waist: -0.0004
Episode_Reward/gait_feet_frc_perio: 0.0461
Episode_Reward/gait_feet_spd_perio: 0.0093
Episode_Reward/gait_feet_frc_support_perio: 0.0253
       Episode_Reward/ankle_torque: -0.0025
       Episode_Reward/ankle_action: -0.0002
    Episode_Reward/hip_roll_action: -0.0827
     Episode_Reward/hip_yaw_action: -0.0822
    Episode_Reward/feet_y_distance: -0.0014
--------------------------------------------------------------------------------
                   Total timesteps: 2752512
                    Iteration time: 3.67s
                      Time elapsed: 00:00:52
                               ETA: 05:14:18

################################################################################
                      [1m Learning iteration 14/5000 [0m                      

                       Computation: 53228 steps/s (collection: 2.200s, learning 1.493s)
             Mean action noise std: 0.95
          Mean value_function loss: 0.0870
               Mean surrogate loss: -0.0089
                 Mean entropy loss: 28.8342
                     Mean amp loss: 0.0250
            Mean amp_grad_pen loss: 0.0650
         Mean amp_policy_pred loss: -0.9083
         Mean amp_expert_pred loss: 0.9031
                Mean symmetry loss: 0.0022
                       Mean reward: -2.52
               Mean episode length: 63.98
Episode_Reward/track_lin_vel_xy_exp: 0.1181
Episode_Reward/track_ang_vel_z_exp: 0.0119
       Episode_Reward/lin_vel_z_l2: -0.0022
      Episode_Reward/ang_vel_xy_l2: -0.0054
             Episode_Reward/energy: -0.0019
         Episode_Reward/dof_acc_l2: -0.0149
     Episode_Reward/action_rate_l2: -0.0226
 Episode_Reward/undesired_contacts: -0.0001
Episode_Reward/body_orientation_l2: -0.0133
Episode_Reward/flat_orientation_l2: -0.0080
Episode_Reward/termination_penalty: -0.2000
         Episode_Reward/feet_slide: -0.0020
         Episode_Reward/feet_force: -0.0011
      Episode_Reward/feet_too_near: -0.0002
       Episode_Reward/feet_stumble: 0.0000
     Episode_Reward/dof_pos_limits: -0.0034
Episode_Reward/joint_deviation_hip: -0.0012
Episode_Reward/joint_deviation_arms: -0.0002
Episode_Reward/joint_deviation_legs: -0.0001
Episode_Reward/joint_deviation_waist: -0.0004
Episode_Reward/gait_feet_frc_perio: 0.0478
Episode_Reward/gait_feet_spd_perio: 0.0099
Episode_Reward/gait_feet_frc_support_perio: 0.0262
       Episode_Reward/ankle_torque: -0.0026
       Episode_Reward/ankle_action: -0.0002
    Episode_Reward/hip_roll_action: -0.0834
     Episode_Reward/hip_yaw_action: -0.0830
    Episode_Reward/feet_y_distance: -0.0015
--------------------------------------------------------------------------------
                   Total timesteps: 2949120
                    Iteration time: 3.69s
                      Time elapsed: 00:00:56
                               ETA: 05:13:45

################################################################################
                      [1m Learning iteration 15/5000 [0m                      

                       Computation: 53313 steps/s (collection: 2.189s, learning 1.499s)
             Mean action noise std: 0.95
          Mean value_function loss: 0.0974
               Mean surrogate loss: -0.0086
                 Mean entropy loss: 28.6601
                     Mean amp loss: 0.0252
            Mean amp_grad_pen loss: 0.0637
         Mean amp_policy_pred loss: -0.9109
         Mean amp_expert_pred loss: 0.9012
                Mean symmetry loss: 0.0022
                       Mean reward: -2.70
               Mean episode length: 65.84
Episode_Reward/track_lin_vel_xy_exp: 0.1288
Episode_Reward/track_ang_vel_z_exp: 0.0127
       Episode_Reward/lin_vel_z_l2: -0.0022
      Episode_Reward/ang_vel_xy_l2: -0.0054
             Episode_Reward/energy: -0.0020
         Episode_Reward/dof_acc_l2: -0.0151
     Episode_Reward/action_rate_l2: -0.0237
 Episode_Reward/undesired_contacts: -0.0001
Episode_Reward/body_orientation_l2: -0.0134
Episode_Reward/flat_orientation_l2: -0.0080
Episode_Reward/termination_penalty: -0.2000
         Episode_Reward/feet_slide: -0.0021
         Episode_Reward/feet_force: -0.0012
      Episode_Reward/feet_too_near: -0.0002
       Episode_Reward/feet_stumble: 0.0000
     Episode_Reward/dof_pos_limits: -0.0036
Episode_Reward/joint_deviation_hip: -0.0012
Episode_Reward/joint_deviation_arms: -0.0002
Episode_Reward/joint_deviation_legs: -0.0001
Episode_Reward/joint_deviation_waist: -0.0004
Episode_Reward/gait_feet_frc_perio: 0.0510
Episode_Reward/gait_feet_spd_perio: 0.0109
Episode_Reward/gait_feet_frc_support_perio: 0.0282
       Episode_Reward/ankle_torque: -0.0028
       Episode_Reward/ankle_action: -0.0002
    Episode_Reward/hip_roll_action: -0.0869
     Episode_Reward/hip_yaw_action: -0.0863
    Episode_Reward/feet_y_distance: -0.0015
--------------------------------------------------------------------------------
                   Total timesteps: 3145728
                    Iteration time: 3.69s
                      Time elapsed: 00:01:00
                               ETA: 05:13:14

################################################################################
                      [1m Learning iteration 16/5000 [0m                      

                       Computation: 53440 steps/s (collection: 2.199s, learning 1.480s)
             Mean action noise std: 0.94
          Mean value_function loss: 0.1061
               Mean surrogate loss: -0.0079
                 Mean entropy loss: 28.5138
                     Mean amp loss: 0.0224
            Mean amp_grad_pen loss: 0.0611
         Mean amp_policy_pred loss: -0.9159
         Mean amp_expert_pred loss: 0.9070
                Mean symmetry loss: 0.0023
                       Mean reward: -2.26
               Mean episode length: 66.39
Episode_Reward/track_lin_vel_xy_exp: 0.1356
Episode_Reward/track_ang_vel_z_exp: 0.0131
       Episode_Reward/lin_vel_z_l2: -0.0022
      Episode_Reward/ang_vel_xy_l2: -0.0055
             Episode_Reward/energy: -0.0020
         Episode_Reward/dof_acc_l2: -0.0155
     Episode_Reward/action_rate_l2: -0.0242
 Episode_Reward/undesired_contacts: -0.0001
Episode_Reward/body_orientation_l2: -0.0131
Episode_Reward/flat_orientation_l2: -0.0079
Episode_Reward/termination_penalty: -0.2000
         Episode_Reward/feet_slide: -0.0021
         Episode_Reward/feet_force: -0.0012
      Episode_Reward/feet_too_near: -0.0002
       Episode_Reward/feet_stumble: 0.0000
     Episode_Reward/dof_pos_limits: -0.0038
Episode_Reward/joint_deviation_hip: -0.0013
Episode_Reward/joint_deviation_arms: -0.0002
Episode_Reward/joint_deviation_legs: -0.0001
Episode_Reward/joint_deviation_waist: -0.0005
Episode_Reward/gait_feet_frc_perio: 0.0528
Episode_Reward/gait_feet_spd_perio: 0.0115
Episode_Reward/gait_feet_frc_support_perio: 0.0294
       Episode_Reward/ankle_torque: -0.0029
       Episode_Reward/ankle_action: -0.0002
    Episode_Reward/hip_roll_action: -0.0886
     Episode_Reward/hip_yaw_action: -0.0878
    Episode_Reward/feet_y_distance: -0.0016
--------------------------------------------------------------------------------
                   Total timesteps: 3342336
                    Iteration time: 3.68s
                      Time elapsed: 00:01:04
                               ETA: 05:12:44

################################################################################
                      [1m Learning iteration 17/5000 [0m                      

                       Computation: 53342 steps/s (collection: 2.193s, learning 1.493s)
             Mean action noise std: 0.93
          Mean value_function loss: 0.1234
               Mean surrogate loss: -0.0065
                 Mean entropy loss: 28.3647
                     Mean amp loss: 0.0248
            Mean amp_grad_pen loss: 0.0656
         Mean amp_policy_pred loss: -0.9049
         Mean amp_expert_pred loss: 0.9061
                Mean symmetry loss: 0.0023
                       Mean reward: -2.23
               Mean episode length: 66.30
Episode_Reward/track_lin_vel_xy_exp: 0.1368
Episode_Reward/track_ang_vel_z_exp: 0.0134
       Episode_Reward/lin_vel_z_l2: -0.0022
      Episode_Reward/ang_vel_xy_l2: -0.0056
             Episode_Reward/energy: -0.0021
         Episode_Reward/dof_acc_l2: -0.0160
     Episode_Reward/action_rate_l2: -0.0244
 Episode_Reward/undesired_contacts: -0.0001
Episode_Reward/body_orientation_l2: -0.0129
Episode_Reward/flat_orientation_l2: -0.0077
Episode_Reward/termination_penalty: -0.2000
         Episode_Reward/feet_slide: -0.0022
         Episode_Reward/feet_force: -0.0012
      Episode_Reward/feet_too_near: -0.0002
       Episode_Reward/feet_stumble: 0.0000
     Episode_Reward/dof_pos_limits: -0.0039
Episode_Reward/joint_deviation_hip: -0.0012
Episode_Reward/joint_deviation_arms: -0.0001
Episode_Reward/joint_deviation_legs: -0.0001
Episode_Reward/joint_deviation_waist: -0.0004
Episode_Reward/gait_feet_frc_perio: 0.0546
Episode_Reward/gait_feet_spd_perio: 0.0121
Episode_Reward/gait_feet_frc_support_perio: 0.0304
       Episode_Reward/ankle_torque: -0.0030
       Episode_Reward/ankle_action: -0.0002
    Episode_Reward/hip_roll_action: -0.0887
     Episode_Reward/hip_yaw_action: -0.0879
    Episode_Reward/feet_y_distance: -0.0014
--------------------------------------------------------------------------------
                   Total timesteps: 3538944
                    Iteration time: 3.69s
                      Time elapsed: 00:01:07
                               ETA: 05:12:18

################################################################################
                      [1m Learning iteration 18/5000 [0m                      

                       Computation: 53130 steps/s (collection: 2.192s, learning 1.508s)
             Mean action noise std: 0.93
          Mean value_function loss: 0.1166
               Mean surrogate loss: -0.0051
                 Mean entropy loss: 28.1932
                     Mean amp loss: 0.0251
            Mean amp_grad_pen loss: 0.0696
         Mean amp_policy_pred loss: -0.9061
         Mean amp_expert_pred loss: 0.8992
                Mean symmetry loss: 0.0024
                       Mean reward: -2.39
               Mean episode length: 63.57
Episode_Reward/track_lin_vel_xy_exp: 0.1498
Episode_Reward/track_ang_vel_z_exp: 0.0141
       Episode_Reward/lin_vel_z_l2: -0.0023
      Episode_Reward/ang_vel_xy_l2: -0.0056
             Episode_Reward/energy: -0.0022
         Episode_Reward/dof_acc_l2: -0.0162
     Episode_Reward/action_rate_l2: -0.0256
 Episode_Reward/undesired_contacts: -0.0001
Episode_Reward/body_orientation_l2: -0.0129
Episode_Reward/flat_orientation_l2: -0.0078
Episode_Reward/termination_penalty: -0.2000
         Episode_Reward/feet_slide: -0.0023
         Episode_Reward/feet_force: -0.0013
      Episode_Reward/feet_too_near: -0.0003
       Episode_Reward/feet_stumble: 0.0000
     Episode_Reward/dof_pos_limits: -0.0042
Episode_Reward/joint_deviation_hip: -0.0012
Episode_Reward/joint_deviation_arms: -0.0002
Episode_Reward/joint_deviation_legs: -0.0001
Episode_Reward/joint_deviation_waist: -0.0004
Episode_Reward/gait_feet_frc_perio: 0.0588
Episode_Reward/gait_feet_spd_perio: 0.0134
Episode_Reward/gait_feet_frc_support_perio: 0.0327
       Episode_Reward/ankle_torque: -0.0032
       Episode_Reward/ankle_action: -0.0002
    Episode_Reward/hip_roll_action: -0.0933
     Episode_Reward/hip_yaw_action: -0.0923
    Episode_Reward/feet_y_distance: -0.0015
--------------------------------------------------------------------------------
                   Total timesteps: 3735552
                    Iteration time: 3.70s
                      Time elapsed: 00:01:11
                               ETA: 05:11:59

################################################################################
                      [1m Learning iteration 19/5000 [0m                      

                       Computation: 53166 steps/s (collection: 2.195s, learning 1.503s)
             Mean action noise std: 0.92
          Mean value_function loss: 0.1211
               Mean surrogate loss: -0.0071
                 Mean entropy loss: 28.0126
                     Mean amp loss: 0.0249
            Mean amp_grad_pen loss: 0.0699
         Mean amp_policy_pred loss: -0.9069
         Mean amp_expert_pred loss: 0.8967
                Mean symmetry loss: 0.0025
                       Mean reward: -1.96
               Mean episode length: 65.75
Episode_Reward/track_lin_vel_xy_exp: 0.1459
Episode_Reward/track_ang_vel_z_exp: 0.0145
       Episode_Reward/lin_vel_z_l2: -0.0022
      Episode_Reward/ang_vel_xy_l2: -0.0056
             Episode_Reward/energy: -0.0021
         Episode_Reward/dof_acc_l2: -0.0157
     Episode_Reward/action_rate_l2: -0.0253
 Episode_Reward/undesired_contacts: -0.0001
Episode_Reward/body_orientation_l2: -0.0125
Episode_Reward/flat_orientation_l2: -0.0075
Episode_Reward/termination_penalty: -0.2000
         Episode_Reward/feet_slide: -0.0023
         Episode_Reward/feet_force: -0.0012
      Episode_Reward/feet_too_near: -0.0003
       Episode_Reward/feet_stumble: 0.0000
     Episode_Reward/dof_pos_limits: -0.0042
Episode_Reward/joint_deviation_hip: -0.0011
Episode_Reward/joint_deviation_arms: -0.0001
Episode_Reward/joint_deviation_legs: -0.0001
Episode_Reward/joint_deviation_waist: -0.0004
Episode_Reward/gait_feet_frc_perio: 0.0593
Episode_Reward/gait_feet_spd_perio: 0.0137
Episode_Reward/gait_feet_frc_support_perio: 0.0329
       Episode_Reward/ankle_torque: -0.0031
       Episode_Reward/ankle_action: -0.0002
    Episode_Reward/hip_roll_action: -0.0920
     Episode_Reward/hip_yaw_action: -0.0905
    Episode_Reward/feet_y_distance: -0.0014
--------------------------------------------------------------------------------
                   Total timesteps: 3932160
                    Iteration time: 3.70s
                      Time elapsed: 00:01:15
                               ETA: 05:11:40

################################################################################
                      [1m Learning iteration 20/5000 [0m                      

                       Computation: 53496 steps/s (collection: 2.190s, learning 1.485s)
             Mean action noise std: 0.91
          Mean value_function loss: 0.1175
               Mean surrogate loss: -0.0046
                 Mean entropy loss: 27.9092
                     Mean amp loss: 0.0197
            Mean amp_grad_pen loss: 0.0617
         Mean amp_policy_pred loss: -0.9193
         Mean amp_expert_pred loss: 0.9140
                Mean symmetry loss: 0.0027
                       Mean reward: -1.96
               Mean episode length: 74.20
Episode_Reward/track_lin_vel_xy_exp: 0.1658
Episode_Reward/track_ang_vel_z_exp: 0.0163
       Episode_Reward/lin_vel_z_l2: -0.0023
      Episode_Reward/ang_vel_xy_l2: -0.0058
             Episode_Reward/energy: -0.0023
         Episode_Reward/dof_acc_l2: -0.0170
     Episode_Reward/action_rate_l2: -0.0279
 Episode_Reward/undesired_contacts: -0.0002
Episode_Reward/body_orientation_l2: -0.0125
Episode_Reward/flat_orientation_l2: -0.0075
Episode_Reward/termination_penalty: -0.2000
         Episode_Reward/feet_slide: -0.0024
         Episode_Reward/feet_force: -0.0013
      Episode_Reward/feet_too_near: -0.0004
       Episode_Reward/feet_stumble: 0.0000
     Episode_Reward/dof_pos_limits: -0.0047
Episode_Reward/joint_deviation_hip: -0.0012
Episode_Reward/joint_deviation_arms: -0.0002
Episode_Reward/joint_deviation_legs: -0.0001
Episode_Reward/joint_deviation_waist: -0.0004
Episode_Reward/gait_feet_frc_perio: 0.0676
Episode_Reward/gait_feet_spd_perio: 0.0165
Episode_Reward/gait_feet_frc_support_perio: 0.0372
       Episode_Reward/ankle_torque: -0.0035
       Episode_Reward/ankle_action: -0.0002
    Episode_Reward/hip_roll_action: -0.1010
     Episode_Reward/hip_yaw_action: -0.0998
    Episode_Reward/feet_y_distance: -0.0017
--------------------------------------------------------------------------------
                   Total timesteps: 4128768
                    Iteration time: 3.68s
                      Time elapsed: 00:01:18
                               ETA: 05:11:17

################################################################################
                      [1m Learning iteration 21/5000 [0m                      

                       Computation: 52586 steps/s (collection: 2.210s, learning 1.528s)
             Mean action noise std: 0.91
          Mean value_function loss: 0.1916
               Mean surrogate loss: -0.0064
                 Mean entropy loss: 27.8046
                     Mean amp loss: 0.0217
            Mean amp_grad_pen loss: 0.0652
         Mean amp_policy_pred loss: -0.9104
         Mean amp_expert_pred loss: 0.9101
                Mean symmetry loss: 0.0026
                       Mean reward: -1.86
               Mean episode length: 83.33
Episode_Reward/track_lin_vel_xy_exp: 0.1677
Episode_Reward/track_ang_vel_z_exp: 0.0170
       Episode_Reward/lin_vel_z_l2: -0.0024
      Episode_Reward/ang_vel_xy_l2: -0.0060
             Episode_Reward/energy: -0.0024
         Episode_Reward/dof_acc_l2: -0.0183
     Episode_Reward/action_rate_l2: -0.0290
 Episode_Reward/undesired_contacts: -0.0002
Episode_Reward/body_orientation_l2: -0.0125
Episode_Reward/flat_orientation_l2: -0.0075
Episode_Reward/termination_penalty: -0.2000
         Episode_Reward/feet_slide: -0.0025
         Episode_Reward/feet_force: -0.0015
      Episode_Reward/feet_too_near: -0.0004
       Episode_Reward/feet_stumble: 0.0000
     Episode_Reward/dof_pos_limits: -0.0049
Episode_Reward/joint_deviation_hip: -0.0011
Episode_Reward/joint_deviation_arms: -0.0001
Episode_Reward/joint_deviation_legs: -0.0001
Episode_Reward/joint_deviation_waist: -0.0004
Episode_Reward/gait_feet_frc_perio: 0.0715
Episode_Reward/gait_feet_spd_perio: 0.0180
Episode_Reward/gait_feet_frc_support_perio: 0.0393
       Episode_Reward/ankle_torque: -0.0037
       Episode_Reward/ankle_action: -0.0002
    Episode_Reward/hip_roll_action: -0.1049
     Episode_Reward/hip_yaw_action: -0.1031
    Episode_Reward/feet_y_distance: -0.0016
--------------------------------------------------------------------------------
                   Total timesteps: 4325376
                    Iteration time: 3.74s
                      Time elapsed: 00:01:22
                               ETA: 05:11:11

################################################################################
                      [1m Learning iteration 22/5000 [0m                      

                       Computation: 52467 steps/s (collection: 2.264s, learning 1.484s)
             Mean action noise std: 0.91
          Mean value_function loss: 0.2364
               Mean surrogate loss: -0.0047
                 Mean entropy loss: 27.7433
                     Mean amp loss: 0.0236
            Mean amp_grad_pen loss: 0.0698
         Mean amp_policy_pred loss: -0.9051
         Mean amp_expert_pred loss: 0.9044
                Mean symmetry loss: 0.0028
                       Mean reward: -1.19
               Mean episode length: 100.58
Episode_Reward/track_lin_vel_xy_exp: 0.2201
Episode_Reward/track_ang_vel_z_exp: 0.0212
       Episode_Reward/lin_vel_z_l2: -0.0026
      Episode_Reward/ang_vel_xy_l2: -0.0069
             Episode_Reward/energy: -0.0028
         Episode_Reward/dof_acc_l2: -0.0206
     Episode_Reward/action_rate_l2: -0.0347
 Episode_Reward/undesired_contacts: -0.0002
Episode_Reward/body_orientation_l2: -0.0122
Episode_Reward/flat_orientation_l2: -0.0073
Episode_Reward/termination_penalty: -0.2000
         Episode_Reward/feet_slide: -0.0029
         Episode_Reward/feet_force: -0.0017
      Episode_Reward/feet_too_near: -0.0005
       Episode_Reward/feet_stumble: 0.0000
     Episode_Reward/dof_pos_limits: -0.0060
Episode_Reward/joint_deviation_hip: -0.0021
Episode_Reward/joint_deviation_arms: -0.0003
Episode_Reward/joint_deviation_legs: -0.0002
Episode_Reward/joint_deviation_waist: -0.0007
Episode_Reward/gait_feet_frc_perio: 0.0854
Episode_Reward/gait_feet_spd_perio: 0.0233
Episode_Reward/gait_feet_frc_support_perio: 0.0475
       Episode_Reward/ankle_torque: -0.0045
       Episode_Reward/ankle_action: -0.0003
    Episode_Reward/hip_roll_action: -0.1251
     Episode_Reward/hip_yaw_action: -0.1232
    Episode_Reward/feet_y_distance: -0.0022
--------------------------------------------------------------------------------
                   Total timesteps: 4521984
                    Iteration time: 3.75s
                      Time elapsed: 00:01:26
                               ETA: 05:11:07

################################################################################
                      [1m Learning iteration 23/5000 [0m                      

                       Computation: 53278 steps/s (collection: 2.199s, learning 1.491s)
             Mean action noise std: 0.91
          Mean value_function loss: 0.2621
               Mean surrogate loss: -0.0049
                 Mean entropy loss: 27.6932
                     Mean amp loss: 0.0232
            Mean amp_grad_pen loss: 0.0665
         Mean amp_policy_pred loss: -0.9081
         Mean amp_expert_pred loss: 0.9042
                Mean symmetry loss: 0.0029
                       Mean reward: -0.67
               Mean episode length: 102.66
Episode_Reward/track_lin_vel_xy_exp: 0.2484
Episode_Reward/track_ang_vel_z_exp: 0.0235
       Episode_Reward/lin_vel_z_l2: -0.0027
      Episode_Reward/ang_vel_xy_l2: -0.0072
             Episode_Reward/energy: -0.0030
         Episode_Reward/dof_acc_l2: -0.0217
     Episode_Reward/action_rate_l2: -0.0376
 Episode_Reward/undesired_contacts: -0.0002
Episode_Reward/body_orientation_l2: -0.0119
Episode_Reward/flat_orientation_l2: -0.0072
Episode_Reward/termination_penalty: -0.2000
         Episode_Reward/feet_slide: -0.0031
         Episode_Reward/feet_force: -0.0018
      Episode_Reward/feet_too_near: -0.0006
       Episode_Reward/feet_stumble: 0.0000
     Episode_Reward/dof_pos_limits: -0.0065
Episode_Reward/joint_deviation_hip: -0.0026
Episode_Reward/joint_deviation_arms: -0.0003
Episode_Reward/joint_deviation_legs: -0.0002
Episode_Reward/joint_deviation_waist: -0.0009
Episode_Reward/gait_feet_frc_perio: 0.0919
Episode_Reward/gait_feet_spd_perio: 0.0259
Episode_Reward/gait_feet_frc_support_perio: 0.0515
       Episode_Reward/ankle_torque: -0.0049
       Episode_Reward/ankle_action: -0.0003
    Episode_Reward/hip_roll_action: -0.1346
     Episode_Reward/hip_yaw_action: -0.1322
    Episode_Reward/feet_y_distance: -0.0025
--------------------------------------------------------------------------------
                   Total timesteps: 4718592
                    Iteration time: 3.69s
                      Time elapsed: 00:01:29
                               ETA: 05:10:51

################################################################################
                      [1m Learning iteration 24/5000 [0m                      

                       Computation: 52954 steps/s (collection: 2.207s, learning 1.506s)
             Mean action noise std: 0.91
          Mean value_function loss: 0.2402
               Mean surrogate loss: -0.0056
                 Mean entropy loss: 27.6487
                     Mean amp loss: 0.0192
            Mean amp_grad_pen loss: 0.0636
         Mean amp_policy_pred loss: -0.9176
         Mean amp_expert_pred loss: 0.9176
                Mean symmetry loss: 0.0031
                       Mean reward: -0.52
               Mean episode length: 116.55
Episode_Reward/track_lin_vel_xy_exp: 0.2815
Episode_Reward/track_ang_vel_z_exp: 0.0257
       Episode_Reward/lin_vel_z_l2: -0.0028
      Episode_Reward/ang_vel_xy_l2: -0.0076
             Episode_Reward/energy: -0.0033
         Episode_Reward/dof_acc_l2: -0.0235
     Episode_Reward/action_rate_l2: -0.0413
 Episode_Reward/undesired_contacts: -0.0002
Episode_Reward/body_orientation_l2: -0.0121
Episode_Reward/flat_orientation_l2: -0.0073
Episode_Reward/termination_penalty: -0.2000
         Episode_Reward/feet_slide: -0.0034
         Episode_Reward/feet_force: -0.0019
      Episode_Reward/feet_too_near: -0.0006
       Episode_Reward/feet_stumble: 0.0000
     Episode_Reward/dof_pos_limits: -0.0072
Episode_Reward/joint_deviation_hip: -0.0031
Episode_Reward/joint_deviation_arms: -0.0004
Episode_Reward/joint_deviation_legs: -0.0003
Episode_Reward/joint_deviation_waist: -0.0011
Episode_Reward/gait_feet_frc_perio: 0.1016
Episode_Reward/gait_feet_spd_perio: 0.0292
Episode_Reward/gait_feet_frc_support_perio: 0.0569
       Episode_Reward/ankle_torque: -0.0055
       Episode_Reward/ankle_action: -0.0004
    Episode_Reward/hip_roll_action: -0.1476
     Episode_Reward/hip_yaw_action: -0.1448
    Episode_Reward/feet_y_distance: -0.0029
--------------------------------------------------------------------------------
                   Total timesteps: 4915200
                    Iteration time: 3.71s
                      Time elapsed: 00:01:33
                               ETA: 05:10:40

################################################################################
                      [1m Learning iteration 25/5000 [0m                      

                       Computation: 53281 steps/s (collection: 2.196s, learning 1.494s)
             Mean action noise std: 0.90
          Mean value_function loss: 0.2952
               Mean surrogate loss: -0.0046
                 Mean entropy loss: 27.6033
                     Mean amp loss: 0.0278
            Mean amp_grad_pen loss: 0.0769
         Mean amp_policy_pred loss: -0.9044
         Mean amp_expert_pred loss: 0.8914
                Mean symmetry loss: 0.0033
                       Mean reward: -0.07
               Mean episode length: 138.54
Episode_Reward/track_lin_vel_xy_exp: 0.3210
Episode_Reward/track_ang_vel_z_exp: 0.0284
       Episode_Reward/lin_vel_z_l2: -0.0030
      Episode_Reward/ang_vel_xy_l2: -0.0081
             Episode_Reward/energy: -0.0036
         Episode_Reward/dof_acc_l2: -0.0261
     Episode_Reward/action_rate_l2: -0.0458
 Episode_Reward/undesired_contacts: -0.0002
Episode_Reward/body_orientation_l2: -0.0121
Episode_Reward/flat_orientation_l2: -0.0073
Episode_Reward/termination_penalty: -0.2000
         Episode_Reward/feet_slide: -0.0038
         Episode_Reward/feet_force: -0.0022
      Episode_Reward/feet_too_near: -0.0007
       Episode_Reward/feet_stumble: 0.0000
     Episode_Reward/dof_pos_limits: -0.0081
Episode_Reward/joint_deviation_hip: -0.0033
Episode_Reward/joint_deviation_arms: -0.0004
Episode_Reward/joint_deviation_legs: -0.0003
Episode_Reward/joint_deviation_waist: -0.0013
Episode_Reward/gait_feet_frc_perio: 0.1128
Episode_Reward/gait_feet_spd_perio: 0.0340
Episode_Reward/gait_feet_frc_support_perio: 0.0646
       Episode_Reward/ankle_torque: -0.0062
       Episode_Reward/ankle_action: -0.0004
    Episode_Reward/hip_roll_action: -0.1628
     Episode_Reward/hip_yaw_action: -0.1605
    Episode_Reward/feet_y_distance: -0.0031
--------------------------------------------------------------------------------
                   Total timesteps: 5111808
                    Iteration time: 3.69s
                      Time elapsed: 00:01:37
                               ETA: 05:10:25

################################################################################
                      [1m Learning iteration 26/5000 [0m                      

                       Computation: 53434 steps/s (collection: 2.190s, learning 1.490s)
             Mean action noise std: 0.90
          Mean value_function loss: 0.2975
               Mean surrogate loss: -0.0036
                 Mean entropy loss: 27.5519
                     Mean amp loss: 0.0195
            Mean amp_grad_pen loss: 0.0635
         Mean amp_policy_pred loss: -0.9190
         Mean amp_expert_pred loss: 0.9158
                Mean symmetry loss: 0.0033
                       Mean reward: 0.46
               Mean episode length: 146.52
Episode_Reward/track_lin_vel_xy_exp: 0.3593
Episode_Reward/track_ang_vel_z_exp: 0.0320
       Episode_Reward/lin_vel_z_l2: -0.0031
      Episode_Reward/ang_vel_xy_l2: -0.0085
             Episode_Reward/energy: -0.0040
         Episode_Reward/dof_acc_l2: -0.0271
     Episode_Reward/action_rate_l2: -0.0507
 Episode_Reward/undesired_contacts: -0.0002
Episode_Reward/body_orientation_l2: -0.0123
Episode_Reward/flat_orientation_l2: -0.0074
Episode_Reward/termination_penalty: -0.2000
         Episode_Reward/feet_slide: -0.0040
         Episode_Reward/feet_force: -0.0022
      Episode_Reward/feet_too_near: -0.0007
       Episode_Reward/feet_stumble: 0.0000
     Episode_Reward/dof_pos_limits: -0.0090
Episode_Reward/joint_deviation_hip: -0.0038
Episode_Reward/joint_deviation_arms: -0.0005
Episode_Reward/joint_deviation_legs: -0.0004
Episode_Reward/joint_deviation_waist: -0.0014
Episode_Reward/gait_feet_frc_perio: 0.1254
Episode_Reward/gait_feet_spd_perio: 0.0392
Episode_Reward/gait_feet_frc_support_perio: 0.0720
       Episode_Reward/ankle_torque: -0.0069
       Episode_Reward/ankle_action: -0.0004
    Episode_Reward/hip_roll_action: -0.1794
     Episode_Reward/hip_yaw_action: -0.1765
    Episode_Reward/feet_y_distance: -0.0036
--------------------------------------------------------------------------------
                   Total timesteps: 5308416
                    Iteration time: 3.68s
                      Time elapsed: 00:01:41
                               ETA: 05:10:10

################################################################################
                      [1m Learning iteration 27/5000 [0m                      

                       Computation: 53038 steps/s (collection: 2.200s, learning 1.507s)
             Mean action noise std: 0.90
          Mean value_function loss: 0.2811
               Mean surrogate loss: -0.0059
                 Mean entropy loss: 27.5092
                     Mean amp loss: 0.0199
            Mean amp_grad_pen loss: 0.0589
         Mean amp_policy_pred loss: -0.9153
         Mean amp_expert_pred loss: 0.9202
                Mean symmetry loss: 0.0032
                       Mean reward: 0.83
               Mean episode length: 153.28
Episode_Reward/track_lin_vel_xy_exp: 0.3879
Episode_Reward/track_ang_vel_z_exp: 0.0350
       Episode_Reward/lin_vel_z_l2: -0.0032
      Episode_Reward/ang_vel_xy_l2: -0.0089
             Episode_Reward/energy: -0.0042
         Episode_Reward/dof_acc_l2: -0.0296
     Episode_Reward/action_rate_l2: -0.0539
 Episode_Reward/undesired_contacts: -0.0002
Episode_Reward/body_orientation_l2: -0.0125
Episode_Reward/flat_orientation_l2: -0.0075
Episode_Reward/termination_penalty: -0.2000
         Episode_Reward/feet_slide: -0.0043
         Episode_Reward/feet_force: -0.0024
      Episode_Reward/feet_too_near: -0.0008
       Episode_Reward/feet_stumble: 0.0000
     Episode_Reward/dof_pos_limits: -0.0096
Episode_Reward/joint_deviation_hip: -0.0041
Episode_Reward/joint_deviation_arms: -0.0005
Episode_Reward/joint_deviation_legs: -0.0004
Episode_Reward/joint_deviation_waist: -0.0016
Episode_Reward/gait_feet_frc_perio: 0.1342
Episode_Reward/gait_feet_spd_perio: 0.0423
Episode_Reward/gait_feet_frc_support_perio: 0.0770
       Episode_Reward/ankle_torque: -0.0074
       Episode_Reward/ankle_action: -0.0005
    Episode_Reward/hip_roll_action: -0.1908
     Episode_Reward/hip_yaw_action: -0.1865
    Episode_Reward/feet_y_distance: -0.0037
--------------------------------------------------------------------------------
                   Total timesteps: 5505024
                    Iteration time: 3.71s
                      Time elapsed: 00:01:44
                               ETA: 05:10:00

################################################################################
                      [1m Learning iteration 28/5000 [0m                      

                       Computation: 52962 steps/s (collection: 2.209s, learning 1.503s)
             Mean action noise std: 0.90
          Mean value_function loss: 0.2951
               Mean surrogate loss: -0.0047
                 Mean entropy loss: 27.4859
                     Mean amp loss: 0.0181
            Mean amp_grad_pen loss: 0.0590
         Mean amp_policy_pred loss: -0.9206
         Mean amp_expert_pred loss: 0.9233
                Mean symmetry loss: 0.0032
                       Mean reward: 1.42
               Mean episode length: 175.30
Episode_Reward/track_lin_vel_xy_exp: 0.4108
Episode_Reward/track_ang_vel_z_exp: 0.0363
       Episode_Reward/lin_vel_z_l2: -0.0034
      Episode_Reward/ang_vel_xy_l2: -0.0091
             Episode_Reward/energy: -0.0044
         Episode_Reward/dof_acc_l2: -0.0297
     Episode_Reward/action_rate_l2: -0.0565
 Episode_Reward/undesired_contacts: -0.0002
Episode_Reward/body_orientation_l2: -0.0127
Episode_Reward/flat_orientation_l2: -0.0076
Episode_Reward/termination_penalty: -0.2000
         Episode_Reward/feet_slide: -0.0045
         Episode_Reward/feet_force: -0.0025
      Episode_Reward/feet_too_near: -0.0007
       Episode_Reward/feet_stumble: 0.0000
     Episode_Reward/dof_pos_limits: -0.0101
Episode_Reward/joint_deviation_hip: -0.0048
Episode_Reward/joint_deviation_arms: -0.0006
Episode_Reward/joint_deviation_legs: -0.0005
Episode_Reward/joint_deviation_waist: -0.0018
Episode_Reward/gait_feet_frc_perio: 0.1418
Episode_Reward/gait_feet_spd_perio: 0.0443
Episode_Reward/gait_feet_frc_support_perio: 0.0807
       Episode_Reward/ankle_torque: -0.0078
       Episode_Reward/ankle_action: -0.0005
    Episode_Reward/hip_roll_action: -0.1987
     Episode_Reward/hip_yaw_action: -0.1949
    Episode_Reward/feet_y_distance: -0.0039
--------------------------------------------------------------------------------
                   Total timesteps: 5701632
                    Iteration time: 3.71s
                      Time elapsed: 00:01:48
                               ETA: 05:09:51

################################################################################
                      [1m Learning iteration 29/5000 [0m                      

                       Computation: 53500 steps/s (collection: 2.191s, learning 1.483s)
             Mean action noise std: 0.90
          Mean value_function loss: 0.3127
               Mean surrogate loss: -0.0053
                 Mean entropy loss: 27.4682
                     Mean amp loss: 0.0204
            Mean amp_grad_pen loss: 0.0633
         Mean amp_policy_pred loss: -0.9148
         Mean amp_expert_pred loss: 0.9143
                Mean symmetry loss: 0.0033
                       Mean reward: 1.96
               Mean episode length: 188.86
Episode_Reward/track_lin_vel_xy_exp: 0.4642
Episode_Reward/track_ang_vel_z_exp: 0.0399
       Episode_Reward/lin_vel_z_l2: -0.0035
      Episode_Reward/ang_vel_xy_l2: -0.0095
             Episode_Reward/energy: -0.0048
         Episode_Reward/dof_acc_l2: -0.0332
     Episode_Reward/action_rate_l2: -0.0616
 Episode_Reward/undesired_contacts: -0.0002
Episode_Reward/body_orientation_l2: -0.0126
Episode_Reward/flat_orientation_l2: -0.0076
Episode_Reward/termination_penalty: -0.2000
         Episode_Reward/feet_slide: -0.0048
         Episode_Reward/feet_force: -0.0027
      Episode_Reward/feet_too_near: -0.0009
       Episode_Reward/feet_stumble: 0.0000
     Episode_Reward/dof_pos_limits: -0.0110
Episode_Reward/joint_deviation_hip: -0.0051
Episode_Reward/joint_deviation_arms: -0.0007
Episode_Reward/joint_deviation_legs: -0.0005
Episode_Reward/joint_deviation_waist: -0.0019
Episode_Reward/gait_feet_frc_perio: 0.1563
Episode_Reward/gait_feet_spd_perio: 0.0503
Episode_Reward/gait_feet_frc_support_perio: 0.0888
       Episode_Reward/ankle_torque: -0.0085
       Episode_Reward/ankle_action: -0.0005
    Episode_Reward/hip_roll_action: -0.2160
     Episode_Reward/hip_yaw_action: -0.2119
    Episode_Reward/feet_y_distance: -0.0045
--------------------------------------------------------------------------------
                   Total timesteps: 5898240
                    Iteration time: 3.67s
                      Time elapsed: 00:01:52
                               ETA: 05:09:37

################################################################################
                      [1m Learning iteration 30/5000 [0m                      

                       Computation: 53304 steps/s (collection: 2.192s, learning 1.497s)
             Mean action noise std: 0.90
          Mean value_function loss: 0.3109
               Mean surrogate loss: -0.0048
                 Mean entropy loss: 27.4420
                     Mean amp loss: 0.0217
            Mean amp_grad_pen loss: 0.0659
         Mean amp_policy_pred loss: -0.9128
         Mean amp_expert_pred loss: 0.9122
                Mean symmetry loss: 0.0034
                       Mean reward: 1.68
               Mean episode length: 193.65
Episode_Reward/track_lin_vel_xy_exp: 0.5202
Episode_Reward/track_ang_vel_z_exp: 0.0453
       Episode_Reward/lin_vel_z_l2: -0.0038
      Episode_Reward/ang_vel_xy_l2: -0.0103
             Episode_Reward/energy: -0.0054
         Episode_Reward/dof_acc_l2: -0.0369
     Episode_Reward/action_rate_l2: -0.0692
 Episode_Reward/undesired_contacts: -0.0002
Episode_Reward/body_orientation_l2: -0.0133
Episode_Reward/flat_orientation_l2: -0.0080
Episode_Reward/termination_penalty: -0.2000
         Episode_Reward/feet_slide: -0.0053
         Episode_Reward/feet_force: -0.0031
      Episode_Reward/feet_too_near: -0.0008
       Episode_Reward/feet_stumble: 0.0000
     Episode_Reward/dof_pos_limits: -0.0124
Episode_Reward/joint_deviation_hip: -0.0056
Episode_Reward/joint_deviation_arms: -0.0007
Episode_Reward/joint_deviation_legs: -0.0005
Episode_Reward/joint_deviation_waist: -0.0021
Episode_Reward/gait_feet_frc_perio: 0.1750
Episode_Reward/gait_feet_spd_perio: 0.0577
Episode_Reward/gait_feet_frc_support_perio: 0.1009
       Episode_Reward/ankle_torque: -0.0096
       Episode_Reward/ankle_action: -0.0006
    Episode_Reward/hip_roll_action: -0.2421
     Episode_Reward/hip_yaw_action: -0.2365
    Episode_Reward/feet_y_distance: -0.0048
--------------------------------------------------------------------------------
                   Total timesteps: 6094848
                    Iteration time: 3.69s
                      Time elapsed: 00:01:55
                               ETA: 05:09:25

################################################################################
                      [1m Learning iteration 31/5000 [0m                      

                       Computation: 53234 steps/s (collection: 2.195s, learning 1.499s)
             Mean action noise std: 0.89
          Mean value_function loss: 0.1225
               Mean surrogate loss: 0.0017
                 Mean entropy loss: 27.3925
                     Mean amp loss: 0.0199
            Mean amp_grad_pen loss: 0.0614
         Mean amp_policy_pred loss: -0.9193
         Mean amp_expert_pred loss: 0.9114
                Mean symmetry loss: 0.0033
                       Mean reward: 2.63
               Mean episode length: 219.27
Episode_Reward/track_lin_vel_xy_exp: 0.5707
Episode_Reward/track_ang_vel_z_exp: 0.0493
       Episode_Reward/lin_vel_z_l2: -0.0039
      Episode_Reward/ang_vel_xy_l2: -0.0109
             Episode_Reward/energy: -0.0058
         Episode_Reward/dof_acc_l2: -0.0400
     Episode_Reward/action_rate_l2: -0.0751
 Episode_Reward/undesired_contacts: -0.0002
Episode_Reward/body_orientation_l2: -0.0134
Episode_Reward/flat_orientation_l2: -0.0080
Episode_Reward/termination_penalty: -0.2000
         Episode_Reward/feet_slide: -0.0057
         Episode_Reward/feet_force: -0.0033
      Episode_Reward/feet_too_near: -0.0009
       Episode_Reward/feet_stumble: 0.0000
     Episode_Reward/dof_pos_limits: -0.0134
Episode_Reward/joint_deviation_hip: -0.0063
Episode_Reward/joint_deviation_arms: -0.0008
Episode_Reward/joint_deviation_legs: -0.0006
Episode_Reward/joint_deviation_waist: -0.0024
Episode_Reward/gait_feet_frc_perio: 0.1915
Episode_Reward/gait_feet_spd_perio: 0.0633
Episode_Reward/gait_feet_frc_support_perio: 0.1096
       Episode_Reward/ankle_torque: -0.0106
       Episode_Reward/ankle_action: -0.0006
    Episode_Reward/hip_roll_action: -0.2617
     Episode_Reward/hip_yaw_action: -0.2550
    Episode_Reward/feet_y_distance: -0.0050
--------------------------------------------------------------------------------
                   Total timesteps: 6291456
                    Iteration time: 3.69s
                      Time elapsed: 00:01:59
                               ETA: 05:09:15

################################################################################
                      [1m Learning iteration 32/5000 [0m                      

                       Computation: 52974 steps/s (collection: 2.191s, learning 1.521s)
             Mean action noise std: 0.89
          Mean value_function loss: 0.0998
               Mean surrogate loss: 0.0011
                 Mean entropy loss: 27.1888
                     Mean amp loss: 0.0182
            Mean amp_grad_pen loss: 0.0622
         Mean amp_policy_pred loss: -0.9236
         Mean amp_expert_pred loss: 0.9162
                Mean symmetry loss: 0.0033
                       Mean reward: 0.62
               Mean episode length: 139.94
Episode_Reward/track_lin_vel_xy_exp: 0.4685
Episode_Reward/track_ang_vel_z_exp: 0.0416
       Episode_Reward/lin_vel_z_l2: -0.0036
      Episode_Reward/ang_vel_xy_l2: -0.0094
             Episode_Reward/energy: -0.0050
         Episode_Reward/dof_acc_l2: -0.0352
     Episode_Reward/action_rate_l2: -0.0638
 Episode_Reward/undesired_contacts: -0.0002
Episode_Reward/body_orientation_l2: -0.0137
Episode_Reward/flat_orientation_l2: -0.0082
Episode_Reward/termination_penalty: -0.2000
         Episode_Reward/feet_slide: -0.0050
         Episode_Reward/feet_force: -0.0028
      Episode_Reward/feet_too_near: -0.0009
       Episode_Reward/feet_stumble: 0.0000
     Episode_Reward/dof_pos_limits: -0.0113
Episode_Reward/joint_deviation_hip: -0.0043
Episode_Reward/joint_deviation_arms: -0.0006
Episode_Reward/joint_deviation_legs: -0.0004
Episode_Reward/joint_deviation_waist: -0.0016
Episode_Reward/gait_feet_frc_perio: 0.1692
Episode_Reward/gait_feet_spd_perio: 0.0534
Episode_Reward/gait_feet_frc_support_perio: 0.0941
       Episode_Reward/ankle_torque: -0.0090
       Episode_Reward/ankle_action: -0.0006
    Episode_Reward/hip_roll_action: -0.2219
     Episode_Reward/hip_yaw_action: -0.2151
    Episode_Reward/feet_y_distance: -0.0044
--------------------------------------------------------------------------------
                   Total timesteps: 6488064
                    Iteration time: 3.71s
                      Time elapsed: 00:02:03
                               ETA: 05:09:08

################################################################################
                      [1m Learning iteration 33/5000 [0m                      

                       Computation: 53069 steps/s (collection: 2.189s, learning 1.516s)
             Mean action noise std: 0.88
          Mean value_function loss: 0.0855
               Mean surrogate loss: -0.0002
                 Mean entropy loss: 27.0285
                     Mean amp loss: 0.0185
            Mean amp_grad_pen loss: 0.0609
         Mean amp_policy_pred loss: -0.9252
         Mean amp_expert_pred loss: 0.9189
                Mean symmetry loss: 0.0033
                       Mean reward: -0.90
               Mean episode length: 104.32
Episode_Reward/track_lin_vel_xy_exp: 0.2575
Episode_Reward/track_ang_vel_z_exp: 0.0263
       Episode_Reward/lin_vel_z_l2: -0.0029
      Episode_Reward/ang_vel_xy_l2: -0.0067
             Episode_Reward/energy: -0.0034
         Episode_Reward/dof_acc_l2: -0.0226
     Episode_Reward/action_rate_l2: -0.0411
 Episode_Reward/undesired_contacts: -0.0003
Episode_Reward/body_orientation_l2: -0.0125
Episode_Reward/flat_orientation_l2: -0.0075
Episode_Reward/termination_penalty: -0.2000
         Episode_Reward/feet_slide: -0.0032
         Episode_Reward/feet_force: -0.0018
      Episode_Reward/feet_too_near: -0.0007
       Episode_Reward/feet_stumble: 0.0000
     Episode_Reward/dof_pos_limits: -0.0071
Episode_Reward/joint_deviation_hip: -0.0022
Episode_Reward/joint_deviation_arms: -0.0003
Episode_Reward/joint_deviation_legs: -0.0002
Episode_Reward/joint_deviation_waist: -0.0008
Episode_Reward/gait_feet_frc_perio: 0.1166
Episode_Reward/gait_feet_spd_perio: 0.0322
Episode_Reward/gait_feet_frc_support_perio: 0.0599
       Episode_Reward/ankle_torque: -0.0058
       Episode_Reward/ankle_action: -0.0004
    Episode_Reward/hip_roll_action: -0.1431
     Episode_Reward/hip_yaw_action: -0.1376
    Episode_Reward/feet_y_distance: -0.0022
--------------------------------------------------------------------------------
                   Total timesteps: 6684672
                    Iteration time: 3.70s
                      Time elapsed: 00:02:06
                               ETA: 05:09:00

################################################################################
                      [1m Learning iteration 34/5000 [0m                      

                       Computation: 53140 steps/s (collection: 2.199s, learning 1.501s)
             Mean action noise std: 0.87
          Mean value_function loss: 0.0598
               Mean surrogate loss: 0.0016
                 Mean entropy loss: 26.8242
                     Mean amp loss: 0.0184
            Mean amp_grad_pen loss: 0.0541
         Mean amp_policy_pred loss: -0.9252
         Mean amp_expert_pred loss: 0.9215
                Mean symmetry loss: 0.0037
                       Mean reward: -0.98
               Mean episode length: 110.78
Episode_Reward/track_lin_vel_xy_exp: 0.2172
Episode_Reward/track_ang_vel_z_exp: 0.0247
       Episode_Reward/lin_vel_z_l2: -0.0028
      Episode_Reward/ang_vel_xy_l2: -0.0064
             Episode_Reward/energy: -0.0032
         Episode_Reward/dof_acc_l2: -0.0222
     Episode_Reward/action_rate_l2: -0.0382
 Episode_Reward/undesired_contacts: -0.0003
Episode_Reward/body_orientation_l2: -0.0123
Episode_Reward/flat_orientation_l2: -0.0074
Episode_Reward/termination_penalty: -0.2000
         Episode_Reward/feet_slide: -0.0030
         Episode_Reward/feet_force: -0.0018
      Episode_Reward/feet_too_near: -0.0008
       Episode_Reward/feet_stumble: 0.0000
     Episode_Reward/dof_pos_limits: -0.0069
Episode_Reward/joint_deviation_hip: -0.0019
Episode_Reward/joint_deviation_arms: -0.0003
Episode_Reward/joint_deviation_legs: -0.0002
Episode_Reward/joint_deviation_waist: -0.0007
Episode_Reward/gait_feet_frc_perio: 0.1147
Episode_Reward/gait_feet_spd_perio: 0.0307
Episode_Reward/gait_feet_frc_support_perio: 0.0564
       Episode_Reward/ankle_torque: -0.0055
       Episode_Reward/ankle_action: -0.0003
    Episode_Reward/hip_roll_action: -0.1327
     Episode_Reward/hip_yaw_action: -0.1268
    Episode_Reward/feet_y_distance: -0.0018
--------------------------------------------------------------------------------
                   Total timesteps: 6881280
                    Iteration time: 3.70s
                      Time elapsed: 00:02:10
                               ETA: 05:08:52

################################################################################
                      [1m Learning iteration 35/5000 [0m                      

                       Computation: 53187 steps/s (collection: 2.188s, learning 1.509s)
             Mean action noise std: 0.86
          Mean value_function loss: 0.0705
               Mean surrogate loss: 0.0014
                 Mean entropy loss: 26.6371
                     Mean amp loss: 0.0158
            Mean amp_grad_pen loss: 0.0518
         Mean amp_policy_pred loss: -0.9316
         Mean amp_expert_pred loss: 0.9293
                Mean symmetry loss: 0.0034
                       Mean reward: 1.44
               Mean episode length: 176.18
Episode_Reward/track_lin_vel_xy_exp: 0.3739
Episode_Reward/track_ang_vel_z_exp: 0.0362
       Episode_Reward/lin_vel_z_l2: -0.0034
      Episode_Reward/ang_vel_xy_l2: -0.0075
             Episode_Reward/energy: -0.0045
         Episode_Reward/dof_acc_l2: -0.0288
     Episode_Reward/action_rate_l2: -0.0560
 Episode_Reward/undesired_contacts: -0.0005
Episode_Reward/body_orientation_l2: -0.0120
Episode_Reward/flat_orientation_l2: -0.0072
Episode_Reward/termination_penalty: -0.2000
         Episode_Reward/feet_slide: -0.0041
         Episode_Reward/feet_force: -0.0023
      Episode_Reward/feet_too_near: -0.0011
       Episode_Reward/feet_stumble: 0.0000
     Episode_Reward/dof_pos_limits: -0.0101
Episode_Reward/joint_deviation_hip: -0.0017
Episode_Reward/joint_deviation_arms: -0.0002
Episode_Reward/joint_deviation_legs: -0.0002
Episode_Reward/joint_deviation_waist: -0.0006
Episode_Reward/gait_feet_frc_perio: 0.1657
Episode_Reward/gait_feet_spd_perio: 0.0511
Episode_Reward/gait_feet_frc_support_perio: 0.0856
       Episode_Reward/ankle_torque: -0.0083
       Episode_Reward/ankle_action: -0.0005
    Episode_Reward/hip_roll_action: -0.1924
     Episode_Reward/hip_yaw_action: -0.1843
    Episode_Reward/feet_y_distance: -0.0027
--------------------------------------------------------------------------------
                   Total timesteps: 7077888
                    Iteration time: 3.70s
                      Time elapsed: 00:02:14
                               ETA: 05:08:43

################################################################################
                      [1m Learning iteration 36/5000 [0m                      

                       Computation: 53212 steps/s (collection: 2.191s, learning 1.504s)
             Mean action noise std: 0.86
          Mean value_function loss: 0.0660
               Mean surrogate loss: 0.0044
                 Mean entropy loss: 26.4158
                     Mean amp loss: 0.0179
            Mean amp_grad_pen loss: 0.0542
         Mean amp_policy_pred loss: -0.9281
         Mean amp_expert_pred loss: 0.9259
                Mean symmetry loss: 0.0034
                       Mean reward: 1.17
               Mean episode length: 174.13
Episode_Reward/track_lin_vel_xy_exp: 0.3589
Episode_Reward/track_ang_vel_z_exp: 0.0378
       Episode_Reward/lin_vel_z_l2: -0.0035
      Episode_Reward/ang_vel_xy_l2: -0.0078
             Episode_Reward/energy: -0.0048
         Episode_Reward/dof_acc_l2: -0.0330
     Episode_Reward/action_rate_l2: -0.0593
 Episode_Reward/undesired_contacts: -0.0004
Episode_Reward/body_orientation_l2: -0.0123
Episode_Reward/flat_orientation_l2: -0.0074
Episode_Reward/termination_penalty: -0.2000
         Episode_Reward/feet_slide: -0.0040
         Episode_Reward/feet_force: -0.0028
      Episode_Reward/feet_too_near: -0.0013
       Episode_Reward/feet_stumble: 0.0000
     Episode_Reward/dof_pos_limits: -0.0107
Episode_Reward/joint_deviation_hip: -0.0006
Episode_Reward/joint_deviation_arms: -0.0001
Episode_Reward/joint_deviation_legs: -0.0001
Episode_Reward/joint_deviation_waist: -0.0003
Episode_Reward/gait_feet_frc_perio: 0.1886
Episode_Reward/gait_feet_spd_perio: 0.0585
Episode_Reward/gait_feet_frc_support_perio: 0.0938
       Episode_Reward/ankle_torque: -0.0087
       Episode_Reward/ankle_action: -0.0005
    Episode_Reward/hip_roll_action: -0.2042
     Episode_Reward/hip_yaw_action: -0.1965
    Episode_Reward/feet_y_distance: -0.0017
--------------------------------------------------------------------------------
                   Total timesteps: 7274496
                    Iteration time: 3.69s
                      Time elapsed: 00:02:18
                               ETA: 05:08:34

################################################################################
                      [1m Learning iteration 37/5000 [0m                      

                       Computation: 53437 steps/s (collection: 2.194s, learning 1.486s)
             Mean action noise std: 0.85
          Mean value_function loss: 0.0560
               Mean surrogate loss: -0.0000
                 Mean entropy loss: 26.2046
                     Mean amp loss: 0.0121
            Mean amp_grad_pen loss: 0.0461
         Mean amp_policy_pred loss: -0.9480
         Mean amp_expert_pred loss: 0.9316
                Mean symmetry loss: 0.0030
                       Mean reward: 1.95
               Mean episode length: 203.92
Episode_Reward/track_lin_vel_xy_exp: 0.4161
Episode_Reward/track_ang_vel_z_exp: 0.0455
       Episode_Reward/lin_vel_z_l2: -0.0035
      Episode_Reward/ang_vel_xy_l2: -0.0088
             Episode_Reward/energy: -0.0054
         Episode_Reward/dof_acc_l2: -0.0314
     Episode_Reward/action_rate_l2: -0.0669
 Episode_Reward/undesired_contacts: -0.0007
Episode_Reward/body_orientation_l2: -0.0128
Episode_Reward/flat_orientation_l2: -0.0077
Episode_Reward/termination_penalty: -0.2000
         Episode_Reward/feet_slide: -0.0044
         Episode_Reward/feet_force: -0.0031
      Episode_Reward/feet_too_near: -0.0019
       Episode_Reward/feet_stumble: 0.0000
     Episode_Reward/dof_pos_limits: -0.0127
Episode_Reward/joint_deviation_hip: -0.0004
Episode_Reward/joint_deviation_arms: -0.0001
Episode_Reward/joint_deviation_legs: -0.0000
Episode_Reward/joint_deviation_waist: -0.0002
Episode_Reward/gait_feet_frc_perio: 0.2144
Episode_Reward/gait_feet_spd_perio: 0.0697
Episode_Reward/gait_feet_frc_support_perio: 0.1077
       Episode_Reward/ankle_torque: -0.0100
       Episode_Reward/ankle_action: -0.0006
    Episode_Reward/hip_roll_action: -0.2323
     Episode_Reward/hip_yaw_action: -0.2199
    Episode_Reward/feet_y_distance: -0.0018
--------------------------------------------------------------------------------
                   Total timesteps: 7471104
                    Iteration time: 3.68s
                      Time elapsed: 00:02:21
                               ETA: 05:08:24

################################################################################
                      [1m Learning iteration 38/5000 [0m                      

                       Computation: 53375 steps/s (collection: 2.184s, learning 1.499s)
             Mean action noise std: 0.84
          Mean value_function loss: 0.0503
               Mean surrogate loss: -0.0022
                 Mean entropy loss: 25.9674
                     Mean amp loss: 0.0147
            Mean amp_grad_pen loss: 0.0476
         Mean amp_policy_pred loss: -0.9336
         Mean amp_expert_pred loss: 0.9318
                Mean symmetry loss: 0.0029
                       Mean reward: 1.99
               Mean episode length: 225.19
Episode_Reward/track_lin_vel_xy_exp: 0.4035
Episode_Reward/track_ang_vel_z_exp: 0.0473
       Episode_Reward/lin_vel_z_l2: -0.0039
      Episode_Reward/ang_vel_xy_l2: -0.0091
             Episode_Reward/energy: -0.0058
         Episode_Reward/dof_acc_l2: -0.0380
     Episode_Reward/action_rate_l2: -0.0716
 Episode_Reward/undesired_contacts: -0.0005
Episode_Reward/body_orientation_l2: -0.0136
Episode_Reward/flat_orientation_l2: -0.0082
Episode_Reward/termination_penalty: -0.2000
         Episode_Reward/feet_slide: -0.0048
         Episode_Reward/feet_force: -0.0033
      Episode_Reward/feet_too_near: -0.0018
       Episode_Reward/feet_stumble: 0.0000
     Episode_Reward/dof_pos_limits: -0.0135
Episode_Reward/joint_deviation_hip: -0.0016
Episode_Reward/joint_deviation_arms: -0.0002
Episode_Reward/joint_deviation_legs: -0.0002
Episode_Reward/joint_deviation_waist: -0.0005
Episode_Reward/gait_feet_frc_perio: 0.2339
Episode_Reward/gait_feet_spd_perio: 0.0764
Episode_Reward/gait_feet_frc_support_perio: 0.1156
       Episode_Reward/ankle_torque: -0.0107
       Episode_Reward/ankle_action: -0.0006
    Episode_Reward/hip_roll_action: -0.2484
     Episode_Reward/hip_yaw_action: -0.2326
    Episode_Reward/feet_y_distance: -0.0013
--------------------------------------------------------------------------------
                   Total timesteps: 7667712
                    Iteration time: 3.68s
                      Time elapsed: 00:02:25
                               ETA: 05:08:15

################################################################################
                      [1m Learning iteration 39/5000 [0m                      

                       Computation: 53455 steps/s (collection: 2.180s, learning 1.498s)
             Mean action noise std: 0.83
          Mean value_function loss: 0.0683
               Mean surrogate loss: 0.0027
                 Mean entropy loss: 25.8122
                     Mean amp loss: 0.0158
            Mean amp_grad_pen loss: 0.0511
         Mean amp_policy_pred loss: -0.9305
         Mean amp_expert_pred loss: 0.9282
                Mean symmetry loss: 0.0029
                       Mean reward: 1.35
               Mean episode length: 209.70
Episode_Reward/track_lin_vel_xy_exp: 0.3458
Episode_Reward/track_ang_vel_z_exp: 0.0440
       Episode_Reward/lin_vel_z_l2: -0.0039
      Episode_Reward/ang_vel_xy_l2: -0.0092
             Episode_Reward/energy: -0.0059
         Episode_Reward/dof_acc_l2: -0.0414
     Episode_Reward/action_rate_l2: -0.0720
 Episode_Reward/undesired_contacts: -0.0005
Episode_Reward/body_orientation_l2: -0.0136
Episode_Reward/flat_orientation_l2: -0.0081
Episode_Reward/termination_penalty: -0.2000
         Episode_Reward/feet_slide: -0.0050
         Episode_Reward/feet_force: -0.0034
      Episode_Reward/feet_too_near: -0.0015
       Episode_Reward/feet_stumble: 0.0000
     Episode_Reward/dof_pos_limits: -0.0138
Episode_Reward/joint_deviation_hip: -0.0026
Episode_Reward/joint_deviation_arms: -0.0003
Episode_Reward/joint_deviation_legs: -0.0003
Episode_Reward/joint_deviation_waist: -0.0011
Episode_Reward/gait_feet_frc_perio: 0.2341
Episode_Reward/gait_feet_spd_perio: 0.0735
Episode_Reward/gait_feet_frc_support_perio: 0.1150
       Episode_Reward/ankle_torque: -0.0110
       Episode_Reward/ankle_action: -0.0007
    Episode_Reward/hip_roll_action: -0.2488
     Episode_Reward/hip_yaw_action: -0.2333
    Episode_Reward/feet_y_distance: -0.0024
--------------------------------------------------------------------------------
                   Total timesteps: 7864320
                    Iteration time: 3.68s
                      Time elapsed: 00:02:29
                               ETA: 05:08:05

################################################################################
                      [1m Learning iteration 40/5000 [0m                      

                       Computation: 53339 steps/s (collection: 2.185s, learning 1.501s)
             Mean action noise std: 0.82
          Mean value_function loss: 0.0451
               Mean surrogate loss: -0.0008
                 Mean entropy loss: 25.5045
                     Mean amp loss: 0.0151
            Mean amp_grad_pen loss: 0.0502
         Mean amp_policy_pred loss: -0.9332
         Mean amp_expert_pred loss: 0.9308
                Mean symmetry loss: 0.0028
                       Mean reward: 1.95
               Mean episode length: 233.86
Episode_Reward/track_lin_vel_xy_exp: 0.6063
Episode_Reward/track_ang_vel_z_exp: 0.0598
       Episode_Reward/lin_vel_z_l2: -0.0048
      Episode_Reward/ang_vel_xy_l2: -0.0114
             Episode_Reward/energy: -0.0080
         Episode_Reward/dof_acc_l2: -0.0545
     Episode_Reward/action_rate_l2: -0.1025
 Episode_Reward/undesired_contacts: -0.0008
Episode_Reward/body_orientation_l2: -0.0132
Episode_Reward/flat_orientation_l2: -0.0079
Episode_Reward/termination_penalty: -0.2000
         Episode_Reward/feet_slide: -0.0068
         Episode_Reward/feet_force: -0.0041
      Episode_Reward/feet_too_near: -0.0028
       Episode_Reward/feet_stumble: 0.0000
     Episode_Reward/dof_pos_limits: -0.0195
Episode_Reward/joint_deviation_hip: -0.0002
Episode_Reward/joint_deviation_arms: -0.0000
Episode_Reward/joint_deviation_legs: -0.0000
Episode_Reward/joint_deviation_waist: -0.0001
Episode_Reward/gait_feet_frc_perio: 0.3395
Episode_Reward/gait_feet_spd_perio: 0.1192
Episode_Reward/gait_feet_frc_support_perio: 0.1730
       Episode_Reward/ankle_torque: -0.0151
       Episode_Reward/ankle_action: -0.0009
    Episode_Reward/hip_roll_action: -0.3528
     Episode_Reward/hip_yaw_action: -0.3366
    Episode_Reward/feet_y_distance: -0.0009
--------------------------------------------------------------------------------
                   Total timesteps: 8060928
                    Iteration time: 3.69s
                      Time elapsed: 00:02:32
                               ETA: 05:07:56

################################################################################
                      [1m Learning iteration 41/5000 [0m                      

                       Computation: 53392 steps/s (collection: 2.181s, learning 1.501s)
             Mean action noise std: 0.82
          Mean value_function loss: 0.0425
               Mean surrogate loss: 0.0029
                 Mean entropy loss: 25.3482
                     Mean amp loss: 0.0135
            Mean amp_grad_pen loss: 0.0474
         Mean amp_policy_pred loss: -0.9400
         Mean amp_expert_pred loss: 0.9329
                Mean symmetry loss: 0.0026
                       Mean reward: 2.60
               Mean episode length: 258.61
Episode_Reward/track_lin_vel_xy_exp: 0.3911
Episode_Reward/track_ang_vel_z_exp: 0.0650
       Episode_Reward/lin_vel_z_l2: -0.0049
      Episode_Reward/ang_vel_xy_l2: -0.0124
             Episode_Reward/energy: -0.0081
         Episode_Reward/dof_acc_l2: -0.0479
     Episode_Reward/action_rate_l2: -0.1002
 Episode_Reward/undesired_contacts: -0.0005
Episode_Reward/body_orientation_l2: -0.0146
Episode_Reward/flat_orientation_l2: -0.0087
Episode_Reward/termination_penalty: -0.2000
         Episode_Reward/feet_slide: -0.0068
         Episode_Reward/feet_force: -0.0050
      Episode_Reward/feet_too_near: -0.0023
       Episode_Reward/feet_stumble: 0.0000
     Episode_Reward/dof_pos_limits: -0.0202
Episode_Reward/joint_deviation_hip: -0.0008
Episode_Reward/joint_deviation_arms: -0.0001
Episode_Reward/joint_deviation_legs: -0.0001
Episode_Reward/joint_deviation_waist: -0.0002
Episode_Reward/gait_feet_frc_perio: 0.3527
Episode_Reward/gait_feet_spd_perio: 0.1189
Episode_Reward/gait_feet_frc_support_perio: 0.1744
       Episode_Reward/ankle_torque: -0.0154
       Episode_Reward/ankle_action: -0.0009
    Episode_Reward/hip_roll_action: -0.3506
     Episode_Reward/hip_yaw_action: -0.3299
    Episode_Reward/feet_y_distance: -0.0015
--------------------------------------------------------------------------------
                   Total timesteps: 8257536
                    Iteration time: 3.68s
                      Time elapsed: 00:02:36
                               ETA: 05:07:47

################################################################################
                      [1m Learning iteration 42/5000 [0m                      

                       Computation: 53106 steps/s (collection: 2.172s, learning 1.530s)
             Mean action noise std: 0.81
          Mean value_function loss: 0.0846
               Mean surrogate loss: -0.0008
                 Mean entropy loss: 25.1086
                     Mean amp loss: 0.0174
            Mean amp_grad_pen loss: 0.0554
         Mean amp_policy_pred loss: -0.9234
         Mean amp_expert_pred loss: 0.9244
                Mean symmetry loss: 0.0027
                       Mean reward: 3.17
               Mean episode length: 283.63
Episode_Reward/track_lin_vel_xy_exp: 0.4483
Episode_Reward/track_ang_vel_z_exp: 0.0645
       Episode_Reward/lin_vel_z_l2: -0.0048
      Episode_Reward/ang_vel_xy_l2: -0.0123
             Episode_Reward/energy: -0.0082
         Episode_Reward/dof_acc_l2: -0.0492
     Episode_Reward/action_rate_l2: -0.1031
 Episode_Reward/undesired_contacts: -0.0007
Episode_Reward/body_orientation_l2: -0.0148
Episode_Reward/flat_orientation_l2: -0.0089
Episode_Reward/termination_penalty: -0.2000
         Episode_Reward/feet_slide: -0.0068
         Episode_Reward/feet_force: -0.0052
      Episode_Reward/feet_too_near: -0.0026
       Episode_Reward/feet_stumble: 0.0000
     Episode_Reward/dof_pos_limits: -0.0199
Episode_Reward/joint_deviation_hip: 0.0000
Episode_Reward/joint_deviation_arms: 0.0000
Episode_Reward/joint_deviation_legs: 0.0000
Episode_Reward/joint_deviation_waist: 0.0000
Episode_Reward/gait_feet_frc_perio: 0.3656
Episode_Reward/gait_feet_spd_perio: 0.1219
Episode_Reward/gait_feet_frc_support_perio: 0.1781
       Episode_Reward/ankle_torque: -0.0159
       Episode_Reward/ankle_action: -0.0009
    Episode_Reward/hip_roll_action: -0.3583
     Episode_Reward/hip_yaw_action: -0.3367
    Episode_Reward/feet_y_distance: -0.0021
--------------------------------------------------------------------------------
                   Total timesteps: 8454144
                    Iteration time: 3.70s
                      Time elapsed: 00:02:40
                               ETA: 05:07:41

################################################################################
                      [1m Learning iteration 43/5000 [0m                      

                       Computation: 53615 steps/s (collection: 2.188s, learning 1.479s)
             Mean action noise std: 0.80
          Mean value_function loss: 0.1661
               Mean surrogate loss: 0.0020
                 Mean entropy loss: 25.0056
                     Mean amp loss: 0.0172
            Mean amp_grad_pen loss: 0.0548
         Mean amp_policy_pred loss: -0.9272
         Mean amp_expert_pred loss: 0.9207
                Mean symmetry loss: 0.0027
                       Mean reward: 7.20
               Mean episode length: 355.60
Episode_Reward/track_lin_vel_xy_exp: 0.9990
Episode_Reward/track_ang_vel_z_exp: 0.0906
       Episode_Reward/lin_vel_z_l2: -0.0059
      Episode_Reward/ang_vel_xy_l2: -0.0159
             Episode_Reward/energy: -0.0101
         Episode_Reward/dof_acc_l2: -0.0635
     Episode_Reward/action_rate_l2: -0.1304
 Episode_Reward/undesired_contacts: -0.0003
Episode_Reward/body_orientation_l2: -0.0156
Episode_Reward/flat_orientation_l2: -0.0093
Episode_Reward/termination_penalty: -0.2000
         Episode_Reward/feet_slide: -0.0094
         Episode_Reward/feet_force: -0.0060
      Episode_Reward/feet_too_near: -0.0020
       Episode_Reward/feet_stumble: 0.0000
     Episode_Reward/dof_pos_limits: -0.0239
Episode_Reward/joint_deviation_hip: -0.0085
Episode_Reward/joint_deviation_arms: -0.0011
Episode_Reward/joint_deviation_legs: -0.0008
Episode_Reward/joint_deviation_waist: -0.0032
Episode_Reward/gait_feet_frc_perio: 0.4130
Episode_Reward/gait_feet_spd_perio: 0.1417
Episode_Reward/gait_feet_frc_support_perio: 0.2161
       Episode_Reward/ankle_torque: -0.0199
       Episode_Reward/ankle_action: -0.0012
    Episode_Reward/hip_roll_action: -0.4438
     Episode_Reward/hip_yaw_action: -0.4260
    Episode_Reward/feet_y_distance: -0.0088
--------------------------------------------------------------------------------
                   Total timesteps: 8650752
                    Iteration time: 3.67s
                      Time elapsed: 00:02:43
                               ETA: 05:07:31

################################################################################
                      [1m Learning iteration 44/5000 [0m                      

                       Computation: 52825 steps/s (collection: 2.200s, learning 1.522s)
             Mean action noise std: 0.80
          Mean value_function loss: 0.2078
               Mean surrogate loss: -0.0013
                 Mean entropy loss: 24.8831
                     Mean amp loss: 0.0162
            Mean amp_grad_pen loss: 0.0579
         Mean amp_policy_pred loss: -0.9244
         Mean amp_expert_pred loss: 0.9276
                Mean symmetry loss: 0.0027
                       Mean reward: 11.46
               Mean episode length: 437.57
Episode_Reward/track_lin_vel_xy_exp: 1.0785
Episode_Reward/track_ang_vel_z_exp: 0.1047
       Episode_Reward/lin_vel_z_l2: -0.0068
      Episode_Reward/ang_vel_xy_l2: -0.0181
             Episode_Reward/energy: -0.0116
         Episode_Reward/dof_acc_l2: -0.0772
     Episode_Reward/action_rate_l2: -0.1477
 Episode_Reward/undesired_contacts: -0.0002
Episode_Reward/body_orientation_l2: -0.0155
Episode_Reward/flat_orientation_l2: -0.0093
Episode_Reward/termination_penalty: -0.2000
         Episode_Reward/feet_slide: -0.0104
         Episode_Reward/feet_force: -0.0071
      Episode_Reward/feet_too_near: -0.0022
       Episode_Reward/feet_stumble: 0.0000
     Episode_Reward/dof_pos_limits: -0.0269
Episode_Reward/joint_deviation_hip: -0.0084
Episode_Reward/joint_deviation_arms: -0.0011
Episode_Reward/joint_deviation_legs: -0.0008
Episode_Reward/joint_deviation_waist: -0.0031
Episode_Reward/gait_feet_frc_perio: 0.4953
Episode_Reward/gait_feet_spd_perio: 0.1695
Episode_Reward/gait_feet_frc_support_perio: 0.2516
       Episode_Reward/ankle_torque: -0.0224
       Episode_Reward/ankle_action: -0.0013
    Episode_Reward/hip_roll_action: -0.5081
     Episode_Reward/hip_yaw_action: -0.4818
    Episode_Reward/feet_y_distance: -0.0070
--------------------------------------------------------------------------------
                   Total timesteps: 8847360
                    Iteration time: 3.72s
                      Time elapsed: 00:02:47
                               ETA: 05:07:27

################################################################################
                      [1m Learning iteration 45/5000 [0m                      

                       Computation: 52941 steps/s (collection: 2.204s, learning 1.510s)
             Mean action noise std: 0.80
          Mean value_function loss: 0.3063
               Mean surrogate loss: -0.0010
                 Mean entropy loss: 24.8662
                     Mean amp loss: 0.0166
            Mean amp_grad_pen loss: 0.0542
         Mean amp_policy_pred loss: -0.9243
         Mean amp_expert_pred loss: 0.9238
                Mean symmetry loss: 0.0027
                       Mean reward: 12.34
               Mean episode length: 468.82
Episode_Reward/track_lin_vel_xy_exp: 1.1886
Episode_Reward/track_ang_vel_z_exp: 0.1154
       Episode_Reward/lin_vel_z_l2: -0.0068
      Episode_Reward/ang_vel_xy_l2: -0.0187
             Episode_Reward/energy: -0.0121
         Episode_Reward/dof_acc_l2: -0.0818
     Episode_Reward/action_rate_l2: -0.1547
 Episode_Reward/undesired_contacts: -0.0003
Episode_Reward/body_orientation_l2: -0.0161
Episode_Reward/flat_orientation_l2: -0.0096
Episode_Reward/termination_penalty: -0.2000
         Episode_Reward/feet_slide: -0.0111
         Episode_Reward/feet_force: -0.0070
      Episode_Reward/feet_too_near: -0.0022
       Episode_Reward/feet_stumble: 0.0000
     Episode_Reward/dof_pos_limits: -0.0283
Episode_Reward/joint_deviation_hip: -0.0113
Episode_Reward/joint_deviation_arms: -0.0015
Episode_Reward/joint_deviation_legs: -0.0010
Episode_Reward/joint_deviation_waist: -0.0043
Episode_Reward/gait_feet_frc_perio: 0.5114
Episode_Reward/gait_feet_spd_perio: 0.1771
Episode_Reward/gait_feet_frc_support_perio: 0.2623
       Episode_Reward/ankle_torque: -0.0234
       Episode_Reward/ankle_action: -0.0014
    Episode_Reward/hip_roll_action: -0.5283
     Episode_Reward/hip_yaw_action: -0.5054
    Episode_Reward/feet_y_distance: -0.0076
--------------------------------------------------------------------------------
                   Total timesteps: 9043968
                    Iteration time: 3.71s
                      Time elapsed: 00:02:51
                               ETA: 05:07:23

################################################################################
                      [1m Learning iteration 46/5000 [0m                      

                       Computation: 53012 steps/s (collection: 2.206s, learning 1.503s)
             Mean action noise std: 0.80
          Mean value_function loss: 0.3382
               Mean surrogate loss: -0.0004
                 Mean entropy loss: 24.8226
                     Mean amp loss: 0.0187
            Mean amp_grad_pen loss: 0.0612
         Mean amp_policy_pred loss: -0.9212
         Mean amp_expert_pred loss: 0.9198
                Mean symmetry loss: 0.0028
                       Mean reward: 14.30
               Mean episode length: 474.85
Episode_Reward/track_lin_vel_xy_exp: 1.3003
Episode_Reward/track_ang_vel_z_exp: 0.1171
       Episode_Reward/lin_vel_z_l2: -0.0068
      Episode_Reward/ang_vel_xy_l2: -0.0187
             Episode_Reward/energy: -0.0120
         Episode_Reward/dof_acc_l2: -0.0763
     Episode_Reward/action_rate_l2: -0.1518
 Episode_Reward/undesired_contacts: -0.0002
Episode_Reward/body_orientation_l2: -0.0169
Episode_Reward/flat_orientation_l2: -0.0101
Episode_Reward/termination_penalty: -0.2000
         Episode_Reward/feet_slide: -0.0106
         Episode_Reward/feet_force: -0.0071
      Episode_Reward/feet_too_near: -0.0020
       Episode_Reward/feet_stumble: 0.0000
     Episode_Reward/dof_pos_limits: -0.0271
Episode_Reward/joint_deviation_hip: -0.0124
Episode_Reward/joint_deviation_arms: -0.0017
Episode_Reward/joint_deviation_legs: -0.0011
Episode_Reward/joint_deviation_waist: -0.0046
Episode_Reward/gait_feet_frc_perio: 0.5085
Episode_Reward/gait_feet_spd_perio: 0.1767
Episode_Reward/gait_feet_frc_support_perio: 0.2573
       Episode_Reward/ankle_torque: -0.0228
       Episode_Reward/ankle_action: -0.0014
    Episode_Reward/hip_roll_action: -0.5178
     Episode_Reward/hip_yaw_action: -0.4952
    Episode_Reward/feet_y_distance: -0.0090
--------------------------------------------------------------------------------
                   Total timesteps: 9240576
                    Iteration time: 3.71s
                      Time elapsed: 00:02:54
                               ETA: 05:07:17

################################################################################
                      [1m Learning iteration 47/5000 [0m                      

                       Computation: 53062 steps/s (collection: 2.198s, learning 1.507s)
             Mean action noise std: 0.80
          Mean value_function loss: 0.4040
               Mean surrogate loss: -0.0020
                 Mean entropy loss: 24.8051
                     Mean amp loss: 0.0145
            Mean amp_grad_pen loss: 0.0512
         Mean amp_policy_pred loss: -0.9419
         Mean amp_expert_pred loss: 0.9229
                Mean symmetry loss: 0.0027
                       Mean reward: 14.63
               Mean episode length: 458.37
Episode_Reward/track_lin_vel_xy_exp: 1.3031
Episode_Reward/track_ang_vel_z_exp: 0.1208
       Episode_Reward/lin_vel_z_l2: -0.0072
      Episode_Reward/ang_vel_xy_l2: -0.0198
             Episode_Reward/energy: -0.0126
         Episode_Reward/dof_acc_l2: -0.0811
     Episode_Reward/action_rate_l2: -0.1596
 Episode_Reward/undesired_contacts: -0.0002
Episode_Reward/body_orientation_l2: -0.0176
Episode_Reward/flat_orientation_l2: -0.0106
Episode_Reward/termination_penalty: -0.2000
         Episode_Reward/feet_slide: -0.0112
         Episode_Reward/feet_force: -0.0072
      Episode_Reward/feet_too_near: -0.0023
       Episode_Reward/feet_stumble: 0.0000
     Episode_Reward/dof_pos_limits: -0.0286
Episode_Reward/joint_deviation_hip: -0.0112
Episode_Reward/joint_deviation_arms: -0.0015
Episode_Reward/joint_deviation_legs: -0.0010
Episode_Reward/joint_deviation_waist: -0.0041
Episode_Reward/gait_feet_frc_perio: 0.5537
Episode_Reward/gait_feet_spd_perio: 0.1908
Episode_Reward/gait_feet_frc_support_perio: 0.2753
       Episode_Reward/ankle_torque: -0.0240
       Episode_Reward/ankle_action: -0.0015
    Episode_Reward/hip_roll_action: -0.5458
     Episode_Reward/hip_yaw_action: -0.5200
    Episode_Reward/feet_y_distance: -0.0079
--------------------------------------------------------------------------------
                   Total timesteps: 9437184
                    Iteration time: 3.71s
                      Time elapsed: 00:02:58
                               ETA: 05:07:12

################################################################################
                      [1m Learning iteration 48/5000 [0m                      

                       Computation: 53108 steps/s (collection: 2.199s, learning 1.503s)
             Mean action noise std: 0.80
          Mean value_function loss: 0.4857
               Mean surrogate loss: -0.0028
                 Mean entropy loss: 24.8166
                     Mean amp loss: 0.0175
            Mean amp_grad_pen loss: 0.0592
         Mean amp_policy_pred loss: -0.9243
         Mean amp_expert_pred loss: 0.9223
                Mean symmetry loss: 0.0028
                       Mean reward: 14.50
               Mean episode length: 471.66
Episode_Reward/track_lin_vel_xy_exp: 1.2792
Episode_Reward/track_ang_vel_z_exp: 0.1174
       Episode_Reward/lin_vel_z_l2: -0.0071
      Episode_Reward/ang_vel_xy_l2: -0.0196
             Episode_Reward/energy: -0.0125
         Episode_Reward/dof_acc_l2: -0.0823
     Episode_Reward/action_rate_l2: -0.1580
 Episode_Reward/undesired_contacts: -0.0002
Episode_Reward/body_orientation_l2: -0.0171
Episode_Reward/flat_orientation_l2: -0.0103
Episode_Reward/termination_penalty: -0.2000
         Episode_Reward/feet_slide: -0.0111
         Episode_Reward/feet_force: -0.0074
      Episode_Reward/feet_too_near: -0.0022
       Episode_Reward/feet_stumble: 0.0000
     Episode_Reward/dof_pos_limits: -0.0284
Episode_Reward/joint_deviation_hip: -0.0115
Episode_Reward/joint_deviation_arms: -0.0015
Episode_Reward/joint_deviation_legs: -0.0010
Episode_Reward/joint_deviation_waist: -0.0042
Episode_Reward/gait_feet_frc_perio: 0.5548
Episode_Reward/gait_feet_spd_perio: 0.1906
Episode_Reward/gait_feet_frc_support_perio: 0.2749
       Episode_Reward/ankle_torque: -0.0239
       Episode_Reward/ankle_action: -0.0015
    Episode_Reward/hip_roll_action: -0.5394
     Episode_Reward/hip_yaw_action: -0.5126
    Episode_Reward/feet_y_distance: -0.0080
--------------------------------------------------------------------------------
                   Total timesteps: 9633792
                    Iteration time: 3.70s
                      Time elapsed: 00:03:02
                               ETA: 05:07:06

################################################################################
                      [1m Learning iteration 49/5000 [0m                      

                       Computation: 53203 steps/s (collection: 2.205s, learning 1.491s)
             Mean action noise std: 0.80
          Mean value_function loss: 0.5323
               Mean surrogate loss: -0.0027
                 Mean entropy loss: 24.8184
                     Mean amp loss: 0.0175
            Mean amp_grad_pen loss: 0.0605
         Mean amp_policy_pred loss: -0.9236
         Mean amp_expert_pred loss: 0.9186
                Mean symmetry loss: 0.0029
                       Mean reward: 16.59
               Mean episode length: 521.93
Episode_Reward/track_lin_vel_xy_exp: 1.4025
Episode_Reward/track_ang_vel_z_exp: 0.1280
       Episode_Reward/lin_vel_z_l2: -0.0076
      Episode_Reward/ang_vel_xy_l2: -0.0207
             Episode_Reward/energy: -0.0134
         Episode_Reward/dof_acc_l2: -0.0849
     Episode_Reward/action_rate_l2: -0.1682
 Episode_Reward/undesired_contacts: -0.0002
Episode_Reward/body_orientation_l2: -0.0184
Episode_Reward/flat_orientation_l2: -0.0111
Episode_Reward/termination_penalty: -0.2000
         Episode_Reward/feet_slide: -0.0117
         Episode_Reward/feet_force: -0.0074
      Episode_Reward/feet_too_near: -0.0025
       Episode_Reward/feet_stumble: 0.0000
     Episode_Reward/dof_pos_limits: -0.0305
Episode_Reward/joint_deviation_hip: -0.0124
Episode_Reward/joint_deviation_arms: -0.0016
Episode_Reward/joint_deviation_legs: -0.0011
Episode_Reward/joint_deviation_waist: -0.0046
Episode_Reward/gait_feet_frc_perio: 0.5941
Episode_Reward/gait_feet_spd_perio: 0.2040
Episode_Reward/gait_feet_frc_support_perio: 0.2929
       Episode_Reward/ankle_torque: -0.0255
       Episode_Reward/ankle_action: -0.0016
    Episode_Reward/hip_roll_action: -0.5759
     Episode_Reward/hip_yaw_action: -0.5453
    Episode_Reward/feet_y_distance: -0.0086
--------------------------------------------------------------------------------
                   Total timesteps: 9830400
                    Iteration time: 3.70s
                      Time elapsed: 00:03:06
                               ETA: 05:07:00

################################################################################
                      [1m Learning iteration 50/5000 [0m                      

                       Computation: 53439 steps/s (collection: 2.195s, learning 1.484s)
             Mean action noise std: 0.80
          Mean value_function loss: 0.5631
               Mean surrogate loss: -0.0032
                 Mean entropy loss: 24.8327
                     Mean amp loss: 0.0212
            Mean amp_grad_pen loss: 0.0662
         Mean amp_policy_pred loss: -0.9091
         Mean amp_expert_pred loss: 0.9113
                Mean symmetry loss: 0.0029
                       Mean reward: 17.82
               Mean episode length: 549.40
Episode_Reward/track_lin_vel_xy_exp: 1.4676
Episode_Reward/track_ang_vel_z_exp: 0.1313
       Episode_Reward/lin_vel_z_l2: -0.0078
      Episode_Reward/ang_vel_xy_l2: -0.0214
             Episode_Reward/energy: -0.0138
         Episode_Reward/dof_acc_l2: -0.0863
     Episode_Reward/action_rate_l2: -0.1722
 Episode_Reward/undesired_contacts: -0.0002
Episode_Reward/body_orientation_l2: -0.0185
Episode_Reward/flat_orientation_l2: -0.0111
Episode_Reward/termination_penalty: -0.1996
         Episode_Reward/feet_slide: -0.0119
         Episode_Reward/feet_force: -0.0079
      Episode_Reward/feet_too_near: -0.0024
       Episode_Reward/feet_stumble: 0.0000
     Episode_Reward/dof_pos_limits: -0.0310
Episode_Reward/joint_deviation_hip: -0.0118
Episode_Reward/joint_deviation_arms: -0.0016
Episode_Reward/joint_deviation_legs: -0.0011
Episode_Reward/joint_deviation_waist: -0.0043
Episode_Reward/gait_feet_frc_perio: 0.6310
Episode_Reward/gait_feet_spd_perio: 0.2155
Episode_Reward/gait_feet_frc_support_perio: 0.3047
       Episode_Reward/ankle_torque: -0.0261
       Episode_Reward/ankle_action: -0.0016
    Episode_Reward/hip_roll_action: -0.5890
     Episode_Reward/hip_yaw_action: -0.5575
    Episode_Reward/feet_y_distance: -0.0079
--------------------------------------------------------------------------------
                   Total timesteps: 10027008
                    Iteration time: 3.68s
                      Time elapsed: 00:03:09
                               ETA: 05:06:52

################################################################################
                      [1m Learning iteration 51/5000 [0m                      

                       Computation: 53007 steps/s (collection: 2.198s, learning 1.511s)
             Mean action noise std: 0.80
          Mean value_function loss: 0.6154
               Mean surrogate loss: -0.0034
                 Mean entropy loss: 24.8541
                     Mean amp loss: 0.0208
            Mean amp_grad_pen loss: 0.0610
         Mean amp_policy_pred loss: -0.9132
         Mean amp_expert_pred loss: 0.9091
                Mean symmetry loss: 0.0030
                       Mean reward: 18.04
               Mean episode length: 505.47
Episode_Reward/track_lin_vel_xy_exp: 1.5104
Episode_Reward/track_ang_vel_z_exp: 0.1340
       Episode_Reward/lin_vel_z_l2: -0.0077
      Episode_Reward/ang_vel_xy_l2: -0.0213
             Episode_Reward/energy: -0.0138
         Episode_Reward/dof_acc_l2: -0.0890
     Episode_Reward/action_rate_l2: -0.1718
 Episode_Reward/undesired_contacts: -0.0002
Episode_Reward/body_orientation_l2: -0.0185
Episode_Reward/flat_orientation_l2: -0.0111
Episode_Reward/termination_penalty: -0.1992
         Episode_Reward/feet_slide: -0.0121
         Episode_Reward/feet_force: -0.0081
      Episode_Reward/feet_too_near: -0.0025
       Episode_Reward/feet_stumble: 0.0000
     Episode_Reward/dof_pos_limits: -0.0308
Episode_Reward/joint_deviation_hip: -0.0137
Episode_Reward/joint_deviation_arms: -0.0018
Episode_Reward/joint_deviation_legs: -0.0012
Episode_Reward/joint_deviation_waist: -0.0050
Episode_Reward/gait_feet_frc_perio: 0.6224
Episode_Reward/gait_feet_spd_perio: 0.2135
Episode_Reward/gait_feet_frc_support_perio: 0.3020
       Episode_Reward/ankle_torque: -0.0261
       Episode_Reward/ankle_action: -0.0016
    Episode_Reward/hip_roll_action: -0.5874
     Episode_Reward/hip_yaw_action: -0.5547
    Episode_Reward/feet_y_distance: -0.0091
--------------------------------------------------------------------------------
                   Total timesteps: 10223616
                    Iteration time: 3.71s
                      Time elapsed: 00:03:13
                               ETA: 05:06:48

################################################################################
                      [1m Learning iteration 52/5000 [0m                      

                       Computation: 53027 steps/s (collection: 2.201s, learning 1.506s)
             Mean action noise std: 0.81
          Mean value_function loss: 0.6477
               Mean surrogate loss: -0.0022
                 Mean entropy loss: 24.8818
                     Mean amp loss: 0.0172
            Mean amp_grad_pen loss: 0.0564
         Mean amp_policy_pred loss: -0.9262
         Mean amp_expert_pred loss: 0.9219
                Mean symmetry loss: 0.0030
                       Mean reward: 18.98
               Mean episode length: 557.68
Episode_Reward/track_lin_vel_xy_exp: 1.5108
Episode_Reward/track_ang_vel_z_exp: 0.1373
       Episode_Reward/lin_vel_z_l2: -0.0079
      Episode_Reward/ang_vel_xy_l2: -0.0217
             Episode_Reward/energy: -0.0141
         Episode_Reward/dof_acc_l2: -0.0892
     Episode_Reward/action_rate_l2: -0.1753
 Episode_Reward/undesired_contacts: -0.0002
Episode_Reward/body_orientation_l2: -0.0189
Episode_Reward/flat_orientation_l2: -0.0114
Episode_Reward/termination_penalty: -0.1983
         Episode_Reward/feet_slide: -0.0122
         Episode_Reward/feet_force: -0.0081
      Episode_Reward/feet_too_near: -0.0025
       Episode_Reward/feet_stumble: 0.0000
     Episode_Reward/dof_pos_limits: -0.0314
Episode_Reward/joint_deviation_hip: -0.0137
Episode_Reward/joint_deviation_arms: -0.0019
Episode_Reward/joint_deviation_legs: -0.0012
Episode_Reward/joint_deviation_waist: -0.0050
Episode_Reward/gait_feet_frc_perio: 0.6453
Episode_Reward/gait_feet_spd_perio: 0.2207
Episode_Reward/gait_feet_frc_support_perio: 0.3107
       Episode_Reward/ankle_torque: -0.0266
       Episode_Reward/ankle_action: -0.0016
    Episode_Reward/hip_roll_action: -0.5990
     Episode_Reward/hip_yaw_action: -0.5657
    Episode_Reward/feet_y_distance: -0.0090
--------------------------------------------------------------------------------
                   Total timesteps: 10420224
                    Iteration time: 3.71s
                      Time elapsed: 00:03:17
                               ETA: 05:06:43

################################################################################
                      [1m Learning iteration 53/5000 [0m                      

                       Computation: 52946 steps/s (collection: 2.201s, learning 1.512s)
             Mean action noise std: 0.81
          Mean value_function loss: 0.5556
               Mean surrogate loss: -0.0035
                 Mean entropy loss: 24.9055
                     Mean amp loss: 0.0170
            Mean amp_grad_pen loss: 0.0519
         Mean amp_policy_pred loss: -0.9276
         Mean amp_expert_pred loss: 0.9237
                Mean symmetry loss: 0.0031
                       Mean reward: 19.11
               Mean episode length: 551.68
Episode_Reward/track_lin_vel_xy_exp: 1.5673
Episode_Reward/track_ang_vel_z_exp: 0.1414
       Episode_Reward/lin_vel_z_l2: -0.0080
      Episode_Reward/ang_vel_xy_l2: -0.0220
             Episode_Reward/energy: -0.0143
         Episode_Reward/dof_acc_l2: -0.0895
     Episode_Reward/action_rate_l2: -0.1773
 Episode_Reward/undesired_contacts: -0.0001
Episode_Reward/body_orientation_l2: -0.0192
Episode_Reward/flat_orientation_l2: -0.0115
Episode_Reward/termination_penalty: -0.1978
         Episode_Reward/feet_slide: -0.0123
         Episode_Reward/feet_force: -0.0082
      Episode_Reward/feet_too_near: -0.0024
       Episode_Reward/feet_stumble: 0.0000
     Episode_Reward/dof_pos_limits: -0.0314
Episode_Reward/joint_deviation_hip: -0.0143
Episode_Reward/joint_deviation_arms: -0.0019
Episode_Reward/joint_deviation_legs: -0.0013
Episode_Reward/joint_deviation_waist: -0.0051
Episode_Reward/gait_feet_frc_perio: 0.6636
Episode_Reward/gait_feet_spd_perio: 0.2254
Episode_Reward/gait_feet_frc_support_perio: 0.3158
       Episode_Reward/ankle_torque: -0.0269
       Episode_Reward/ankle_action: -0.0017
    Episode_Reward/hip_roll_action: -0.6057
     Episode_Reward/hip_yaw_action: -0.5708
    Episode_Reward/feet_y_distance: -0.0095
--------------------------------------------------------------------------------
                   Total timesteps: 10616832
                    Iteration time: 3.71s
                      Time elapsed: 00:03:20
                               ETA: 05:06:38

################################################################################
                      [1m Learning iteration 54/5000 [0m                      

                       Computation: 52939 steps/s (collection: 2.201s, learning 1.513s)
             Mean action noise std: 0.81
          Mean value_function loss: 0.5194
               Mean surrogate loss: -0.0024
                 Mean entropy loss: 24.9263
                     Mean amp loss: 0.0164
            Mean amp_grad_pen loss: 0.0560
         Mean amp_policy_pred loss: -0.9283
         Mean amp_expert_pred loss: 0.9250
                Mean symmetry loss: 0.0032
                       Mean reward: 21.40
               Mean episode length: 579.33
Episode_Reward/track_lin_vel_xy_exp: 1.5903
Episode_Reward/track_ang_vel_z_exp: 0.1432
       Episode_Reward/lin_vel_z_l2: -0.0082
      Episode_Reward/ang_vel_xy_l2: -0.0226
             Episode_Reward/energy: -0.0147
         Episode_Reward/dof_acc_l2: -0.0933
     Episode_Reward/action_rate_l2: -0.1810
 Episode_Reward/undesired_contacts: -0.0002
Episode_Reward/body_orientation_l2: -0.0196
Episode_Reward/flat_orientation_l2: -0.0118
Episode_Reward/termination_penalty: -0.1966
         Episode_Reward/feet_slide: -0.0125
         Episode_Reward/feet_force: -0.0086
      Episode_Reward/feet_too_near: -0.0026
       Episode_Reward/feet_stumble: 0.0000
     Episode_Reward/dof_pos_limits: -0.0322
Episode_Reward/joint_deviation_hip: -0.0145
Episode_Reward/joint_deviation_arms: -0.0020
Episode_Reward/joint_deviation_legs: -0.0013
Episode_Reward/joint_deviation_waist: -0.0053
Episode_Reward/gait_feet_frc_perio: 0.6813
Episode_Reward/gait_feet_spd_perio: 0.2320
Episode_Reward/gait_feet_frc_support_perio: 0.3237
       Episode_Reward/ankle_torque: -0.0277
       Episode_Reward/ankle_action: -0.0017
    Episode_Reward/hip_roll_action: -0.6202
     Episode_Reward/hip_yaw_action: -0.5826
    Episode_Reward/feet_y_distance: -0.0092
--------------------------------------------------------------------------------
                   Total timesteps: 10813440
                    Iteration time: 3.71s
                      Time elapsed: 00:03:24
                               ETA: 05:06:34

################################################################################
                      [1m Learning iteration 55/5000 [0m                      

                       Computation: 52783 steps/s (collection: 2.217s, learning 1.508s)
             Mean action noise std: 0.81
          Mean value_function loss: 0.4115
               Mean surrogate loss: -0.0013
                 Mean entropy loss: 24.9347
                     Mean amp loss: 0.0187
            Mean amp_grad_pen loss: 0.0550
         Mean amp_policy_pred loss: -0.9221
         Mean amp_expert_pred loss: 0.9204
                Mean symmetry loss: 0.0032
                       Mean reward: 21.81
               Mean episode length: 584.87
Episode_Reward/track_lin_vel_xy_exp: 1.6478
Episode_Reward/track_ang_vel_z_exp: 0.1484
       Episode_Reward/lin_vel_z_l2: -0.0085
      Episode_Reward/ang_vel_xy_l2: -0.0231
             Episode_Reward/energy: -0.0152
         Episode_Reward/dof_acc_l2: -0.0960
     Episode_Reward/action_rate_l2: -0.1856
 Episode_Reward/undesired_contacts: -0.0001
Episode_Reward/body_orientation_l2: -0.0203
Episode_Reward/flat_orientation_l2: -0.0122
Episode_Reward/termination_penalty: -0.1950
         Episode_Reward/feet_slide: -0.0127
         Episode_Reward/feet_force: -0.0088
      Episode_Reward/feet_too_near: -0.0027
       Episode_Reward/feet_stumble: 0.0000
     Episode_Reward/dof_pos_limits: -0.0328
Episode_Reward/joint_deviation_hip: -0.0142
Episode_Reward/joint_deviation_arms: -0.0019
Episode_Reward/joint_deviation_legs: -0.0013
Episode_Reward/joint_deviation_waist: -0.0051
Episode_Reward/gait_feet_frc_perio: 0.7150
Episode_Reward/gait_feet_spd_perio: 0.2415
Episode_Reward/gait_feet_frc_support_perio: 0.3341
       Episode_Reward/ankle_torque: -0.0283
       Episode_Reward/ankle_action: -0.0017
    Episode_Reward/hip_roll_action: -0.6341
     Episode_Reward/hip_yaw_action: -0.5940
    Episode_Reward/feet_y_distance: -0.0099
--------------------------------------------------------------------------------
                   Total timesteps: 11010048
                    Iteration time: 3.72s
                      Time elapsed: 00:03:28
                               ETA: 05:06:31

################################################################################
                      [1m Learning iteration 56/5000 [0m                      

                       Computation: 52936 steps/s (collection: 2.211s, learning 1.503s)
             Mean action noise std: 0.81
          Mean value_function loss: 0.3985
               Mean surrogate loss: -0.0015
                 Mean entropy loss: 24.9336
                     Mean amp loss: 0.0153
            Mean amp_grad_pen loss: 0.0513
         Mean amp_policy_pred loss: -0.9342
         Mean amp_expert_pred loss: 0.9288
                Mean symmetry loss: 0.0032
                       Mean reward: 22.12
               Mean episode length: 594.12
Episode_Reward/track_lin_vel_xy_exp: 1.6527
Episode_Reward/track_ang_vel_z_exp: 0.1491
       Episode_Reward/lin_vel_z_l2: -0.0085
      Episode_Reward/ang_vel_xy_l2: -0.0231
             Episode_Reward/energy: -0.0154
         Episode_Reward/dof_acc_l2: -0.0972
     Episode_Reward/action_rate_l2: -0.1872
 Episode_Reward/undesired_contacts: -0.0001
Episode_Reward/body_orientation_l2: -0.0202
Episode_Reward/flat_orientation_l2: -0.0121
Episode_Reward/termination_penalty: -0.1907
         Episode_Reward/feet_slide: -0.0130
         Episode_Reward/feet_force: -0.0091
      Episode_Reward/feet_too_near: -0.0027
       Episode_Reward/feet_stumble: 0.0000
     Episode_Reward/dof_pos_limits: -0.0331
Episode_Reward/joint_deviation_hip: -0.0147
Episode_Reward/joint_deviation_arms: -0.0020
Episode_Reward/joint_deviation_legs: -0.0013
Episode_Reward/joint_deviation_waist: -0.0053
Episode_Reward/gait_feet_frc_perio: 0.7198
Episode_Reward/gait_feet_spd_perio: 0.2416
Episode_Reward/gait_feet_frc_support_perio: 0.3368
       Episode_Reward/ankle_torque: -0.0288
       Episode_Reward/ankle_action: -0.0018
    Episode_Reward/hip_roll_action: -0.6394
     Episode_Reward/hip_yaw_action: -0.5979
    Episode_Reward/feet_y_distance: -0.0093
--------------------------------------------------------------------------------
                   Total timesteps: 11206656
                    Iteration time: 3.71s
                      Time elapsed: 00:03:31
                               ETA: 05:06:27

################################################################################
                      [1m Learning iteration 57/5000 [0m                      

                       Computation: 52543 steps/s (collection: 2.236s, learning 1.506s)
             Mean action noise std: 0.81
          Mean value_function loss: 0.3333
               Mean surrogate loss: 0.0005
                 Mean entropy loss: 24.9271
                     Mean amp loss: 0.0163
            Mean amp_grad_pen loss: 0.0508
         Mean amp_policy_pred loss: -0.9290
         Mean amp_expert_pred loss: 0.9279
                Mean symmetry loss: 0.0033
                       Mean reward: 24.19
               Mean episode length: 623.48
Episode_Reward/track_lin_vel_xy_exp: 1.8398
Episode_Reward/track_ang_vel_z_exp: 0.1607
       Episode_Reward/lin_vel_z_l2: -0.0088
      Episode_Reward/ang_vel_xy_l2: -0.0241
             Episode_Reward/energy: -0.0162
         Episode_Reward/dof_acc_l2: -0.1027
     Episode_Reward/action_rate_l2: -0.1982
 Episode_Reward/undesired_contacts: -0.0002
Episode_Reward/body_orientation_l2: -0.0198
Episode_Reward/flat_orientation_l2: -0.0119
Episode_Reward/termination_penalty: -0.1848
         Episode_Reward/feet_slide: -0.0134
         Episode_Reward/feet_force: -0.0095
      Episode_Reward/feet_too_near: -0.0029
       Episode_Reward/feet_stumble: 0.0000
     Episode_Reward/dof_pos_limits: -0.0349
Episode_Reward/joint_deviation_hip: -0.0161
Episode_Reward/joint_deviation_arms: -0.0022
Episode_Reward/joint_deviation_legs: -0.0014
Episode_Reward/joint_deviation_waist: -0.0057
Episode_Reward/gait_feet_frc_perio: 0.7615
Episode_Reward/gait_feet_spd_perio: 0.2599
Episode_Reward/gait_feet_frc_support_perio: 0.3562
       Episode_Reward/ankle_torque: -0.0302
       Episode_Reward/ankle_action: -0.0019
    Episode_Reward/hip_roll_action: -0.6737
     Episode_Reward/hip_yaw_action: -0.6323
    Episode_Reward/feet_y_distance: -0.0096
--------------------------------------------------------------------------------
                   Total timesteps: 11403264
                    Iteration time: 3.74s
                      Time elapsed: 00:03:35
                               ETA: 05:06:25

################################################################################
                      [1m Learning iteration 58/5000 [0m                      

                       Computation: 52926 steps/s (collection: 2.225s, learning 1.490s)
             Mean action noise std: 0.81
          Mean value_function loss: 0.2905
               Mean surrogate loss: 0.0003
                 Mean entropy loss: 24.9151
                     Mean amp loss: 0.0122
            Mean amp_grad_pen loss: 0.0408
         Mean amp_policy_pred loss: -0.9447
         Mean amp_expert_pred loss: 0.9393
                Mean symmetry loss: 0.0032
                       Mean reward: 20.13
               Mean episode length: 561.62
Episode_Reward/track_lin_vel_xy_exp: 1.6850
Episode_Reward/track_ang_vel_z_exp: 0.1527
       Episode_Reward/lin_vel_z_l2: -0.0089
      Episode_Reward/ang_vel_xy_l2: -0.0237
             Episode_Reward/energy: -0.0159
         Episode_Reward/dof_acc_l2: -0.0984
     Episode_Reward/action_rate_l2: -0.1927
 Episode_Reward/undesired_contacts: -0.0002
Episode_Reward/body_orientation_l2: -0.0203
Episode_Reward/flat_orientation_l2: -0.0122
Episode_Reward/termination_penalty: -0.1836
         Episode_Reward/feet_slide: -0.0132
         Episode_Reward/feet_force: -0.0094
      Episode_Reward/feet_too_near: -0.0030
       Episode_Reward/feet_stumble: 0.0000
     Episode_Reward/dof_pos_limits: -0.0341
Episode_Reward/joint_deviation_hip: -0.0142
Episode_Reward/joint_deviation_arms: -0.0019
Episode_Reward/joint_deviation_legs: -0.0012
Episode_Reward/joint_deviation_waist: -0.0050
Episode_Reward/gait_feet_frc_perio: 0.7600
Episode_Reward/gait_feet_spd_perio: 0.2561
Episode_Reward/gait_feet_frc_support_perio: 0.3507
       Episode_Reward/ankle_torque: -0.0296
       Episode_Reward/ankle_action: -0.0018
    Episode_Reward/hip_roll_action: -0.6574
     Episode_Reward/hip_yaw_action: -0.6143
    Episode_Reward/feet_y_distance: -0.0088
--------------------------------------------------------------------------------
                   Total timesteps: 11599872
                    Iteration time: 3.71s
                      Time elapsed: 00:03:39
                               ETA: 05:06:21

################################################################################
                      [1m Learning iteration 59/5000 [0m                      

                       Computation: 51914 steps/s (collection: 2.281s, learning 1.507s)
             Mean action noise std: 0.81
          Mean value_function loss: 0.2233
               Mean surrogate loss: -0.0010
                 Mean entropy loss: 24.8939
                     Mean amp loss: 0.0111
            Mean amp_grad_pen loss: 0.0375
         Mean amp_policy_pred loss: -0.9486
         Mean amp_expert_pred loss: 0.9442
                Mean symmetry loss: 0.0031
                       Mean reward: 23.41
               Mean episode length: 604.67
Episode_Reward/track_lin_vel_xy_exp: 1.7057
Episode_Reward/track_ang_vel_z_exp: 0.1580
       Episode_Reward/lin_vel_z_l2: -0.0089
      Episode_Reward/ang_vel_xy_l2: -0.0240
             Episode_Reward/energy: -0.0163
         Episode_Reward/dof_acc_l2: -0.0993
     Episode_Reward/action_rate_l2: -0.1954
 Episode_Reward/undesired_contacts: -0.0002
Episode_Reward/body_orientation_l2: -0.0205
Episode_Reward/flat_orientation_l2: -0.0123
Episode_Reward/termination_penalty: -0.1802
         Episode_Reward/feet_slide: -0.0133
         Episode_Reward/feet_force: -0.0092
      Episode_Reward/feet_too_near: -0.0030
       Episode_Reward/feet_stumble: 0.0000
     Episode_Reward/dof_pos_limits: -0.0348
Episode_Reward/joint_deviation_hip: -0.0131
Episode_Reward/joint_deviation_arms: -0.0018
Episode_Reward/joint_deviation_legs: -0.0011
Episode_Reward/joint_deviation_waist: -0.0046
Episode_Reward/gait_feet_frc_perio: 0.7898
Episode_Reward/gait_feet_spd_perio: 0.2629
Episode_Reward/gait_feet_frc_support_perio: 0.3596
       Episode_Reward/ankle_torque: -0.0303
       Episode_Reward/ankle_action: -0.0019
    Episode_Reward/hip_roll_action: -0.6681
     Episode_Reward/hip_yaw_action: -0.6216
    Episode_Reward/feet_y_distance: -0.0084
--------------------------------------------------------------------------------
                   Total timesteps: 11796480
                    Iteration time: 3.79s
                      Time elapsed: 00:03:43
                               ETA: 05:06:23

################################################################################
                      [1m Learning iteration 60/5000 [0m                      

                       Computation: 51775 steps/s (collection: 2.274s, learning 1.524s)
             Mean action noise std: 0.80
          Mean value_function loss: 0.1684
               Mean surrogate loss: 0.0010
                 Mean entropy loss: 24.8450
                     Mean amp loss: 0.0115
            Mean amp_grad_pen loss: 0.0370
         Mean amp_policy_pred loss: -0.9475
         Mean amp_expert_pred loss: 0.9447
                Mean symmetry loss: 0.0031
                       Mean reward: 23.75
               Mean episode length: 630.40
Episode_Reward/track_lin_vel_xy_exp: 1.8617
Episode_Reward/track_ang_vel_z_exp: 0.1655
       Episode_Reward/lin_vel_z_l2: -0.0093
      Episode_Reward/ang_vel_xy_l2: -0.0247
             Episode_Reward/energy: -0.0169
         Episode_Reward/dof_acc_l2: -0.1039
     Episode_Reward/action_rate_l2: -0.2030
 Episode_Reward/undesired_contacts: -0.0001
Episode_Reward/body_orientation_l2: -0.0208
Episode_Reward/flat_orientation_l2: -0.0125
Episode_Reward/termination_penalty: -0.1705
         Episode_Reward/feet_slide: -0.0133
         Episode_Reward/feet_force: -0.0099
      Episode_Reward/feet_too_near: -0.0028
       Episode_Reward/feet_stumble: 0.0000
     Episode_Reward/dof_pos_limits: -0.0353
Episode_Reward/joint_deviation_hip: -0.0150
Episode_Reward/joint_deviation_arms: -0.0020
Episode_Reward/joint_deviation_legs: -0.0013
Episode_Reward/joint_deviation_waist: -0.0054
Episode_Reward/gait_feet_frc_perio: 0.8110
Episode_Reward/gait_feet_spd_perio: 0.2737
Episode_Reward/gait_feet_frc_support_perio: 0.3706
       Episode_Reward/ankle_torque: -0.0310
       Episode_Reward/ankle_action: -0.0019
    Episode_Reward/hip_roll_action: -0.6920
     Episode_Reward/hip_yaw_action: -0.6436
    Episode_Reward/feet_y_distance: -0.0104
--------------------------------------------------------------------------------
                   Total timesteps: 11993088
                    Iteration time: 3.80s
                      Time elapsed: 00:03:47
                               ETA: 05:06:25

################################################################################
                      [1m Learning iteration 61/5000 [0m                      

                       Computation: 52318 steps/s (collection: 2.259s, learning 1.499s)
             Mean action noise std: 0.80
          Mean value_function loss: 0.1099
               Mean surrogate loss: 0.0033
                 Mean entropy loss: 24.7621
                     Mean amp loss: 0.0097
            Mean amp_grad_pen loss: 0.0317
         Mean amp_policy_pred loss: -0.9550
         Mean amp_expert_pred loss: 0.9511
                Mean symmetry loss: 0.0035
                       Mean reward: 23.97
               Mean episode length: 624.57
Episode_Reward/track_lin_vel_xy_exp: 1.8042
Episode_Reward/track_ang_vel_z_exp: 0.1609
       Episode_Reward/lin_vel_z_l2: -0.0094
      Episode_Reward/ang_vel_xy_l2: -0.0245
             Episode_Reward/energy: -0.0168
         Episode_Reward/dof_acc_l2: -0.1031
     Episode_Reward/action_rate_l2: -0.1997
 Episode_Reward/undesired_contacts: -0.0002
Episode_Reward/body_orientation_l2: -0.0203
Episode_Reward/flat_orientation_l2: -0.0122
Episode_Reward/termination_penalty: -0.1740
         Episode_Reward/feet_slide: -0.0136
         Episode_Reward/feet_force: -0.0098
      Episode_Reward/feet_too_near: -0.0028
       Episode_Reward/feet_stumble: 0.0000
     Episode_Reward/dof_pos_limits: -0.0347
Episode_Reward/joint_deviation_hip: -0.0121
Episode_Reward/joint_deviation_arms: -0.0017
Episode_Reward/joint_deviation_legs: -0.0011
Episode_Reward/joint_deviation_waist: -0.0044
Episode_Reward/gait_feet_frc_perio: 0.8260
Episode_Reward/gait_feet_spd_perio: 0.2719
Episode_Reward/gait_feet_frc_support_perio: 0.3699
       Episode_Reward/ankle_torque: -0.0310
       Episode_Reward/ankle_action: -0.0019
    Episode_Reward/hip_roll_action: -0.6774
     Episode_Reward/hip_yaw_action: -0.6277
    Episode_Reward/feet_y_distance: -0.0092
--------------------------------------------------------------------------------
                   Total timesteps: 12189696
                    Iteration time: 3.76s
                      Time elapsed: 00:03:50
                               ETA: 05:06:24

################################################################################
                      [1m Learning iteration 62/5000 [0m                      

                       Computation: 53543 steps/s (collection: 2.208s, learning 1.464s)
             Mean action noise std: 0.79
          Mean value_function loss: 0.0497
               Mean surrogate loss: 0.0059
                 Mean entropy loss: 24.5784
                     Mean amp loss: 0.0116
            Mean amp_grad_pen loss: 0.0387
         Mean amp_policy_pred loss: -0.9474
         Mean amp_expert_pred loss: 0.9451
                Mean symmetry loss: 0.0040
                       Mean reward: 25.43
               Mean episode length: 640.08
Episode_Reward/track_lin_vel_xy_exp: 1.8511
Episode_Reward/track_ang_vel_z_exp: 0.1637
       Episode_Reward/lin_vel_z_l2: -0.0094
      Episode_Reward/ang_vel_xy_l2: -0.0247
             Episode_Reward/energy: -0.0175
         Episode_Reward/dof_acc_l2: -0.1086
     Episode_Reward/action_rate_l2: -0.2092
 Episode_Reward/undesired_contacts: -0.0001
Episode_Reward/body_orientation_l2: -0.0203
Episode_Reward/flat_orientation_l2: -0.0122
Episode_Reward/termination_penalty: -0.1396
         Episode_Reward/feet_slide: -0.0144
         Episode_Reward/feet_force: -0.0103
      Episode_Reward/feet_too_near: -0.0028
       Episode_Reward/feet_stumble: 0.0000
     Episode_Reward/dof_pos_limits: -0.0365
Episode_Reward/joint_deviation_hip: -0.0142
Episode_Reward/joint_deviation_arms: -0.0020
Episode_Reward/joint_deviation_legs: -0.0012
Episode_Reward/joint_deviation_waist: -0.0052
Episode_Reward/gait_feet_frc_perio: 0.8485
Episode_Reward/gait_feet_spd_perio: 0.2768
Episode_Reward/gait_feet_frc_support_perio: 0.3817
       Episode_Reward/ankle_torque: -0.0323
       Episode_Reward/ankle_action: -0.0020
    Episode_Reward/hip_roll_action: -0.7126
     Episode_Reward/hip_yaw_action: -0.6586
    Episode_Reward/feet_y_distance: -0.0103
--------------------------------------------------------------------------------
                   Total timesteps: 12386304
                    Iteration time: 3.67s
                      Time elapsed: 00:03:54
                               ETA: 05:06:17

################################################################################
                      [1m Learning iteration 63/5000 [0m                      

                       Computation: 53041 steps/s (collection: 2.229s, learning 1.477s)
             Mean action noise std: 0.79
          Mean value_function loss: 0.0524
               Mean surrogate loss: 0.0050
                 Mean entropy loss: 24.4004
                     Mean amp loss: 0.0133
            Mean amp_grad_pen loss: 0.0445
         Mean amp_policy_pred loss: -0.9396
         Mean amp_expert_pred loss: 0.9396
                Mean symmetry loss: 0.0030
                       Mean reward: 28.03
               Mean episode length: 726.70
Episode_Reward/track_lin_vel_xy_exp: 1.9605
Episode_Reward/track_ang_vel_z_exp: 0.1807
       Episode_Reward/lin_vel_z_l2: -0.0100
      Episode_Reward/ang_vel_xy_l2: -0.0258
             Episode_Reward/energy: -0.0190
         Episode_Reward/dof_acc_l2: -0.1211
     Episode_Reward/action_rate_l2: -0.2278
 Episode_Reward/undesired_contacts: -0.0001
Episode_Reward/body_orientation_l2: -0.0192
Episode_Reward/flat_orientation_l2: -0.0115
Episode_Reward/termination_penalty: -0.1041
         Episode_Reward/feet_slide: -0.0151
         Episode_Reward/feet_force: -0.0116
      Episode_Reward/feet_too_near: -0.0032
       Episode_Reward/feet_stumble: 0.0000
     Episode_Reward/dof_pos_limits: -0.0397
Episode_Reward/joint_deviation_hip: -0.0137
Episode_Reward/joint_deviation_arms: -0.0018
Episode_Reward/joint_deviation_legs: -0.0012
Episode_Reward/joint_deviation_waist: -0.0048
Episode_Reward/gait_feet_frc_perio: 0.9184
Episode_Reward/gait_feet_spd_perio: 0.3035
Episode_Reward/gait_feet_frc_support_perio: 0.4165
       Episode_Reward/ankle_torque: -0.0348
       Episode_Reward/ankle_action: -0.0021
    Episode_Reward/hip_roll_action: -0.7746
     Episode_Reward/hip_yaw_action: -0.7191
    Episode_Reward/feet_y_distance: -0.0104
--------------------------------------------------------------------------------
                   Total timesteps: 12582912
                    Iteration time: 3.71s
                      Time elapsed: 00:03:58
                               ETA: 05:06:12

################################################################################
                      [1m Learning iteration 64/5000 [0m                      

                       Computation: 52701 steps/s (collection: 2.221s, learning 1.510s)
             Mean action noise std: 0.78
          Mean value_function loss: 0.0698
               Mean surrogate loss: 0.0046
                 Mean entropy loss: 24.2210
                     Mean amp loss: 0.0169
            Mean amp_grad_pen loss: 0.0569
         Mean amp_policy_pred loss: -0.9261
         Mean amp_expert_pred loss: 0.9277
                Mean symmetry loss: 0.0032
                       Mean reward: 38.68
               Mean episode length: 855.19
Episode_Reward/track_lin_vel_xy_exp: 2.5337
Episode_Reward/track_ang_vel_z_exp: 0.2115
       Episode_Reward/lin_vel_z_l2: -0.0110
      Episode_Reward/ang_vel_xy_l2: -0.0295
             Episode_Reward/energy: -0.0225
         Episode_Reward/dof_acc_l2: -0.1395
     Episode_Reward/action_rate_l2: -0.2742
 Episode_Reward/undesired_contacts: -0.0001
Episode_Reward/body_orientation_l2: -0.0176
Episode_Reward/flat_orientation_l2: -0.0106
Episode_Reward/termination_penalty: -0.0444
         Episode_Reward/feet_slide: -0.0177
         Episode_Reward/feet_force: -0.0129
      Episode_Reward/feet_too_near: -0.0035
       Episode_Reward/feet_stumble: 0.0000
     Episode_Reward/dof_pos_limits: -0.0468
Episode_Reward/joint_deviation_hip: -0.0137
Episode_Reward/joint_deviation_arms: -0.0019
Episode_Reward/joint_deviation_legs: -0.0012
Episode_Reward/joint_deviation_waist: -0.0047
Episode_Reward/gait_feet_frc_perio: 1.1208
Episode_Reward/gait_feet_spd_perio: 0.3769
Episode_Reward/gait_feet_frc_support_perio: 0.5085
       Episode_Reward/ankle_torque: -0.0422
       Episode_Reward/ankle_action: -0.0026
    Episode_Reward/hip_roll_action: -0.9228
     Episode_Reward/hip_yaw_action: -0.8662
    Episode_Reward/feet_y_distance: -0.0111
--------------------------------------------------------------------------------
                   Total timesteps: 12779520
                    Iteration time: 3.73s
                      Time elapsed: 00:04:01
                               ETA: 05:06:09

################################################################################
                      [1m Learning iteration 65/5000 [0m                      

                       Computation: 52586 steps/s (collection: 2.224s, learning 1.515s)
             Mean action noise std: 0.78
          Mean value_function loss: 0.0963
               Mean surrogate loss: 0.0051
                 Mean entropy loss: 24.0762
                     Mean amp loss: 0.0182
            Mean amp_grad_pen loss: 0.0587
         Mean amp_policy_pred loss: -0.9210
         Mean amp_expert_pred loss: 0.9203
                Mean symmetry loss: 0.0031
                       Mean reward: 37.41
               Mean episode length: 802.80
Episode_Reward/track_lin_vel_xy_exp: 2.4422
Episode_Reward/track_ang_vel_z_exp: 0.2011
       Episode_Reward/lin_vel_z_l2: -0.0106
      Episode_Reward/ang_vel_xy_l2: -0.0281
             Episode_Reward/energy: -0.0213
         Episode_Reward/dof_acc_l2: -0.1321
     Episode_Reward/action_rate_l2: -0.2558
 Episode_Reward/undesired_contacts: -0.0001
Episode_Reward/body_orientation_l2: -0.0180
Episode_Reward/flat_orientation_l2: -0.0108
Episode_Reward/termination_penalty: -0.0590
         Episode_Reward/feet_slide: -0.0169
         Episode_Reward/feet_force: -0.0127
      Episode_Reward/feet_too_near: -0.0032
       Episode_Reward/feet_stumble: 0.0000
     Episode_Reward/dof_pos_limits: -0.0437
Episode_Reward/joint_deviation_hip: -0.0123
Episode_Reward/joint_deviation_arms: -0.0017
Episode_Reward/joint_deviation_legs: -0.0011
Episode_Reward/joint_deviation_waist: -0.0045
Episode_Reward/gait_feet_frc_perio: 1.0693
Episode_Reward/gait_feet_spd_perio: 0.3558
Episode_Reward/gait_feet_frc_support_perio: 0.4797
       Episode_Reward/ankle_torque: -0.0396
       Episode_Reward/ankle_action: -0.0024
    Episode_Reward/hip_roll_action: -0.8644
     Episode_Reward/hip_yaw_action: -0.8047
    Episode_Reward/feet_y_distance: -0.0107
--------------------------------------------------------------------------------
                   Total timesteps: 12976128
                    Iteration time: 3.74s
                      Time elapsed: 00:04:05
                               ETA: 05:06:06

################################################################################
                      [1m Learning iteration 66/5000 [0m                      

                       Computation: 52591 steps/s (collection: 2.236s, learning 1.502s)
             Mean action noise std: 0.77
          Mean value_function loss: 0.1250
               Mean surrogate loss: 0.0018
                 Mean entropy loss: 23.8989
                     Mean amp loss: 0.0160
            Mean amp_grad_pen loss: 0.0507
         Mean amp_policy_pred loss: -0.9318
         Mean amp_expert_pred loss: 0.9268
                Mean symmetry loss: 0.0030
                       Mean reward: 38.35
               Mean episode length: 865.99
Episode_Reward/track_lin_vel_xy_exp: 2.5296
Episode_Reward/track_ang_vel_z_exp: 0.2158
       Episode_Reward/lin_vel_z_l2: -0.0111
      Episode_Reward/ang_vel_xy_l2: -0.0296
             Episode_Reward/energy: -0.0226
         Episode_Reward/dof_acc_l2: -0.1441
     Episode_Reward/action_rate_l2: -0.2699
 Episode_Reward/undesired_contacts: -0.0001
Episode_Reward/body_orientation_l2: -0.0175
Episode_Reward/flat_orientation_l2: -0.0105
Episode_Reward/termination_penalty: -0.0467
         Episode_Reward/feet_slide: -0.0173
         Episode_Reward/feet_force: -0.0136
      Episode_Reward/feet_too_near: -0.0037
       Episode_Reward/feet_stumble: 0.0000
     Episode_Reward/dof_pos_limits: -0.0460
Episode_Reward/joint_deviation_hip: -0.0161
Episode_Reward/joint_deviation_arms: -0.0022
Episode_Reward/joint_deviation_legs: -0.0014
Episode_Reward/joint_deviation_waist: -0.0059
Episode_Reward/gait_feet_frc_perio: 1.1233
Episode_Reward/gait_feet_spd_perio: 0.3767
Episode_Reward/gait_feet_frc_support_perio: 0.5029
       Episode_Reward/ankle_torque: -0.0412
       Episode_Reward/ankle_action: -0.0025
    Episode_Reward/hip_roll_action: -0.9092
     Episode_Reward/hip_yaw_action: -0.8445
    Episode_Reward/feet_y_distance: -0.0106
--------------------------------------------------------------------------------
                   Total timesteps: 13172736
                    Iteration time: 3.74s
                      Time elapsed: 00:04:09
                               ETA: 05:06:04

################################################################################
                      [1m Learning iteration 67/5000 [0m                      

                       Computation: 53091 steps/s (collection: 2.233s, learning 1.470s)
             Mean action noise std: 0.77
          Mean value_function loss: 0.1436
               Mean surrogate loss: 0.0037
                 Mean entropy loss: 23.8133
                     Mean amp loss: 0.0172
            Mean amp_grad_pen loss: 0.0535
         Mean amp_policy_pred loss: -0.9269
         Mean amp_expert_pred loss: 0.9275
                Mean symmetry loss: 0.0030
                       Mean reward: 37.71
               Mean episode length: 820.25
Episode_Reward/track_lin_vel_xy_exp: 2.6218
Episode_Reward/track_ang_vel_z_exp: 0.2234
       Episode_Reward/lin_vel_z_l2: -0.0113
      Episode_Reward/ang_vel_xy_l2: -0.0299
             Episode_Reward/energy: -0.0228
         Episode_Reward/dof_acc_l2: -0.1406
     Episode_Reward/action_rate_l2: -0.2718
 Episode_Reward/undesired_contacts: -0.0001
Episode_Reward/body_orientation_l2: -0.0176
Episode_Reward/flat_orientation_l2: -0.0106
Episode_Reward/termination_penalty: -0.0461
         Episode_Reward/feet_slide: -0.0178
         Episode_Reward/feet_force: -0.0133
      Episode_Reward/feet_too_near: -0.0037
       Episode_Reward/feet_stumble: 0.0000
     Episode_Reward/dof_pos_limits: -0.0455
Episode_Reward/joint_deviation_hip: -0.0194
Episode_Reward/joint_deviation_arms: -0.0027
Episode_Reward/joint_deviation_legs: -0.0017
Episode_Reward/joint_deviation_waist: -0.0071
Episode_Reward/gait_feet_frc_perio: 1.1247
Episode_Reward/gait_feet_spd_perio: 0.3767
Episode_Reward/gait_feet_frc_support_perio: 0.5056
       Episode_Reward/ankle_torque: -0.0413
       Episode_Reward/ankle_action: -0.0026
    Episode_Reward/hip_roll_action: -0.9114
     Episode_Reward/hip_yaw_action: -0.8496
    Episode_Reward/feet_y_distance: -0.0119
--------------------------------------------------------------------------------
                   Total timesteps: 13369344
                    Iteration time: 3.70s
                      Time elapsed: 00:04:13
                               ETA: 05:05:59

################################################################################
                      [1m Learning iteration 68/5000 [0m                      

                       Computation: 53489 steps/s (collection: 2.196s, learning 1.480s)
             Mean action noise std: 0.77
          Mean value_function loss: 0.1915
               Mean surrogate loss: 0.0013
                 Mean entropy loss: 23.7562
                     Mean amp loss: 0.0167
            Mean amp_grad_pen loss: 0.0549
         Mean amp_policy_pred loss: -0.9286
         Mean amp_expert_pred loss: 0.9238
                Mean symmetry loss: 0.0027
                       Mean reward: 38.28
               Mean episode length: 842.70
Episode_Reward/track_lin_vel_xy_exp: 2.4094
Episode_Reward/track_ang_vel_z_exp: 0.2111
       Episode_Reward/lin_vel_z_l2: -0.0110
      Episode_Reward/ang_vel_xy_l2: -0.0289
             Episode_Reward/energy: -0.0216
         Episode_Reward/dof_acc_l2: -0.1327
     Episode_Reward/action_rate_l2: -0.2542
 Episode_Reward/undesired_contacts: -0.0001
Episode_Reward/body_orientation_l2: -0.0191
Episode_Reward/flat_orientation_l2: -0.0115
Episode_Reward/termination_penalty: -0.0626
         Episode_Reward/feet_slide: -0.0164
         Episode_Reward/feet_force: -0.0130
      Episode_Reward/feet_too_near: -0.0036
       Episode_Reward/feet_stumble: 0.0000
     Episode_Reward/dof_pos_limits: -0.0438
Episode_Reward/joint_deviation_hip: -0.0162
Episode_Reward/joint_deviation_arms: -0.0023
Episode_Reward/joint_deviation_legs: -0.0014
Episode_Reward/joint_deviation_waist: -0.0058
Episode_Reward/gait_feet_frc_perio: 1.0985
Episode_Reward/gait_feet_spd_perio: 0.3602
Episode_Reward/gait_feet_frc_support_perio: 0.4792
       Episode_Reward/ankle_torque: -0.0395
       Episode_Reward/ankle_action: -0.0024
    Episode_Reward/hip_roll_action: -0.8587
     Episode_Reward/hip_yaw_action: -0.7887
    Episode_Reward/feet_y_distance: -0.0109
--------------------------------------------------------------------------------
                   Total timesteps: 13565952
                    Iteration time: 3.68s
                      Time elapsed: 00:04:16
                               ETA: 05:05:52

################################################################################
                      [1m Learning iteration 69/5000 [0m                      

                       Computation: 53035 steps/s (collection: 2.197s, learning 1.510s)
             Mean action noise std: 0.77
          Mean value_function loss: 0.2288
               Mean surrogate loss: 0.0016
                 Mean entropy loss: 23.6706
                     Mean amp loss: 0.0217
            Mean amp_grad_pen loss: 0.0668
         Mean amp_policy_pred loss: -0.9092
         Mean amp_expert_pred loss: 0.9094
                Mean symmetry loss: 0.0029
                       Mean reward: 37.03
               Mean episode length: 789.54
Episode_Reward/track_lin_vel_xy_exp: 2.3104
Episode_Reward/track_ang_vel_z_exp: 0.2001
       Episode_Reward/lin_vel_z_l2: -0.0107
      Episode_Reward/ang_vel_xy_l2: -0.0284
             Episode_Reward/energy: -0.0210
         Episode_Reward/dof_acc_l2: -0.1243
     Episode_Reward/action_rate_l2: -0.2444
 Episode_Reward/undesired_contacts: -0.0001
Episode_Reward/body_orientation_l2: -0.0194
Episode_Reward/flat_orientation_l2: -0.0116
Episode_Reward/termination_penalty: -0.0729
         Episode_Reward/feet_slide: -0.0153
         Episode_Reward/feet_force: -0.0127
      Episode_Reward/feet_too_near: -0.0035
       Episode_Reward/feet_stumble: 0.0000
     Episode_Reward/dof_pos_limits: -0.0420
Episode_Reward/joint_deviation_hip: -0.0133
Episode_Reward/joint_deviation_arms: -0.0019
Episode_Reward/joint_deviation_legs: -0.0011
Episode_Reward/joint_deviation_waist: -0.0046
Episode_Reward/gait_feet_frc_perio: 1.0957
Episode_Reward/gait_feet_spd_perio: 0.3594
Episode_Reward/gait_feet_frc_support_perio: 0.4690
       Episode_Reward/ankle_torque: -0.0382
       Episode_Reward/ankle_action: -0.0024
    Episode_Reward/hip_roll_action: -0.8269
     Episode_Reward/hip_yaw_action: -0.7556
    Episode_Reward/feet_y_distance: -0.0102
--------------------------------------------------------------------------------
                   Total timesteps: 13762560
                    Iteration time: 3.71s
                      Time elapsed: 00:04:20
                               ETA: 05:05:47

################################################################################
                      [1m Learning iteration 70/5000 [0m                      

                       Computation: 52950 steps/s (collection: 2.215s, learning 1.498s)
             Mean action noise std: 0.76
          Mean value_function loss: 0.3189
               Mean surrogate loss: 0.0001
                 Mean entropy loss: 23.6471
                     Mean amp loss: 0.0255
            Mean amp_grad_pen loss: 0.0801
         Mean amp_policy_pred loss: -0.8976
         Mean amp_expert_pred loss: 0.8958
                Mean symmetry loss: 0.0029
                       Mean reward: 36.74
               Mean episode length: 791.65
Episode_Reward/track_lin_vel_xy_exp: 2.2713
Episode_Reward/track_ang_vel_z_exp: 0.1928
       Episode_Reward/lin_vel_z_l2: -0.0103
      Episode_Reward/ang_vel_xy_l2: -0.0273
             Episode_Reward/energy: -0.0200
         Episode_Reward/dof_acc_l2: -0.1206
     Episode_Reward/action_rate_l2: -0.2317
 Episode_Reward/undesired_contacts: -0.0001
Episode_Reward/body_orientation_l2: -0.0187
Episode_Reward/flat_orientation_l2: -0.0112
Episode_Reward/termination_penalty: -0.0831
         Episode_Reward/feet_slide: -0.0150
         Episode_Reward/feet_force: -0.0119
      Episode_Reward/feet_too_near: -0.0037
       Episode_Reward/feet_stumble: 0.0000
     Episode_Reward/dof_pos_limits: -0.0392
Episode_Reward/joint_deviation_hip: -0.0149
Episode_Reward/joint_deviation_arms: -0.0021
Episode_Reward/joint_deviation_legs: -0.0013
Episode_Reward/joint_deviation_waist: -0.0052
Episode_Reward/gait_feet_frc_perio: 1.0374
Episode_Reward/gait_feet_spd_perio: 0.3400
Episode_Reward/gait_feet_frc_support_perio: 0.4449
       Episode_Reward/ankle_torque: -0.0360
       Episode_Reward/ankle_action: -0.0022
    Episode_Reward/hip_roll_action: -0.7781
     Episode_Reward/hip_yaw_action: -0.7133
    Episode_Reward/feet_y_distance: -0.0099
--------------------------------------------------------------------------------
                   Total timesteps: 13959168
                    Iteration time: 3.71s
                      Time elapsed: 00:04:24
                               ETA: 05:05:43

################################################################################
                      [1m Learning iteration 71/5000 [0m                      

                       Computation: 53120 steps/s (collection: 2.200s, learning 1.501s)
             Mean action noise std: 0.76
          Mean value_function loss: 0.3879
               Mean surrogate loss: 0.0009
                 Mean entropy loss: 23.6229
                     Mean amp loss: 0.0307
            Mean amp_grad_pen loss: 0.0854
         Mean amp_policy_pred loss: -0.8820
         Mean amp_expert_pred loss: 0.8833
                Mean symmetry loss: 0.0030
                       Mean reward: 32.28
               Mean episode length: 682.39
Episode_Reward/track_lin_vel_xy_exp: 2.1812
Episode_Reward/track_ang_vel_z_exp: 0.1842
       Episode_Reward/lin_vel_z_l2: -0.0101
      Episode_Reward/ang_vel_xy_l2: -0.0265
             Episode_Reward/energy: -0.0192
         Episode_Reward/dof_acc_l2: -0.1152
     Episode_Reward/action_rate_l2: -0.2199
 Episode_Reward/undesired_contacts: -0.0001
Episode_Reward/body_orientation_l2: -0.0188
Episode_Reward/flat_orientation_l2: -0.0113
Episode_Reward/termination_penalty: -0.0958
         Episode_Reward/feet_slide: -0.0140
         Episode_Reward/feet_force: -0.0117
      Episode_Reward/feet_too_near: -0.0036
       Episode_Reward/feet_stumble: 0.0000
     Episode_Reward/dof_pos_limits: -0.0374
Episode_Reward/joint_deviation_hip: -0.0132
Episode_Reward/joint_deviation_arms: -0.0019
Episode_Reward/joint_deviation_legs: -0.0011
Episode_Reward/joint_deviation_waist: -0.0046
Episode_Reward/gait_feet_frc_perio: 1.0134
Episode_Reward/gait_feet_spd_perio: 0.3282
Episode_Reward/gait_feet_frc_support_perio: 0.4265
       Episode_Reward/ankle_torque: -0.0344
       Episode_Reward/ankle_action: -0.0021
    Episode_Reward/hip_roll_action: -0.7409
     Episode_Reward/hip_yaw_action: -0.6749
    Episode_Reward/feet_y_distance: -0.0096
--------------------------------------------------------------------------------
                   Total timesteps: 14155776
                    Iteration time: 3.70s
                      Time elapsed: 00:04:27
                               ETA: 05:05:38

################################################################################
                      [1m Learning iteration 72/5000 [0m                      

                       Computation: 53130 steps/s (collection: 2.199s, learning 1.502s)
             Mean action noise std: 0.76
          Mean value_function loss: 0.3929
               Mean surrogate loss: 0.0014
                 Mean entropy loss: 23.6031
                     Mean amp loss: 0.0314
            Mean amp_grad_pen loss: 0.0873
         Mean amp_policy_pred loss: -0.8802
         Mean amp_expert_pred loss: 0.8809
                Mean symmetry loss: 0.0030
                       Mean reward: 32.25
               Mean episode length: 667.94
Episode_Reward/track_lin_vel_xy_exp: 2.2228
Episode_Reward/track_ang_vel_z_exp: 0.1782
       Episode_Reward/lin_vel_z_l2: -0.0099
      Episode_Reward/ang_vel_xy_l2: -0.0266
             Episode_Reward/energy: -0.0189
         Episode_Reward/dof_acc_l2: -0.1113
     Episode_Reward/action_rate_l2: -0.2149
 Episode_Reward/undesired_contacts: -0.0001
Episode_Reward/body_orientation_l2: -0.0193
Episode_Reward/flat_orientation_l2: -0.0116
Episode_Reward/termination_penalty: -0.1045
         Episode_Reward/feet_slide: -0.0138
         Episode_Reward/feet_force: -0.0113
      Episode_Reward/feet_too_near: -0.0037
       Episode_Reward/feet_stumble: 0.0000
     Episode_Reward/dof_pos_limits: -0.0359
Episode_Reward/joint_deviation_hip: -0.0135
Episode_Reward/joint_deviation_arms: -0.0019
Episode_Reward/joint_deviation_legs: -0.0012
Episode_Reward/joint_deviation_waist: -0.0047
Episode_Reward/gait_feet_frc_perio: 0.9990
Episode_Reward/gait_feet_spd_perio: 0.3232
Episode_Reward/gait_feet_frc_support_perio: 0.4183
       Episode_Reward/ankle_torque: -0.0336
       Episode_Reward/ankle_action: -0.0021
    Episode_Reward/hip_roll_action: -0.7199
     Episode_Reward/hip_yaw_action: -0.6540
    Episode_Reward/feet_y_distance: -0.0093
--------------------------------------------------------------------------------
                   Total timesteps: 14352384
                    Iteration time: 3.70s
                      Time elapsed: 00:04:31
                               ETA: 05:05:33

################################################################################
                      [1m Learning iteration 73/5000 [0m                      

                       Computation: 53271 steps/s (collection: 2.199s, learning 1.492s)
             Mean action noise std: 0.76
          Mean value_function loss: 0.5415
               Mean surrogate loss: -0.0015
                 Mean entropy loss: 23.5978
                     Mean amp loss: 0.0389
            Mean amp_grad_pen loss: 0.0987
         Mean amp_policy_pred loss: -0.8592
         Mean amp_expert_pred loss: 0.8644
                Mean symmetry loss: 0.0030
                       Mean reward: 33.59
               Mean episode length: 664.65
Episode_Reward/track_lin_vel_xy_exp: 2.1317
Episode_Reward/track_ang_vel_z_exp: 0.1800
       Episode_Reward/lin_vel_z_l2: -0.0099
      Episode_Reward/ang_vel_xy_l2: -0.0260
             Episode_Reward/energy: -0.0187
         Episode_Reward/dof_acc_l2: -0.1110
     Episode_Reward/action_rate_l2: -0.2105
 Episode_Reward/undesired_contacts: -0.0001
Episode_Reward/body_orientation_l2: -0.0197
Episode_Reward/flat_orientation_l2: -0.0118
Episode_Reward/termination_penalty: -0.1068
         Episode_Reward/feet_slide: -0.0134
         Episode_Reward/feet_force: -0.0109
      Episode_Reward/feet_too_near: -0.0036
       Episode_Reward/feet_stumble: 0.0000
     Episode_Reward/dof_pos_limits: -0.0355
Episode_Reward/joint_deviation_hip: -0.0132
Episode_Reward/joint_deviation_arms: -0.0019
Episode_Reward/joint_deviation_legs: -0.0011
Episode_Reward/joint_deviation_waist: -0.0046
Episode_Reward/gait_feet_frc_perio: 0.9946
Episode_Reward/gait_feet_spd_perio: 0.3206
Episode_Reward/gait_feet_frc_support_perio: 0.4124
       Episode_Reward/ankle_torque: -0.0329
       Episode_Reward/ankle_action: -0.0021
    Episode_Reward/hip_roll_action: -0.7106
     Episode_Reward/hip_yaw_action: -0.6395
    Episode_Reward/feet_y_distance: -0.0088
--------------------------------------------------------------------------------
                   Total timesteps: 14548992
                    Iteration time: 3.69s
                      Time elapsed: 00:04:35
                               ETA: 05:05:27

################################################################################
                      [1m Learning iteration 74/5000 [0m                      

                       Computation: 53151 steps/s (collection: 2.199s, learning 1.500s)
             Mean action noise std: 0.76
          Mean value_function loss: 0.5872
               Mean surrogate loss: -0.0009
                 Mean entropy loss: 23.6261
                     Mean amp loss: 0.0344
            Mean amp_grad_pen loss: 0.0926
         Mean amp_policy_pred loss: -0.8737
         Mean amp_expert_pred loss: 0.8721
                Mean symmetry loss: 0.0031
                       Mean reward: 22.32
               Mean episode length: 475.03
Episode_Reward/track_lin_vel_xy_exp: 1.7057
Episode_Reward/track_ang_vel_z_exp: 0.1475
       Episode_Reward/lin_vel_z_l2: -0.0087
      Episode_Reward/ang_vel_xy_l2: -0.0226
             Episode_Reward/energy: -0.0152
         Episode_Reward/dof_acc_l2: -0.0873
     Episode_Reward/action_rate_l2: -0.1657
 Episode_Reward/undesired_contacts: -0.0001
Episode_Reward/body_orientation_l2: -0.0200
Episode_Reward/flat_orientation_l2: -0.0120
Episode_Reward/termination_penalty: -0.1568
         Episode_Reward/feet_slide: -0.0107
         Episode_Reward/feet_force: -0.0088
      Episode_Reward/feet_too_near: -0.0031
       Episode_Reward/feet_stumble: 0.0000
     Episode_Reward/dof_pos_limits: -0.0277
Episode_Reward/joint_deviation_hip: -0.0108
Episode_Reward/joint_deviation_arms: -0.0015
Episode_Reward/joint_deviation_legs: -0.0009
Episode_Reward/joint_deviation_waist: -0.0037
Episode_Reward/gait_feet_frc_perio: 0.8020
Episode_Reward/gait_feet_spd_perio: 0.2536
Episode_Reward/gait_feet_frc_support_perio: 0.3263
       Episode_Reward/ankle_torque: -0.0261
       Episode_Reward/ankle_action: -0.0016
    Episode_Reward/hip_roll_action: -0.5596
     Episode_Reward/hip_yaw_action: -0.4979
    Episode_Reward/feet_y_distance: -0.0071
--------------------------------------------------------------------------------
                   Total timesteps: 14745600
                    Iteration time: 3.70s
                      Time elapsed: 00:04:38
                               ETA: 05:05:22

################################################################################
                      [1m Learning iteration 75/5000 [0m                      

                       Computation: 53289 steps/s (collection: 2.203s, learning 1.486s)
             Mean action noise std: 0.77
          Mean value_function loss: 0.6202
               Mean surrogate loss: -0.0016
                 Mean entropy loss: 23.6349
                     Mean amp loss: 0.0359
            Mean amp_grad_pen loss: 0.0954
         Mean amp_policy_pred loss: -0.8689
         Mean amp_expert_pred loss: 0.8688
                Mean symmetry loss: 0.0032
                       Mean reward: 24.48
               Mean episode length: 529.26
Episode_Reward/track_lin_vel_xy_exp: 1.6078
Episode_Reward/track_ang_vel_z_exp: 0.1395
       Episode_Reward/lin_vel_z_l2: -0.0086
      Episode_Reward/ang_vel_xy_l2: -0.0225
             Episode_Reward/energy: -0.0148
         Episode_Reward/dof_acc_l2: -0.0857
     Episode_Reward/action_rate_l2: -0.1588
 Episode_Reward/undesired_contacts: -0.0001
Episode_Reward/body_orientation_l2: -0.0206
Episode_Reward/flat_orientation_l2: -0.0124
Episode_Reward/termination_penalty: -0.1766
         Episode_Reward/feet_slide: -0.0103
         Episode_Reward/feet_force: -0.0085
      Episode_Reward/feet_too_near: -0.0033
       Episode_Reward/feet_stumble: 0.0000
     Episode_Reward/dof_pos_limits: -0.0268
Episode_Reward/joint_deviation_hip: -0.0104
Episode_Reward/joint_deviation_arms: -0.0015
Episode_Reward/joint_deviation_legs: -0.0009
Episode_Reward/joint_deviation_waist: -0.0035
Episode_Reward/gait_feet_frc_perio: 0.7885
Episode_Reward/gait_feet_spd_perio: 0.2457
Episode_Reward/gait_feet_frc_support_perio: 0.3151
       Episode_Reward/ankle_torque: -0.0250
       Episode_Reward/ankle_action: -0.0016
    Episode_Reward/hip_roll_action: -0.5409
     Episode_Reward/hip_yaw_action: -0.4740
    Episode_Reward/feet_y_distance: -0.0067
--------------------------------------------------------------------------------
                   Total timesteps: 14942208
                    Iteration time: 3.69s
                      Time elapsed: 00:04:42
                               ETA: 05:05:16

################################################################################
                      [1m Learning iteration 76/5000 [0m                      

                       Computation: 53310 steps/s (collection: 2.198s, learning 1.490s)
             Mean action noise std: 0.77
          Mean value_function loss: 0.6977
               Mean surrogate loss: -0.0006
                 Mean entropy loss: 23.6505
                     Mean amp loss: 0.0351
            Mean amp_grad_pen loss: 0.0926
         Mean amp_policy_pred loss: -0.8704
         Mean amp_expert_pred loss: 0.8719
                Mean symmetry loss: 0.0032
                       Mean reward: 29.18
               Mean episode length: 567.86
Episode_Reward/track_lin_vel_xy_exp: 1.6731
Episode_Reward/track_ang_vel_z_exp: 0.1355
       Episode_Reward/lin_vel_z_l2: -0.0086
      Episode_Reward/ang_vel_xy_l2: -0.0219
             Episode_Reward/energy: -0.0142
         Episode_Reward/dof_acc_l2: -0.0838
     Episode_Reward/action_rate_l2: -0.1512
 Episode_Reward/undesired_contacts: -0.0001
Episode_Reward/body_orientation_l2: -0.0209
Episode_Reward/flat_orientation_l2: -0.0125
Episode_Reward/termination_penalty: -0.1859
         Episode_Reward/feet_slide: -0.0099
         Episode_Reward/feet_force: -0.0083
      Episode_Reward/feet_too_near: -0.0031
       Episode_Reward/feet_stumble: 0.0000
     Episode_Reward/dof_pos_limits: -0.0248
Episode_Reward/joint_deviation_hip: -0.0104
Episode_Reward/joint_deviation_arms: -0.0015
Episode_Reward/joint_deviation_legs: -0.0009
Episode_Reward/joint_deviation_waist: -0.0035
Episode_Reward/gait_feet_frc_perio: 0.7521
Episode_Reward/gait_feet_spd_perio: 0.2353
Episode_Reward/gait_feet_frc_support_perio: 0.3005
       Episode_Reward/ankle_torque: -0.0238
       Episode_Reward/ankle_action: -0.0015
    Episode_Reward/hip_roll_action: -0.5097
     Episode_Reward/hip_yaw_action: -0.4478
    Episode_Reward/feet_y_distance: -0.0071
--------------------------------------------------------------------------------
                   Total timesteps: 15138816
                    Iteration time: 3.69s
                      Time elapsed: 00:04:46
                               ETA: 05:05:11

################################################################################
                      [1m Learning iteration 77/5000 [0m                      

                       Computation: 53121 steps/s (collection: 2.194s, learning 1.507s)
             Mean action noise std: 0.77
          Mean value_function loss: 0.6823
               Mean surrogate loss: 0.0024
                 Mean entropy loss: 23.6771
                     Mean amp loss: 0.0381
            Mean amp_grad_pen loss: 0.0999
         Mean amp_policy_pred loss: -0.8607
         Mean amp_expert_pred loss: 0.8648
                Mean symmetry loss: 0.0039
                       Mean reward: 26.17
               Mean episode length: 523.12
Episode_Reward/track_lin_vel_xy_exp: 1.7043
Episode_Reward/track_ang_vel_z_exp: 0.1411
       Episode_Reward/lin_vel_z_l2: -0.0085
      Episode_Reward/ang_vel_xy_l2: -0.0223
             Episode_Reward/energy: -0.0144
         Episode_Reward/dof_acc_l2: -0.0836
     Episode_Reward/action_rate_l2: -0.1536
 Episode_Reward/undesired_contacts: -0.0001
Episode_Reward/body_orientation_l2: -0.0207
Episode_Reward/flat_orientation_l2: -0.0124
Episode_Reward/termination_penalty: -0.1897
         Episode_Reward/feet_slide: -0.0101
         Episode_Reward/feet_force: -0.0083
      Episode_Reward/feet_too_near: -0.0036
       Episode_Reward/feet_stumble: 0.0000
     Episode_Reward/dof_pos_limits: -0.0246
Episode_Reward/joint_deviation_hip: -0.0120
Episode_Reward/joint_deviation_arms: -0.0018
Episode_Reward/joint_deviation_legs: -0.0010
Episode_Reward/joint_deviation_waist: -0.0041
Episode_Reward/gait_feet_frc_perio: 0.7565
Episode_Reward/gait_feet_spd_perio: 0.2386
Episode_Reward/gait_feet_frc_support_perio: 0.3040
       Episode_Reward/ankle_torque: -0.0239
       Episode_Reward/ankle_action: -0.0015
    Episode_Reward/hip_roll_action: -0.5150
     Episode_Reward/hip_yaw_action: -0.4521
    Episode_Reward/feet_y_distance: -0.0069
--------------------------------------------------------------------------------
                   Total timesteps: 15335424
                    Iteration time: 3.70s
                      Time elapsed: 00:04:50
                               ETA: 05:05:06

################################################################################
                      [1m Learning iteration 78/5000 [0m                      

                       Computation: 53205 steps/s (collection: 2.196s, learning 1.500s)
             Mean action noise std: 0.77
          Mean value_function loss: 0.7333
               Mean surrogate loss: 0.0000
                 Mean entropy loss: 23.6776
                     Mean amp loss: 0.0409
            Mean amp_grad_pen loss: 0.0995
         Mean amp_policy_pred loss: -0.8560
         Mean amp_expert_pred loss: 0.8555
                Mean symmetry loss: 0.0036
                       Mean reward: 25.69
               Mean episode length: 507.97
Episode_Reward/track_lin_vel_xy_exp: 1.5705
Episode_Reward/track_ang_vel_z_exp: 0.1355
       Episode_Reward/lin_vel_z_l2: -0.0083
      Episode_Reward/ang_vel_xy_l2: -0.0217
             Episode_Reward/energy: -0.0139
         Episode_Reward/dof_acc_l2: -0.0810
     Episode_Reward/action_rate_l2: -0.1457
 Episode_Reward/undesired_contacts: -0.0001
Episode_Reward/body_orientation_l2: -0.0210
Episode_Reward/flat_orientation_l2: -0.0126
Episode_Reward/termination_penalty: -0.1927
         Episode_Reward/feet_slide: -0.0096
         Episode_Reward/feet_force: -0.0080
      Episode_Reward/feet_too_near: -0.0032
       Episode_Reward/feet_stumble: 0.0000
     Episode_Reward/dof_pos_limits: -0.0240
Episode_Reward/joint_deviation_hip: -0.0109
Episode_Reward/joint_deviation_arms: -0.0016
Episode_Reward/joint_deviation_legs: -0.0009
Episode_Reward/joint_deviation_waist: -0.0037
Episode_Reward/gait_feet_frc_perio: 0.7284
Episode_Reward/gait_feet_spd_perio: 0.2264
Episode_Reward/gait_feet_frc_support_perio: 0.2901
       Episode_Reward/ankle_torque: -0.0228
       Episode_Reward/ankle_action: -0.0015
    Episode_Reward/hip_roll_action: -0.4957
     Episode_Reward/hip_yaw_action: -0.4282
    Episode_Reward/feet_y_distance: -0.0065
--------------------------------------------------------------------------------
                   Total timesteps: 15532032
                    Iteration time: 3.70s
                      Time elapsed: 00:04:53
                               ETA: 05:05:01

################################################################################
                      [1m Learning iteration 79/5000 [0m                      

                       Computation: 53307 steps/s (collection: 2.201s, learning 1.487s)
             Mean action noise std: 0.77
          Mean value_function loss: 0.6768
               Mean surrogate loss: -0.0007
                 Mean entropy loss: 23.6891
                     Mean amp loss: 0.0419
            Mean amp_grad_pen loss: 0.1019
         Mean amp_policy_pred loss: -0.8529
         Mean amp_expert_pred loss: 0.8548
                Mean symmetry loss: 0.0034
                       Mean reward: 23.70
               Mean episode length: 490.95
Episode_Reward/track_lin_vel_xy_exp: 1.6547
Episode_Reward/track_ang_vel_z_exp: 0.1361
       Episode_Reward/lin_vel_z_l2: -0.0086
      Episode_Reward/ang_vel_xy_l2: -0.0222
             Episode_Reward/energy: -0.0144
         Episode_Reward/dof_acc_l2: -0.0811
     Episode_Reward/action_rate_l2: -0.1505
 Episode_Reward/undesired_contacts: -0.0001
Episode_Reward/body_orientation_l2: -0.0215
Episode_Reward/flat_orientation_l2: -0.0129
Episode_Reward/termination_penalty: -0.1918
         Episode_Reward/feet_slide: -0.0099
         Episode_Reward/feet_force: -0.0083
      Episode_Reward/feet_too_near: -0.0033
       Episode_Reward/feet_stumble: 0.0000
     Episode_Reward/dof_pos_limits: -0.0245
Episode_Reward/joint_deviation_hip: -0.0118
Episode_Reward/joint_deviation_arms: -0.0017
Episode_Reward/joint_deviation_legs: -0.0010
Episode_Reward/joint_deviation_waist: -0.0040
Episode_Reward/gait_feet_frc_perio: 0.7504
Episode_Reward/gait_feet_spd_perio: 0.2338
Episode_Reward/gait_feet_frc_support_perio: 0.2995
       Episode_Reward/ankle_torque: -0.0237
       Episode_Reward/ankle_action: -0.0015
    Episode_Reward/hip_roll_action: -0.5097
     Episode_Reward/hip_yaw_action: -0.4408
    Episode_Reward/feet_y_distance: -0.0074
--------------------------------------------------------------------------------
                   Total timesteps: 15728640
                    Iteration time: 3.69s
                      Time elapsed: 00:04:57
                               ETA: 05:04:55

################################################################################
                      [1m Learning iteration 80/5000 [0m                      

                       Computation: 53156 steps/s (collection: 2.195s, learning 1.503s)
             Mean action noise std: 0.77
          Mean value_function loss: 0.6486
               Mean surrogate loss: -0.0010
                 Mean entropy loss: 23.7258
                     Mean amp loss: 0.0393
            Mean amp_grad_pen loss: 0.1006
         Mean amp_policy_pred loss: -0.8594
         Mean amp_expert_pred loss: 0.8594
                Mean symmetry loss: 0.0034
                       Mean reward: 27.15
               Mean episode length: 541.90
Episode_Reward/track_lin_vel_xy_exp: 1.7047
Episode_Reward/track_ang_vel_z_exp: 0.1394
       Episode_Reward/lin_vel_z_l2: -0.0088
      Episode_Reward/ang_vel_xy_l2: -0.0223
             Episode_Reward/energy: -0.0146
         Episode_Reward/dof_acc_l2: -0.0844
     Episode_Reward/action_rate_l2: -0.1515
 Episode_Reward/undesired_contacts: -0.0001
Episode_Reward/body_orientation_l2: -0.0217
Episode_Reward/flat_orientation_l2: -0.0130
Episode_Reward/termination_penalty: -0.1940
         Episode_Reward/feet_slide: -0.0101
         Episode_Reward/feet_force: -0.0084
      Episode_Reward/feet_too_near: -0.0037
       Episode_Reward/feet_stumble: 0.0000
     Episode_Reward/dof_pos_limits: -0.0243
Episode_Reward/joint_deviation_hip: -0.0127
Episode_Reward/joint_deviation_arms: -0.0019
Episode_Reward/joint_deviation_legs: -0.0011
Episode_Reward/joint_deviation_waist: -0.0043
Episode_Reward/gait_feet_frc_perio: 0.7531
Episode_Reward/gait_feet_spd_perio: 0.2345
Episode_Reward/gait_feet_frc_support_perio: 0.3006
       Episode_Reward/ankle_torque: -0.0236
       Episode_Reward/ankle_action: -0.0015
    Episode_Reward/hip_roll_action: -0.5117
     Episode_Reward/hip_yaw_action: -0.4432
    Episode_Reward/feet_y_distance: -0.0075
--------------------------------------------------------------------------------
                   Total timesteps: 15925248
                    Iteration time: 3.70s
                      Time elapsed: 00:05:01
                               ETA: 05:04:50

################################################################################
                      [1m Learning iteration 81/5000 [0m                      

                       Computation: 53228 steps/s (collection: 2.197s, learning 1.497s)
             Mean action noise std: 0.77
          Mean value_function loss: 0.5388
               Mean surrogate loss: 0.0001
                 Mean entropy loss: 23.7375
                     Mean amp loss: 0.0400
            Mean amp_grad_pen loss: 0.1030
         Mean amp_policy_pred loss: -0.8559
         Mean amp_expert_pred loss: 0.8606
                Mean symmetry loss: 0.0033
                       Mean reward: 27.80
               Mean episode length: 548.97
Episode_Reward/track_lin_vel_xy_exp: 1.7173
Episode_Reward/track_ang_vel_z_exp: 0.1419
       Episode_Reward/lin_vel_z_l2: -0.0088
      Episode_Reward/ang_vel_xy_l2: -0.0227
             Episode_Reward/energy: -0.0148
         Episode_Reward/dof_acc_l2: -0.0842
     Episode_Reward/action_rate_l2: -0.1525
 Episode_Reward/undesired_contacts: -0.0001
Episode_Reward/body_orientation_l2: -0.0225
Episode_Reward/flat_orientation_l2: -0.0135
Episode_Reward/termination_penalty: -0.1986
         Episode_Reward/feet_slide: -0.0102
         Episode_Reward/feet_force: -0.0085
      Episode_Reward/feet_too_near: -0.0035
       Episode_Reward/feet_stumble: 0.0000
     Episode_Reward/dof_pos_limits: -0.0246
Episode_Reward/joint_deviation_hip: -0.0127
Episode_Reward/joint_deviation_arms: -0.0019
Episode_Reward/joint_deviation_legs: -0.0011
Episode_Reward/joint_deviation_waist: -0.0042
Episode_Reward/gait_feet_frc_perio: 0.7620
Episode_Reward/gait_feet_spd_perio: 0.2362
Episode_Reward/gait_feet_frc_support_perio: 0.3033
       Episode_Reward/ankle_torque: -0.0238
       Episode_Reward/ankle_action: -0.0015
    Episode_Reward/hip_roll_action: -0.5164
     Episode_Reward/hip_yaw_action: -0.4439
    Episode_Reward/feet_y_distance: -0.0074
--------------------------------------------------------------------------------
                   Total timesteps: 16121856
                    Iteration time: 3.69s
                      Time elapsed: 00:05:04
                               ETA: 05:04:45

################################################################################
                      [1m Learning iteration 82/5000 [0m                      

                       Computation: 52646 steps/s (collection: 2.233s, learning 1.501s)
             Mean action noise std: 0.77
          Mean value_function loss: 0.5057
               Mean surrogate loss: 0.0002
                 Mean entropy loss: 23.7384
                     Mean amp loss: 0.0411
            Mean amp_grad_pen loss: 0.0994
         Mean amp_policy_pred loss: -0.8556
         Mean amp_expert_pred loss: 0.8521
                Mean symmetry loss: 0.0036
                       Mean reward: 26.56
               Mean episode length: 520.24
Episode_Reward/track_lin_vel_xy_exp: 1.7753
Episode_Reward/track_ang_vel_z_exp: 0.1425
       Episode_Reward/lin_vel_z_l2: -0.0090
      Episode_Reward/ang_vel_xy_l2: -0.0227
             Episode_Reward/energy: -0.0150
         Episode_Reward/dof_acc_l2: -0.0837
     Episode_Reward/action_rate_l2: -0.1554
 Episode_Reward/undesired_contacts: -0.0001
Episode_Reward/body_orientation_l2: -0.0222
Episode_Reward/flat_orientation_l2: -0.0133
Episode_Reward/termination_penalty: -0.1949
         Episode_Reward/feet_slide: -0.0103
         Episode_Reward/feet_force: -0.0084
      Episode_Reward/feet_too_near: -0.0037
       Episode_Reward/feet_stumble: 0.0000
     Episode_Reward/dof_pos_limits: -0.0246
Episode_Reward/joint_deviation_hip: -0.0137
Episode_Reward/joint_deviation_arms: -0.0020
Episode_Reward/joint_deviation_legs: -0.0012
Episode_Reward/joint_deviation_waist: -0.0047
Episode_Reward/gait_feet_frc_perio: 0.7714
Episode_Reward/gait_feet_spd_perio: 0.2398
Episode_Reward/gait_feet_frc_support_perio: 0.3072
       Episode_Reward/ankle_torque: -0.0240
       Episode_Reward/ankle_action: -0.0016
    Episode_Reward/hip_roll_action: -0.5241
     Episode_Reward/hip_yaw_action: -0.4523
    Episode_Reward/feet_y_distance: -0.0066
--------------------------------------------------------------------------------
                   Total timesteps: 16318464
                    Iteration time: 3.73s
                      Time elapsed: 00:05:08
                               ETA: 05:04:42

################################################################################
                      [1m Learning iteration 83/5000 [0m                      

                       Computation: 53203 steps/s (collection: 2.200s, learning 1.496s)
             Mean action noise std: 0.77
          Mean value_function loss: 0.3954
               Mean surrogate loss: 0.0021
                 Mean entropy loss: 23.7359
                     Mean amp loss: 0.0362
            Mean amp_grad_pen loss: 0.0937
         Mean amp_policy_pred loss: -0.8677
         Mean amp_expert_pred loss: 0.8667
                Mean symmetry loss: 0.0037
                       Mean reward: 26.49
               Mean episode length: 530.07
Episode_Reward/track_lin_vel_xy_exp: 1.7611
Episode_Reward/track_ang_vel_z_exp: 0.1426
       Episode_Reward/lin_vel_z_l2: -0.0094
      Episode_Reward/ang_vel_xy_l2: -0.0233
             Episode_Reward/energy: -0.0156
         Episode_Reward/dof_acc_l2: -0.0874
     Episode_Reward/action_rate_l2: -0.1578
 Episode_Reward/undesired_contacts: -0.0001
Episode_Reward/body_orientation_l2: -0.0234
Episode_Reward/flat_orientation_l2: -0.0141
Episode_Reward/termination_penalty: -0.1976
         Episode_Reward/feet_slide: -0.0104
         Episode_Reward/feet_force: -0.0092
      Episode_Reward/feet_too_near: -0.0036
       Episode_Reward/feet_stumble: 0.0000
     Episode_Reward/dof_pos_limits: -0.0257
Episode_Reward/joint_deviation_hip: -0.0110
Episode_Reward/joint_deviation_arms: -0.0017
Episode_Reward/joint_deviation_legs: -0.0010
Episode_Reward/joint_deviation_waist: -0.0037
Episode_Reward/gait_feet_frc_perio: 0.8139
Episode_Reward/gait_feet_spd_perio: 0.2503
Episode_Reward/gait_feet_frc_support_perio: 0.3180
       Episode_Reward/ankle_torque: -0.0249
       Episode_Reward/ankle_action: -0.0016
    Episode_Reward/hip_roll_action: -0.5363
     Episode_Reward/hip_yaw_action: -0.4578
    Episode_Reward/feet_y_distance: -0.0067
--------------------------------------------------------------------------------
                   Total timesteps: 16515072
                    Iteration time: 3.70s
                      Time elapsed: 00:05:12
                               ETA: 05:04:37

################################################################################
                      [1m Learning iteration 84/5000 [0m                      

                       Computation: 53254 steps/s (collection: 2.193s, learning 1.499s)
             Mean action noise std: 0.77
          Mean value_function loss: 0.3556
               Mean surrogate loss: 0.0001
                 Mean entropy loss: 23.7204
                     Mean amp loss: 0.0371
            Mean amp_grad_pen loss: 0.0985
         Mean amp_policy_pred loss: -0.8621
         Mean amp_expert_pred loss: 0.8666
                Mean symmetry loss: 0.0035
                       Mean reward: 28.76
               Mean episode length: 551.56
Episode_Reward/track_lin_vel_xy_exp: 1.8221
Episode_Reward/track_ang_vel_z_exp: 0.1498
       Episode_Reward/lin_vel_z_l2: -0.0097
      Episode_Reward/ang_vel_xy_l2: -0.0232
             Episode_Reward/energy: -0.0156
         Episode_Reward/dof_acc_l2: -0.0874
     Episode_Reward/action_rate_l2: -0.1578
 Episode_Reward/undesired_contacts: -0.0001
Episode_Reward/body_orientation_l2: -0.0236
Episode_Reward/flat_orientation_l2: -0.0142
Episode_Reward/termination_penalty: -0.1984
         Episode_Reward/feet_slide: -0.0105
         Episode_Reward/feet_force: -0.0087
      Episode_Reward/feet_too_near: -0.0037
       Episode_Reward/feet_stumble: 0.0000
     Episode_Reward/dof_pos_limits: -0.0254
Episode_Reward/joint_deviation_hip: -0.0143
Episode_Reward/joint_deviation_arms: -0.0021
Episode_Reward/joint_deviation_legs: -0.0012
Episode_Reward/joint_deviation_waist: -0.0049
Episode_Reward/gait_feet_frc_perio: 0.7847
Episode_Reward/gait_feet_spd_perio: 0.2435
Episode_Reward/gait_feet_frc_support_perio: 0.3123
       Episode_Reward/ankle_torque: -0.0246
       Episode_Reward/ankle_action: -0.0016
    Episode_Reward/hip_roll_action: -0.5363
     Episode_Reward/hip_yaw_action: -0.4569
    Episode_Reward/feet_y_distance: -0.0076
--------------------------------------------------------------------------------
                   Total timesteps: 16711680
                    Iteration time: 3.69s
                      Time elapsed: 00:05:15
                               ETA: 05:04:32

################################################################################
                      [1m Learning iteration 85/5000 [0m                      

                       Computation: 53779 steps/s (collection: 2.196s, learning 1.460s)
             Mean action noise std: 0.77
          Mean value_function loss: 0.3697
               Mean surrogate loss: -0.0006
                 Mean entropy loss: 23.7044
                     Mean amp loss: 0.0421
            Mean amp_grad_pen loss: 0.1060
         Mean amp_policy_pred loss: -0.8523
         Mean amp_expert_pred loss: 0.8505
                Mean symmetry loss: 0.0034
                       Mean reward: 32.33
               Mean episode length: 589.19
Episode_Reward/track_lin_vel_xy_exp: 1.9208
Episode_Reward/track_ang_vel_z_exp: 0.1536
       Episode_Reward/lin_vel_z_l2: -0.0101
      Episode_Reward/ang_vel_xy_l2: -0.0241
             Episode_Reward/energy: -0.0166
         Episode_Reward/dof_acc_l2: -0.0902
     Episode_Reward/action_rate_l2: -0.1667
 Episode_Reward/undesired_contacts: -0.0001
Episode_Reward/body_orientation_l2: -0.0238
Episode_Reward/flat_orientation_l2: -0.0143
Episode_Reward/termination_penalty: -0.1864
         Episode_Reward/feet_slide: -0.0109
         Episode_Reward/feet_force: -0.0096
      Episode_Reward/feet_too_near: -0.0036
       Episode_Reward/feet_stumble: 0.0000
     Episode_Reward/dof_pos_limits: -0.0273
Episode_Reward/joint_deviation_hip: -0.0118
Episode_Reward/joint_deviation_arms: -0.0017
Episode_Reward/joint_deviation_legs: -0.0010
Episode_Reward/joint_deviation_waist: -0.0040
Episode_Reward/gait_feet_frc_perio: 0.8644
Episode_Reward/gait_feet_spd_perio: 0.2661
Episode_Reward/gait_feet_frc_support_perio: 0.3365
       Episode_Reward/ankle_torque: -0.0261
       Episode_Reward/ankle_action: -0.0017
    Episode_Reward/hip_roll_action: -0.5676
     Episode_Reward/hip_yaw_action: -0.4828
    Episode_Reward/feet_y_distance: -0.0084
--------------------------------------------------------------------------------
                   Total timesteps: 16908288
                    Iteration time: 3.66s
                      Time elapsed: 00:05:19
                               ETA: 05:04:25

################################################################################
                      [1m Learning iteration 86/5000 [0m                      

                       Computation: 53620 steps/s (collection: 2.202s, learning 1.465s)
             Mean action noise std: 0.77
          Mean value_function loss: 0.2423
               Mean surrogate loss: 0.0023
                 Mean entropy loss: 23.6699
                     Mean amp loss: 0.0428
            Mean amp_grad_pen loss: 0.1062
         Mean amp_policy_pred loss: -0.8505
         Mean amp_expert_pred loss: 0.8500
                Mean symmetry loss: 0.0034
                       Mean reward: 35.48
               Mean episode length: 618.69
Episode_Reward/track_lin_vel_xy_exp: 2.0116
Episode_Reward/track_ang_vel_z_exp: 0.1735
       Episode_Reward/lin_vel_z_l2: -0.0100
      Episode_Reward/ang_vel_xy_l2: -0.0250
             Episode_Reward/energy: -0.0176
         Episode_Reward/dof_acc_l2: -0.0945
     Episode_Reward/action_rate_l2: -0.1775
 Episode_Reward/undesired_contacts: -0.0001
Episode_Reward/body_orientation_l2: -0.0233
Episode_Reward/flat_orientation_l2: -0.0140
Episode_Reward/termination_penalty: -0.1671
         Episode_Reward/feet_slide: -0.0117
         Episode_Reward/feet_force: -0.0099
      Episode_Reward/feet_too_near: -0.0039
       Episode_Reward/feet_stumble: 0.0000
     Episode_Reward/dof_pos_limits: -0.0291
Episode_Reward/joint_deviation_hip: -0.0146
Episode_Reward/joint_deviation_arms: -0.0021
Episode_Reward/joint_deviation_legs: -0.0013
Episode_Reward/joint_deviation_waist: -0.0050
Episode_Reward/gait_feet_frc_perio: 0.9032
Episode_Reward/gait_feet_spd_perio: 0.2764
Episode_Reward/gait_feet_frc_support_perio: 0.3546
       Episode_Reward/ankle_torque: -0.0277
       Episode_Reward/ankle_action: -0.0018
    Episode_Reward/hip_roll_action: -0.6081
     Episode_Reward/hip_yaw_action: -0.5151
    Episode_Reward/feet_y_distance: -0.0089
--------------------------------------------------------------------------------
                   Total timesteps: 17104896
                    Iteration time: 3.67s
                      Time elapsed: 00:05:23
                               ETA: 05:04:18

################################################################################
                      [1m Learning iteration 87/5000 [0m                      

                       Computation: 53431 steps/s (collection: 2.193s, learning 1.487s)
             Mean action noise std: 0.77
          Mean value_function loss: 0.2247
               Mean surrogate loss: 0.0050
                 Mean entropy loss: 23.5912
                     Mean amp loss: 0.0413
            Mean amp_grad_pen loss: 0.1002
         Mean amp_policy_pred loss: -0.8558
         Mean amp_expert_pred loss: 0.8536
                Mean symmetry loss: 0.0034
                       Mean reward: 40.08
               Mean episode length: 698.04
Episode_Reward/track_lin_vel_xy_exp: 2.2632
Episode_Reward/track_ang_vel_z_exp: 0.1838
       Episode_Reward/lin_vel_z_l2: -0.0109
      Episode_Reward/ang_vel_xy_l2: -0.0266
             Episode_Reward/energy: -0.0194
         Episode_Reward/dof_acc_l2: -0.1064
     Episode_Reward/action_rate_l2: -0.1964
 Episode_Reward/undesired_contacts: -0.0001
Episode_Reward/body_orientation_l2: -0.0239
Episode_Reward/flat_orientation_l2: -0.0144
Episode_Reward/termination_penalty: -0.1437
         Episode_Reward/feet_slide: -0.0127
         Episode_Reward/feet_force: -0.0112
      Episode_Reward/feet_too_near: -0.0044
       Episode_Reward/feet_stumble: 0.0000
     Episode_Reward/dof_pos_limits: -0.0319
Episode_Reward/joint_deviation_hip: -0.0151
Episode_Reward/joint_deviation_arms: -0.0022
Episode_Reward/joint_deviation_legs: -0.0013
Episode_Reward/joint_deviation_waist: -0.0051
Episode_Reward/gait_feet_frc_perio: 1.0090
Episode_Reward/gait_feet_spd_perio: 0.3081
Episode_Reward/gait_feet_frc_support_perio: 0.3944
       Episode_Reward/ankle_torque: -0.0305
       Episode_Reward/ankle_action: -0.0020
    Episode_Reward/hip_roll_action: -0.6683
     Episode_Reward/hip_yaw_action: -0.5698
    Episode_Reward/feet_y_distance: -0.0094
--------------------------------------------------------------------------------
                   Total timesteps: 17301504
                    Iteration time: 3.68s
                      Time elapsed: 00:05:26
                               ETA: 05:04:13

################################################################################
                      [1m Learning iteration 88/5000 [0m                      

                       Computation: 53286 steps/s (collection: 2.200s, learning 1.490s)
             Mean action noise std: 0.76
          Mean value_function loss: 0.1931
               Mean surrogate loss: 0.0061
                 Mean entropy loss: 23.5057
                     Mean amp loss: 0.0413
            Mean amp_grad_pen loss: 0.1013
         Mean amp_policy_pred loss: -0.8549
         Mean amp_expert_pred loss: 0.8551
                Mean symmetry loss: 0.0033
                       Mean reward: 46.18
               Mean episode length: 781.90
Episode_Reward/track_lin_vel_xy_exp: 2.5954
Episode_Reward/track_ang_vel_z_exp: 0.2051
       Episode_Reward/lin_vel_z_l2: -0.0113
      Episode_Reward/ang_vel_xy_l2: -0.0282
             Episode_Reward/energy: -0.0210
         Episode_Reward/dof_acc_l2: -0.1209
     Episode_Reward/action_rate_l2: -0.2167
 Episode_Reward/undesired_contacts: -0.0001
Episode_Reward/body_orientation_l2: -0.0229
Episode_Reward/flat_orientation_l2: -0.0137
Episode_Reward/termination_penalty: -0.1155
         Episode_Reward/feet_slide: -0.0139
         Episode_Reward/feet_force: -0.0122
      Episode_Reward/feet_too_near: -0.0046
       Episode_Reward/feet_stumble: 0.0000
     Episode_Reward/dof_pos_limits: -0.0337
Episode_Reward/joint_deviation_hip: -0.0209
Episode_Reward/joint_deviation_arms: -0.0031
Episode_Reward/joint_deviation_legs: -0.0018
Episode_Reward/joint_deviation_waist: -0.0074
Episode_Reward/gait_feet_frc_perio: 1.0652
Episode_Reward/gait_feet_spd_perio: 0.3379
Episode_Reward/gait_feet_frc_support_perio: 0.4284
       Episode_Reward/ankle_torque: -0.0332
       Episode_Reward/ankle_action: -0.0022
    Episode_Reward/hip_roll_action: -0.7291
     Episode_Reward/hip_yaw_action: -0.6283
    Episode_Reward/feet_y_distance: -0.0099
--------------------------------------------------------------------------------
                   Total timesteps: 17498112
                    Iteration time: 3.69s
                      Time elapsed: 00:05:30
                               ETA: 05:04:08

################################################################################
                      [1m Learning iteration 89/5000 [0m                      

                       Computation: 53809 steps/s (collection: 2.189s, learning 1.465s)
             Mean action noise std: 0.76
          Mean value_function loss: 0.1536
               Mean surrogate loss: 0.0029
                 Mean entropy loss: 23.4177
                     Mean amp loss: 0.0421
            Mean amp_grad_pen loss: 0.1064
         Mean amp_policy_pred loss: -0.8503
         Mean amp_expert_pred loss: 0.8551
                Mean symmetry loss: 0.0031
                       Mean reward: 44.98
               Mean episode length: 764.75
Episode_Reward/track_lin_vel_xy_exp: 2.6295
Episode_Reward/track_ang_vel_z_exp: 0.2042
       Episode_Reward/lin_vel_z_l2: -0.0117
      Episode_Reward/ang_vel_xy_l2: -0.0286
             Episode_Reward/energy: -0.0217
         Episode_Reward/dof_acc_l2: -0.1204
     Episode_Reward/action_rate_l2: -0.2208
 Episode_Reward/undesired_contacts: -0.0001
Episode_Reward/body_orientation_l2: -0.0234
Episode_Reward/flat_orientation_l2: -0.0140
Episode_Reward/termination_penalty: -0.1052
         Episode_Reward/feet_slide: -0.0145
         Episode_Reward/feet_force: -0.0128
      Episode_Reward/feet_too_near: -0.0043
       Episode_Reward/feet_stumble: 0.0000
     Episode_Reward/dof_pos_limits: -0.0351
Episode_Reward/joint_deviation_hip: -0.0180
Episode_Reward/joint_deviation_arms: -0.0027
Episode_Reward/joint_deviation_legs: -0.0016
Episode_Reward/joint_deviation_waist: -0.0062
Episode_Reward/gait_feet_frc_perio: 1.1159
Episode_Reward/gait_feet_spd_perio: 0.3485
Episode_Reward/gait_feet_frc_support_perio: 0.4426
       Episode_Reward/ankle_torque: -0.0345
       Episode_Reward/ankle_action: -0.0022
    Episode_Reward/hip_roll_action: -0.7505
     Episode_Reward/hip_yaw_action: -0.6391
    Episode_Reward/feet_y_distance: -0.0099
--------------------------------------------------------------------------------
                   Total timesteps: 17694720
                    Iteration time: 3.65s
                      Time elapsed: 00:05:34
                               ETA: 05:04:00

################################################################################
                      [1m Learning iteration 90/5000 [0m                      

                       Computation: 53713 steps/s (collection: 2.189s, learning 1.471s)
             Mean action noise std: 0.75
          Mean value_function loss: 0.1558
               Mean surrogate loss: 0.0023
                 Mean entropy loss: 23.2651
                     Mean amp loss: 0.0497
            Mean amp_grad_pen loss: 0.1125
         Mean amp_policy_pred loss: -0.8353
         Mean amp_expert_pred loss: 0.8310
                Mean symmetry loss: 0.0032
                       Mean reward: 47.46
               Mean episode length: 795.44
Episode_Reward/track_lin_vel_xy_exp: 2.8056
Episode_Reward/track_ang_vel_z_exp: 0.2173
       Episode_Reward/lin_vel_z_l2: -0.0125
      Episode_Reward/ang_vel_xy_l2: -0.0309
             Episode_Reward/energy: -0.0237
         Episode_Reward/dof_acc_l2: -0.1281
     Episode_Reward/action_rate_l2: -0.2391
 Episode_Reward/undesired_contacts: -0.0001
Episode_Reward/body_orientation_l2: -0.0236
Episode_Reward/flat_orientation_l2: -0.0141
Episode_Reward/termination_penalty: -0.0792
         Episode_Reward/feet_slide: -0.0150
         Episode_Reward/feet_force: -0.0130
      Episode_Reward/feet_too_near: -0.0049
       Episode_Reward/feet_stumble: 0.0000
     Episode_Reward/dof_pos_limits: -0.0382
Episode_Reward/joint_deviation_hip: -0.0167
Episode_Reward/joint_deviation_arms: -0.0025
Episode_Reward/joint_deviation_legs: -0.0014
Episode_Reward/joint_deviation_waist: -0.0057
Episode_Reward/gait_feet_frc_perio: 1.2408
Episode_Reward/gait_feet_spd_perio: 0.3847
Episode_Reward/gait_feet_frc_support_perio: 0.4838
       Episode_Reward/ankle_torque: -0.0371
       Episode_Reward/ankle_action: -0.0024
    Episode_Reward/hip_roll_action: -0.8135
     Episode_Reward/hip_yaw_action: -0.6921
    Episode_Reward/feet_y_distance: -0.0103
--------------------------------------------------------------------------------
                   Total timesteps: 17891328
                    Iteration time: 3.66s
                      Time elapsed: 00:05:37
                               ETA: 05:03:54

################################################################################
                      [1m Learning iteration 91/5000 [0m                      

                       Computation: 53217 steps/s (collection: 2.197s, learning 1.498s)
             Mean action noise std: 0.75
          Mean value_function loss: 0.1957
               Mean surrogate loss: 0.0063
                 Mean entropy loss: 23.1487
                     Mean amp loss: 0.0430
            Mean amp_grad_pen loss: 0.1075
         Mean amp_policy_pred loss: -0.8516
         Mean amp_expert_pred loss: 0.8503
                Mean symmetry loss: 0.0033
                       Mean reward: 49.77
               Mean episode length: 849.76
Episode_Reward/track_lin_vel_xy_exp: 2.7591
Episode_Reward/track_ang_vel_z_exp: 0.2257
       Episode_Reward/lin_vel_z_l2: -0.0125
      Episode_Reward/ang_vel_xy_l2: -0.0314
             Episode_Reward/energy: -0.0249
         Episode_Reward/dof_acc_l2: -0.1327
     Episode_Reward/action_rate_l2: -0.2485
 Episode_Reward/undesired_contacts: -0.0001
Episode_Reward/body_orientation_l2: -0.0235
Episode_Reward/flat_orientation_l2: -0.0141
Episode_Reward/termination_penalty: -0.0545
         Episode_Reward/feet_slide: -0.0153
         Episode_Reward/feet_force: -0.0138
      Episode_Reward/feet_too_near: -0.0047
       Episode_Reward/feet_stumble: 0.0000
     Episode_Reward/dof_pos_limits: -0.0413
Episode_Reward/joint_deviation_hip: -0.0140
Episode_Reward/joint_deviation_arms: -0.0021
Episode_Reward/joint_deviation_legs: -0.0012
Episode_Reward/joint_deviation_waist: -0.0048
Episode_Reward/gait_feet_frc_perio: 1.3271
Episode_Reward/gait_feet_spd_perio: 0.4029
Episode_Reward/gait_feet_frc_support_perio: 0.5092
       Episode_Reward/ankle_torque: -0.0392
       Episode_Reward/ankle_action: -0.0025
    Episode_Reward/hip_roll_action: -0.8530
     Episode_Reward/hip_yaw_action: -0.7194
    Episode_Reward/feet_y_distance: -0.0090
--------------------------------------------------------------------------------
                   Total timesteps: 18087936
                    Iteration time: 3.69s
                      Time elapsed: 00:05:41
                               ETA: 05:03:49

################################################################################
                      [1m Learning iteration 92/5000 [0m                      

                       Computation: 53114 steps/s (collection: 2.188s, learning 1.514s)
             Mean action noise std: 0.75
          Mean value_function loss: 0.1543
               Mean surrogate loss: 0.0048
                 Mean entropy loss: 23.0798
                     Mean amp loss: 0.0433
            Mean amp_grad_pen loss: 0.1043
         Mean amp_policy_pred loss: -0.8492
         Mean amp_expert_pred loss: 0.8513
                Mean symmetry loss: 0.0030
                       Mean reward: 52.10
               Mean episode length: 842.72
Episode_Reward/track_lin_vel_xy_exp: 2.9198
Episode_Reward/track_ang_vel_z_exp: 0.2299
       Episode_Reward/lin_vel_z_l2: -0.0120
      Episode_Reward/ang_vel_xy_l2: -0.0301
             Episode_Reward/energy: -0.0239
         Episode_Reward/dof_acc_l2: -0.1338
     Episode_Reward/action_rate_l2: -0.2419
 Episode_Reward/undesired_contacts: -0.0001
Episode_Reward/body_orientation_l2: -0.0222
Episode_Reward/flat_orientation_l2: -0.0133
Episode_Reward/termination_penalty: -0.0559
         Episode_Reward/feet_slide: -0.0153
         Episode_Reward/feet_force: -0.0139
      Episode_Reward/feet_too_near: -0.0052
       Episode_Reward/feet_stumble: 0.0000
     Episode_Reward/dof_pos_limits: -0.0376
Episode_Reward/joint_deviation_hip: -0.0205
Episode_Reward/joint_deviation_arms: -0.0030
Episode_Reward/joint_deviation_legs: -0.0018
Episode_Reward/joint_deviation_waist: -0.0070
Episode_Reward/gait_feet_frc_perio: 1.2293
Episode_Reward/gait_feet_spd_perio: 0.3808
Episode_Reward/gait_feet_frc_support_perio: 0.4844
       Episode_Reward/ankle_torque: -0.0374
       Episode_Reward/ankle_action: -0.0024
    Episode_Reward/hip_roll_action: -0.8135
     Episode_Reward/hip_yaw_action: -0.6954
    Episode_Reward/feet_y_distance: -0.0113
--------------------------------------------------------------------------------
                   Total timesteps: 18284544
                    Iteration time: 3.70s
                      Time elapsed: 00:05:45
                               ETA: 05:03:45

################################################################################
                      [1m Learning iteration 93/5000 [0m                      

                       Computation: 53368 steps/s (collection: 2.195s, learning 1.489s)
             Mean action noise std: 0.74
          Mean value_function loss: 0.1992
               Mean surrogate loss: 0.0023
                 Mean entropy loss: 22.9503
                     Mean amp loss: 0.0465
            Mean amp_grad_pen loss: 0.1101
         Mean amp_policy_pred loss: -0.8405
         Mean amp_expert_pred loss: 0.8462
                Mean symmetry loss: 0.0031
                       Mean reward: 54.44
               Mean episode length: 866.55
Episode_Reward/track_lin_vel_xy_exp: 2.9551
Episode_Reward/track_ang_vel_z_exp: 0.2271
       Episode_Reward/lin_vel_z_l2: -0.0123
      Episode_Reward/ang_vel_xy_l2: -0.0313
             Episode_Reward/energy: -0.0247
         Episode_Reward/dof_acc_l2: -0.1333
     Episode_Reward/action_rate_l2: -0.2461
 Episode_Reward/undesired_contacts: -0.0001
Episode_Reward/body_orientation_l2: -0.0232
Episode_Reward/flat_orientation_l2: -0.0139
Episode_Reward/termination_penalty: -0.0525
         Episode_Reward/feet_slide: -0.0150
         Episode_Reward/feet_force: -0.0139
      Episode_Reward/feet_too_near: -0.0052
       Episode_Reward/feet_stumble: 0.0000
     Episode_Reward/dof_pos_limits: -0.0393
Episode_Reward/joint_deviation_hip: -0.0157
Episode_Reward/joint_deviation_arms: -0.0023
Episode_Reward/joint_deviation_legs: -0.0013
Episode_Reward/joint_deviation_waist: -0.0054
Episode_Reward/gait_feet_frc_perio: 1.3063
Episode_Reward/gait_feet_spd_perio: 0.4014
Episode_Reward/gait_feet_frc_support_perio: 0.5026
       Episode_Reward/ankle_torque: -0.0386
       Episode_Reward/ankle_action: -0.0025
    Episode_Reward/hip_roll_action: -0.8337
     Episode_Reward/hip_yaw_action: -0.7067
    Episode_Reward/feet_y_distance: -0.0099
--------------------------------------------------------------------------------
                   Total timesteps: 18481152
                    Iteration time: 3.68s
                      Time elapsed: 00:05:49
                               ETA: 05:03:40

################################################################################
                      [1m Learning iteration 94/5000 [0m                      

                       Computation: 52979 steps/s (collection: 2.198s, learning 1.513s)
             Mean action noise std: 0.74
          Mean value_function loss: 0.2577
               Mean surrogate loss: 0.0011
                 Mean entropy loss: 22.8774
                     Mean amp loss: 0.0520
            Mean amp_grad_pen loss: 0.1188
         Mean amp_policy_pred loss: -0.8284
         Mean amp_expert_pred loss: 0.8291
                Mean symmetry loss: 0.0030
                       Mean reward: 52.51
               Mean episode length: 847.06
Episode_Reward/track_lin_vel_xy_exp: 3.0503
Episode_Reward/track_ang_vel_z_exp: 0.2429
       Episode_Reward/lin_vel_z_l2: -0.0125
      Episode_Reward/ang_vel_xy_l2: -0.0313
             Episode_Reward/energy: -0.0252
         Episode_Reward/dof_acc_l2: -0.1383
     Episode_Reward/action_rate_l2: -0.2529
 Episode_Reward/undesired_contacts: -0.0000
Episode_Reward/body_orientation_l2: -0.0223
Episode_Reward/flat_orientation_l2: -0.0134
Episode_Reward/termination_penalty: -0.0392
         Episode_Reward/feet_slide: -0.0156
         Episode_Reward/feet_force: -0.0143
      Episode_Reward/feet_too_near: -0.0052
       Episode_Reward/feet_stumble: 0.0000
     Episode_Reward/dof_pos_limits: -0.0389
Episode_Reward/joint_deviation_hip: -0.0209
Episode_Reward/joint_deviation_arms: -0.0032
Episode_Reward/joint_deviation_legs: -0.0018
Episode_Reward/joint_deviation_waist: -0.0074
Episode_Reward/gait_feet_frc_perio: 1.3040
Episode_Reward/gait_feet_spd_perio: 0.4021
Episode_Reward/gait_feet_frc_support_perio: 0.5087
       Episode_Reward/ankle_torque: -0.0389
       Episode_Reward/ankle_action: -0.0026
    Episode_Reward/hip_roll_action: -0.8541
     Episode_Reward/hip_yaw_action: -0.7255
    Episode_Reward/feet_y_distance: -0.0108
--------------------------------------------------------------------------------
                   Total timesteps: 18677760
                    Iteration time: 3.71s
                      Time elapsed: 00:05:52
                               ETA: 05:03:36

################################################################################
                      [1m Learning iteration 95/5000 [0m                      

                       Computation: 53408 steps/s (collection: 2.190s, learning 1.491s)
             Mean action noise std: 0.74
          Mean value_function loss: 0.2798
               Mean surrogate loss: 0.0060
                 Mean entropy loss: 22.8139
                     Mean amp loss: 0.0557
            Mean amp_grad_pen loss: 0.1220
         Mean amp_policy_pred loss: -0.8206
         Mean amp_expert_pred loss: 0.8212
                Mean symmetry loss: 0.0032
                       Mean reward: 52.98
               Mean episode length: 834.69
Episode_Reward/track_lin_vel_xy_exp: 2.8523
Episode_Reward/track_ang_vel_z_exp: 0.2204
       Episode_Reward/lin_vel_z_l2: -0.0125
      Episode_Reward/ang_vel_xy_l2: -0.0310
             Episode_Reward/energy: -0.0244
         Episode_Reward/dof_acc_l2: -0.1332
     Episode_Reward/action_rate_l2: -0.2373
 Episode_Reward/undesired_contacts: -0.0001
Episode_Reward/body_orientation_l2: -0.0239
Episode_Reward/flat_orientation_l2: -0.0143
Episode_Reward/termination_penalty: -0.0598
         Episode_Reward/feet_slide: -0.0152
         Episode_Reward/feet_force: -0.0140
      Episode_Reward/feet_too_near: -0.0048
       Episode_Reward/feet_stumble: 0.0000
     Episode_Reward/dof_pos_limits: -0.0372
Episode_Reward/joint_deviation_hip: -0.0159
Episode_Reward/joint_deviation_arms: -0.0024
Episode_Reward/joint_deviation_legs: -0.0014
Episode_Reward/joint_deviation_waist: -0.0056
Episode_Reward/gait_feet_frc_perio: 1.2617
Episode_Reward/gait_feet_spd_perio: 0.3819
Episode_Reward/gait_feet_frc_support_perio: 0.4841
       Episode_Reward/ankle_torque: -0.0370
       Episode_Reward/ankle_action: -0.0024
    Episode_Reward/hip_roll_action: -0.8064
     Episode_Reward/hip_yaw_action: -0.6785
    Episode_Reward/feet_y_distance: -0.0101
--------------------------------------------------------------------------------
                   Total timesteps: 18874368
                    Iteration time: 3.68s
                      Time elapsed: 00:05:56
                               ETA: 05:03:30

################################################################################
                      [1m Learning iteration 96/5000 [0m                      

                       Computation: 53426 steps/s (collection: 2.188s, learning 1.492s)
             Mean action noise std: 0.74
          Mean value_function loss: 0.3768
               Mean surrogate loss: 0.0043
                 Mean entropy loss: 22.7919
                     Mean amp loss: 0.0534
            Mean amp_grad_pen loss: 0.1220
         Mean amp_policy_pred loss: -0.8267
         Mean amp_expert_pred loss: 0.8236
                Mean symmetry loss: 0.0030
                       Mean reward: 53.12
               Mean episode length: 855.84
Episode_Reward/track_lin_vel_xy_exp: 2.9071
Episode_Reward/track_ang_vel_z_exp: 0.2258
       Episode_Reward/lin_vel_z_l2: -0.0124
      Episode_Reward/ang_vel_xy_l2: -0.0306
             Episode_Reward/energy: -0.0245
         Episode_Reward/dof_acc_l2: -0.1318
     Episode_Reward/action_rate_l2: -0.2382
 Episode_Reward/undesired_contacts: -0.0001
Episode_Reward/body_orientation_l2: -0.0229
Episode_Reward/flat_orientation_l2: -0.0137
Episode_Reward/termination_penalty: -0.0637
         Episode_Reward/feet_slide: -0.0152
         Episode_Reward/feet_force: -0.0140
      Episode_Reward/feet_too_near: -0.0047
       Episode_Reward/feet_stumble: 0.0000
     Episode_Reward/dof_pos_limits: -0.0370
Episode_Reward/joint_deviation_hip: -0.0192
Episode_Reward/joint_deviation_arms: -0.0029
Episode_Reward/joint_deviation_legs: -0.0017
Episode_Reward/joint_deviation_waist: -0.0066
Episode_Reward/gait_feet_frc_perio: 1.2433
Episode_Reward/gait_feet_spd_perio: 0.3789
Episode_Reward/gait_feet_frc_support_perio: 0.4817
       Episode_Reward/ankle_torque: -0.0370
       Episode_Reward/ankle_action: -0.0024
    Episode_Reward/hip_roll_action: -0.8110
     Episode_Reward/hip_yaw_action: -0.6786
    Episode_Reward/feet_y_distance: -0.0109
--------------------------------------------------------------------------------
                   Total timesteps: 19070976
                    Iteration time: 3.68s
                      Time elapsed: 00:06:00
                               ETA: 05:03:25

################################################################################
                      [1m Learning iteration 97/5000 [0m                      

                       Computation: 53193 steps/s (collection: 2.197s, learning 1.499s)
             Mean action noise std: 0.74
          Mean value_function loss: 0.3973
               Mean surrogate loss: 0.0038
                 Mean entropy loss: 22.7555
                     Mean amp loss: 0.0545
            Mean amp_grad_pen loss: 0.1268
         Mean amp_policy_pred loss: -0.8224
         Mean amp_expert_pred loss: 0.8203
                Mean symmetry loss: 0.0031
                       Mean reward: 48.26
               Mean episode length: 770.72
Episode_Reward/track_lin_vel_xy_exp: 2.8030
Episode_Reward/track_ang_vel_z_exp: 0.2094
       Episode_Reward/lin_vel_z_l2: -0.0120
      Episode_Reward/ang_vel_xy_l2: -0.0297
             Episode_Reward/energy: -0.0233
         Episode_Reward/dof_acc_l2: -0.1227
     Episode_Reward/action_rate_l2: -0.2239
 Episode_Reward/undesired_contacts: -0.0001
Episode_Reward/body_orientation_l2: -0.0232
Episode_Reward/flat_orientation_l2: -0.0139
Episode_Reward/termination_penalty: -0.0768
         Episode_Reward/feet_slide: -0.0141
         Episode_Reward/feet_force: -0.0132
      Episode_Reward/feet_too_near: -0.0046
       Episode_Reward/feet_stumble: 0.0000
     Episode_Reward/dof_pos_limits: -0.0344
Episode_Reward/joint_deviation_hip: -0.0165
Episode_Reward/joint_deviation_arms: -0.0025
Episode_Reward/joint_deviation_legs: -0.0014
Episode_Reward/joint_deviation_waist: -0.0057
Episode_Reward/gait_feet_frc_perio: 1.1942
Episode_Reward/gait_feet_spd_perio: 0.3607
Episode_Reward/gait_feet_frc_support_perio: 0.4564
       Episode_Reward/ankle_torque: -0.0350
       Episode_Reward/ankle_action: -0.0023
    Episode_Reward/hip_roll_action: -0.7615
     Episode_Reward/hip_yaw_action: -0.6387
    Episode_Reward/feet_y_distance: -0.0115
--------------------------------------------------------------------------------
                   Total timesteps: 19267584
                    Iteration time: 3.70s
                      Time elapsed: 00:06:03
                               ETA: 05:03:20

################################################################################
                      [1m Learning iteration 98/5000 [0m                      

                       Computation: 53507 steps/s (collection: 2.187s, learning 1.487s)
             Mean action noise std: 0.74
          Mean value_function loss: 0.4326
               Mean surrogate loss: 0.0020
                 Mean entropy loss: 22.7205
                     Mean amp loss: 0.0630
            Mean amp_grad_pen loss: 0.1323
         Mean amp_policy_pred loss: -0.8027
         Mean amp_expert_pred loss: 0.8024
                Mean symmetry loss: 0.0032
                       Mean reward: 48.04
               Mean episode length: 747.24
Episode_Reward/track_lin_vel_xy_exp: 2.6458
Episode_Reward/track_ang_vel_z_exp: 0.2058
       Episode_Reward/lin_vel_z_l2: -0.0119
      Episode_Reward/ang_vel_xy_l2: -0.0293
             Episode_Reward/energy: -0.0230
         Episode_Reward/dof_acc_l2: -0.1218
     Episode_Reward/action_rate_l2: -0.2161
 Episode_Reward/undesired_contacts: -0.0001
Episode_Reward/body_orientation_l2: -0.0233
Episode_Reward/flat_orientation_l2: -0.0140
Episode_Reward/termination_penalty: -0.0882
         Episode_Reward/feet_slide: -0.0137
         Episode_Reward/feet_force: -0.0131
      Episode_Reward/feet_too_near: -0.0045
       Episode_Reward/feet_stumble: 0.0000
     Episode_Reward/dof_pos_limits: -0.0341
Episode_Reward/joint_deviation_hip: -0.0148
Episode_Reward/joint_deviation_arms: -0.0023
Episode_Reward/joint_deviation_legs: -0.0013
Episode_Reward/joint_deviation_waist: -0.0052
Episode_Reward/gait_feet_frc_perio: 1.1651
Episode_Reward/gait_feet_spd_perio: 0.3492
Episode_Reward/gait_feet_frc_support_perio: 0.4425
       Episode_Reward/ankle_torque: -0.0341
       Episode_Reward/ankle_action: -0.0022
    Episode_Reward/hip_roll_action: -0.7450
     Episode_Reward/hip_yaw_action: -0.6140
    Episode_Reward/feet_y_distance: -0.0103
--------------------------------------------------------------------------------
                   Total timesteps: 19464192
                    Iteration time: 3.67s
                      Time elapsed: 00:06:07
                               ETA: 05:03:15

################################################################################
                      [1m Learning iteration 99/5000 [0m                      

                       Computation: 53223 steps/s (collection: 2.191s, learning 1.503s)
             Mean action noise std: 0.74
          Mean value_function loss: 0.5499
               Mean surrogate loss: 0.0008
                 Mean entropy loss: 22.7049
                     Mean amp loss: 0.0649
            Mean amp_grad_pen loss: 0.1383
         Mean amp_policy_pred loss: -0.7970
         Mean amp_expert_pred loss: 0.7978
                Mean symmetry loss: 0.0032
                       Mean reward: 44.40
               Mean episode length: 697.02
Episode_Reward/track_lin_vel_xy_exp: 2.5271
Episode_Reward/track_ang_vel_z_exp: 0.1902
       Episode_Reward/lin_vel_z_l2: -0.0116
      Episode_Reward/ang_vel_xy_l2: -0.0278
             Episode_Reward/energy: -0.0218
         Episode_Reward/dof_acc_l2: -0.1129
     Episode_Reward/action_rate_l2: -0.2021
 Episode_Reward/undesired_contacts: -0.0001
Episode_Reward/body_orientation_l2: -0.0228
Episode_Reward/flat_orientation_l2: -0.0137
Episode_Reward/termination_penalty: -0.1006
         Episode_Reward/feet_slide: -0.0128
         Episode_Reward/feet_force: -0.0122
      Episode_Reward/feet_too_near: -0.0044
       Episode_Reward/feet_stumble: 0.0000
     Episode_Reward/dof_pos_limits: -0.0315
Episode_Reward/joint_deviation_hip: -0.0135
Episode_Reward/joint_deviation_arms: -0.0021
Episode_Reward/joint_deviation_legs: -0.0012
Episode_Reward/joint_deviation_waist: -0.0047
Episode_Reward/gait_feet_frc_perio: 1.0995
Episode_Reward/gait_feet_spd_perio: 0.3296
Episode_Reward/gait_feet_frc_support_perio: 0.4153
       Episode_Reward/ankle_torque: -0.0318
       Episode_Reward/ankle_action: -0.0021
    Episode_Reward/hip_roll_action: -0.6956
     Episode_Reward/hip_yaw_action: -0.5739
    Episode_Reward/feet_y_distance: -0.0093
--------------------------------------------------------------------------------
                   Total timesteps: 19660800
                    Iteration time: 3.69s
                      Time elapsed: 00:06:11
                               ETA: 05:03:10

################################################################################
                     [1m Learning iteration 100/5000 [0m                      

                       Computation: 52953 steps/s (collection: 2.202s, learning 1.511s)
             Mean action noise std: 0.74
          Mean value_function loss: 0.6415
               Mean surrogate loss: 0.0003
                 Mean entropy loss: 22.7105
                     Mean amp loss: 0.0642
            Mean amp_grad_pen loss: 0.1342
         Mean amp_policy_pred loss: -0.7986
         Mean amp_expert_pred loss: 0.7986
                Mean symmetry loss: 0.0034
                       Mean reward: 40.16
               Mean episode length: 637.82
Episode_Reward/track_lin_vel_xy_exp: 2.3103
Episode_Reward/track_ang_vel_z_exp: 0.1749
       Episode_Reward/lin_vel_z_l2: -0.0109
      Episode_Reward/ang_vel_xy_l2: -0.0261
             Episode_Reward/energy: -0.0201
         Episode_Reward/dof_acc_l2: -0.1036
     Episode_Reward/action_rate_l2: -0.1845
 Episode_Reward/undesired_contacts: -0.0001
Episode_Reward/body_orientation_l2: -0.0223
Episode_Reward/flat_orientation_l2: -0.0134
Episode_Reward/termination_penalty: -0.1214
         Episode_Reward/feet_slide: -0.0117
         Episode_Reward/feet_force: -0.0112
      Episode_Reward/feet_too_near: -0.0041
       Episode_Reward/feet_stumble: 0.0000
     Episode_Reward/dof_pos_limits: -0.0288
Episode_Reward/joint_deviation_hip: -0.0133
Episode_Reward/joint_deviation_arms: -0.0021
Episode_Reward/joint_deviation_legs: -0.0012
Episode_Reward/joint_deviation_waist: -0.0047
Episode_Reward/gait_feet_frc_perio: 1.0074
Episode_Reward/gait_feet_spd_perio: 0.3002
Episode_Reward/gait_feet_frc_support_perio: 0.3782
       Episode_Reward/ankle_torque: -0.0291
       Episode_Reward/ankle_action: -0.0019
    Episode_Reward/hip_roll_action: -0.6407
     Episode_Reward/hip_yaw_action: -0.5216
    Episode_Reward/feet_y_distance: -0.0094
--------------------------------------------------------------------------------
                   Total timesteps: 19857408
                    Iteration time: 3.71s
                      Time elapsed: 00:06:14
                               ETA: 05:03:07

################################################################################
                     [1m Learning iteration 101/5000 [0m                      

                       Computation: 53703 steps/s (collection: 2.186s, learning 1.475s)
             Mean action noise std: 0.74
          Mean value_function loss: 0.6128
               Mean surrogate loss: 0.0016
                 Mean entropy loss: 22.7262
                     Mean amp loss: 0.0624
            Mean amp_grad_pen loss: 0.1331
         Mean amp_policy_pred loss: -0.8026
         Mean amp_expert_pred loss: 0.8021
                Mean symmetry loss: 0.0033
                       Mean reward: 41.62
               Mean episode length: 656.06
Episode_Reward/track_lin_vel_xy_exp: 2.3909
Episode_Reward/track_ang_vel_z_exp: 0.1825
       Episode_Reward/lin_vel_z_l2: -0.0113
      Episode_Reward/ang_vel_xy_l2: -0.0268
             Episode_Reward/energy: -0.0208
         Episode_Reward/dof_acc_l2: -0.1054
     Episode_Reward/action_rate_l2: -0.1881
 Episode_Reward/undesired_contacts: -0.0001
Episode_Reward/body_orientation_l2: -0.0234
Episode_Reward/flat_orientation_l2: -0.0140
Episode_Reward/termination_penalty: -0.1330
         Episode_Reward/feet_slide: -0.0122
         Episode_Reward/feet_force: -0.0111
      Episode_Reward/feet_too_near: -0.0040
       Episode_Reward/feet_stumble: 0.0000
     Episode_Reward/dof_pos_limits: -0.0294
Episode_Reward/joint_deviation_hip: -0.0149
Episode_Reward/joint_deviation_arms: -0.0024
Episode_Reward/joint_deviation_legs: -0.0014
Episode_Reward/joint_deviation_waist: -0.0052
Episode_Reward/gait_feet_frc_perio: 1.0198
Episode_Reward/gait_feet_spd_perio: 0.3018
Episode_Reward/gait_feet_frc_support_perio: 0.3847
       Episode_Reward/ankle_torque: -0.0296
       Episode_Reward/ankle_action: -0.0020
    Episode_Reward/hip_roll_action: -0.6550
     Episode_Reward/hip_yaw_action: -0.5310
    Episode_Reward/feet_y_distance: -0.0104
--------------------------------------------------------------------------------
                   Total timesteps: 20054016
                    Iteration time: 3.66s
                      Time elapsed: 00:06:18
                               ETA: 05:03:00

################################################################################
                     [1m Learning iteration 102/5000 [0m                      

                       Computation: 53381 steps/s (collection: 2.193s, learning 1.490s)
             Mean action noise std: 0.74
          Mean value_function loss: 0.6467
               Mean surrogate loss: 0.0007
                 Mean entropy loss: 22.7554
                     Mean amp loss: 0.0619
            Mean amp_grad_pen loss: 0.1342
         Mean amp_policy_pred loss: -0.8046
         Mean amp_expert_pred loss: 0.8033
                Mean symmetry loss: 0.0035
                       Mean reward: 35.99
               Mean episode length: 552.06
Episode_Reward/track_lin_vel_xy_exp: 2.2282
Episode_Reward/track_ang_vel_z_exp: 0.1646
       Episode_Reward/lin_vel_z_l2: -0.0109
      Episode_Reward/ang_vel_xy_l2: -0.0254
             Episode_Reward/energy: -0.0192
         Episode_Reward/dof_acc_l2: -0.0992
     Episode_Reward/action_rate_l2: -0.1705
 Episode_Reward/undesired_contacts: -0.0001
Episode_Reward/body_orientation_l2: -0.0231
Episode_Reward/flat_orientation_l2: -0.0139
Episode_Reward/termination_penalty: -0.1496
         Episode_Reward/feet_slide: -0.0113
         Episode_Reward/feet_force: -0.0105
      Episode_Reward/feet_too_near: -0.0039
       Episode_Reward/feet_stumble: 0.0000
     Episode_Reward/dof_pos_limits: -0.0258
Episode_Reward/joint_deviation_hip: -0.0137
Episode_Reward/joint_deviation_arms: -0.0022
Episode_Reward/joint_deviation_legs: -0.0013
Episode_Reward/joint_deviation_waist: -0.0048
Episode_Reward/gait_feet_frc_perio: 0.9287
Episode_Reward/gait_feet_spd_perio: 0.2730
Episode_Reward/gait_feet_frc_support_perio: 0.3471
       Episode_Reward/ankle_torque: -0.0267
       Episode_Reward/ankle_action: -0.0018
    Episode_Reward/hip_roll_action: -0.5916
     Episode_Reward/hip_yaw_action: -0.4801
    Episode_Reward/feet_y_distance: -0.0090
--------------------------------------------------------------------------------
                   Total timesteps: 20250624
                    Iteration time: 3.68s
                      Time elapsed: 00:06:22
                               ETA: 05:02:55

################################################################################
                     [1m Learning iteration 103/5000 [0m                      

                       Computation: 53210 steps/s (collection: 2.192s, learning 1.503s)
             Mean action noise std: 0.74
          Mean value_function loss: 0.6490
               Mean surrogate loss: 0.0005
                 Mean entropy loss: 22.7693
                     Mean amp loss: 0.0609
            Mean amp_grad_pen loss: 0.1299
         Mean amp_policy_pred loss: -0.8082
         Mean amp_expert_pred loss: 0.8060
                Mean symmetry loss: 0.0035
                       Mean reward: 31.84
               Mean episode length: 516.77
Episode_Reward/track_lin_vel_xy_exp: 2.1057
Episode_Reward/track_ang_vel_z_exp: 0.1575
       Episode_Reward/lin_vel_z_l2: -0.0104
      Episode_Reward/ang_vel_xy_l2: -0.0247
             Episode_Reward/energy: -0.0186
         Episode_Reward/dof_acc_l2: -0.0926
     Episode_Reward/action_rate_l2: -0.1638
 Episode_Reward/undesired_contacts: -0.0001
Episode_Reward/body_orientation_l2: -0.0228
Episode_Reward/flat_orientation_l2: -0.0137
Episode_Reward/termination_penalty: -0.1577
         Episode_Reward/feet_slide: -0.0110
         Episode_Reward/feet_force: -0.0101
      Episode_Reward/feet_too_near: -0.0040
       Episode_Reward/feet_stumble: 0.0000
     Episode_Reward/dof_pos_limits: -0.0248
Episode_Reward/joint_deviation_hip: -0.0142
Episode_Reward/joint_deviation_arms: -0.0022
Episode_Reward/joint_deviation_legs: -0.0013
Episode_Reward/joint_deviation_waist: -0.0050
Episode_Reward/gait_feet_frc_perio: 0.8916
Episode_Reward/gait_feet_spd_perio: 0.2602
Episode_Reward/gait_feet_frc_support_perio: 0.3338
       Episode_Reward/ankle_torque: -0.0258
       Episode_Reward/ankle_action: -0.0017
    Episode_Reward/hip_roll_action: -0.5722
     Episode_Reward/hip_yaw_action: -0.4618
    Episode_Reward/feet_y_distance: -0.0083
--------------------------------------------------------------------------------
                   Total timesteps: 20447232
                    Iteration time: 3.69s
                      Time elapsed: 00:06:25
                               ETA: 05:02:51

################################################################################
                     [1m Learning iteration 104/5000 [0m                      

                       Computation: 53384 steps/s (collection: 2.189s, learning 1.494s)
             Mean action noise std: 0.74
          Mean value_function loss: 0.7043
               Mean surrogate loss: 0.0010
                 Mean entropy loss: 22.7796
                     Mean amp loss: 0.0610
            Mean amp_grad_pen loss: 0.1321
         Mean amp_policy_pred loss: -0.8063
         Mean amp_expert_pred loss: 0.8067
                Mean symmetry loss: 0.0034
                       Mean reward: 38.19
               Mean episode length: 593.42
Episode_Reward/track_lin_vel_xy_exp: 2.0113
Episode_Reward/track_ang_vel_z_exp: 0.1494
       Episode_Reward/lin_vel_z_l2: -0.0104
      Episode_Reward/ang_vel_xy_l2: -0.0242
             Episode_Reward/energy: -0.0181
         Episode_Reward/dof_acc_l2: -0.0903
     Episode_Reward/action_rate_l2: -0.1557
 Episode_Reward/undesired_contacts: -0.0001
Episode_Reward/body_orientation_l2: -0.0224
Episode_Reward/flat_orientation_l2: -0.0135
Episode_Reward/termination_penalty: -0.1757
         Episode_Reward/feet_slide: -0.0101
         Episode_Reward/feet_force: -0.0097
      Episode_Reward/feet_too_near: -0.0035
       Episode_Reward/feet_stumble: 0.0000
     Episode_Reward/dof_pos_limits: -0.0248
Episode_Reward/joint_deviation_hip: -0.0112
Episode_Reward/joint_deviation_arms: -0.0018
Episode_Reward/joint_deviation_legs: -0.0011
Episode_Reward/joint_deviation_waist: -0.0039
Episode_Reward/gait_feet_frc_perio: 0.8686
Episode_Reward/gait_feet_spd_perio: 0.2517
Episode_Reward/gait_feet_frc_support_perio: 0.3202
       Episode_Reward/ankle_torque: -0.0249
       Episode_Reward/ankle_action: -0.0017
    Episode_Reward/hip_roll_action: -0.5512
     Episode_Reward/hip_yaw_action: -0.4373
    Episode_Reward/feet_y_distance: -0.0078
--------------------------------------------------------------------------------
                   Total timesteps: 20643840
                    Iteration time: 3.68s
                      Time elapsed: 00:06:29
                               ETA: 05:02:46

################################################################################
                     [1m Learning iteration 105/5000 [0m                      

                       Computation: 53448 steps/s (collection: 2.201s, learning 1.477s)
             Mean action noise std: 0.74
          Mean value_function loss: 0.6917
               Mean surrogate loss: 0.0006
                 Mean entropy loss: 22.8057
                     Mean amp loss: 0.0616
            Mean amp_grad_pen loss: 0.1300
         Mean amp_policy_pred loss: -0.8086
         Mean amp_expert_pred loss: 0.8027
                Mean symmetry loss: 0.0037
                       Mean reward: 33.48
               Mean episode length: 528.07
Episode_Reward/track_lin_vel_xy_exp: 2.0672
Episode_Reward/track_ang_vel_z_exp: 0.1557
       Episode_Reward/lin_vel_z_l2: -0.0101
      Episode_Reward/ang_vel_xy_l2: -0.0240
             Episode_Reward/energy: -0.0178
         Episode_Reward/dof_acc_l2: -0.0904
     Episode_Reward/action_rate_l2: -0.1546
 Episode_Reward/undesired_contacts: -0.0001
Episode_Reward/body_orientation_l2: -0.0229
Episode_Reward/flat_orientation_l2: -0.0137
Episode_Reward/termination_penalty: -0.1767
         Episode_Reward/feet_slide: -0.0104
         Episode_Reward/feet_force: -0.0095
      Episode_Reward/feet_too_near: -0.0036
       Episode_Reward/feet_stumble: 0.0000
     Episode_Reward/dof_pos_limits: -0.0231
Episode_Reward/joint_deviation_hip: -0.0149
Episode_Reward/joint_deviation_arms: -0.0024
Episode_Reward/joint_deviation_legs: -0.0014
Episode_Reward/joint_deviation_waist: -0.0053
Episode_Reward/gait_feet_frc_perio: 0.8315
Episode_Reward/gait_feet_spd_perio: 0.2431
Episode_Reward/gait_feet_frc_support_perio: 0.3112
       Episode_Reward/ankle_torque: -0.0244
       Episode_Reward/ankle_action: -0.0017
    Episode_Reward/hip_roll_action: -0.5411
     Episode_Reward/hip_yaw_action: -0.4324
    Episode_Reward/feet_y_distance: -0.0096
--------------------------------------------------------------------------------
                   Total timesteps: 20840448
                    Iteration time: 3.68s
                      Time elapsed: 00:06:33
                               ETA: 05:02:41

################################################################################
                     [1m Learning iteration 106/5000 [0m                      

                       Computation: 53887 steps/s (collection: 2.192s, learning 1.457s)
             Mean action noise std: 0.74
          Mean value_function loss: 0.6176
               Mean surrogate loss: 0.0044
                 Mean entropy loss: 22.8115
                     Mean amp loss: 0.0590
            Mean amp_grad_pen loss: 0.1317
         Mean amp_policy_pred loss: -0.8117
         Mean amp_expert_pred loss: 0.8090
                Mean symmetry loss: 0.0036
                       Mean reward: 38.01
               Mean episode length: 572.13
Episode_Reward/track_lin_vel_xy_exp: 2.0965
Episode_Reward/track_ang_vel_z_exp: 0.1539
       Episode_Reward/lin_vel_z_l2: -0.0102
      Episode_Reward/ang_vel_xy_l2: -0.0245
             Episode_Reward/energy: -0.0182
         Episode_Reward/dof_acc_l2: -0.0900
     Episode_Reward/action_rate_l2: -0.1561
 Episode_Reward/undesired_contacts: -0.0001
Episode_Reward/body_orientation_l2: -0.0228
Episode_Reward/flat_orientation_l2: -0.0137
Episode_Reward/termination_penalty: -0.1765
         Episode_Reward/feet_slide: -0.0105
         Episode_Reward/feet_force: -0.0098
      Episode_Reward/feet_too_near: -0.0037
       Episode_Reward/feet_stumble: 0.0000
     Episode_Reward/dof_pos_limits: -0.0239
Episode_Reward/joint_deviation_hip: -0.0132
Episode_Reward/joint_deviation_arms: -0.0021
Episode_Reward/joint_deviation_legs: -0.0013
Episode_Reward/joint_deviation_waist: -0.0048
Episode_Reward/gait_feet_frc_perio: 0.8616
Episode_Reward/gait_feet_spd_perio: 0.2503
Episode_Reward/gait_feet_frc_support_perio: 0.3197
       Episode_Reward/ankle_torque: -0.0249
       Episode_Reward/ankle_action: -0.0017
    Episode_Reward/hip_roll_action: -0.5500
     Episode_Reward/hip_yaw_action: -0.4387
    Episode_Reward/feet_y_distance: -0.0087
--------------------------------------------------------------------------------
                   Total timesteps: 21037056
                    Iteration time: 3.65s
                      Time elapsed: 00:06:36
                               ETA: 05:02:34

################################################################################
                     [1m Learning iteration 107/5000 [0m                      

                       Computation: 53428 steps/s (collection: 2.191s, learning 1.488s)
             Mean action noise std: 0.74
          Mean value_function loss: 0.5673
               Mean surrogate loss: 0.0007
                 Mean entropy loss: 22.8046
                     Mean amp loss: 0.0653
            Mean amp_grad_pen loss: 0.1351
         Mean amp_policy_pred loss: -0.7965
         Mean amp_expert_pred loss: 0.7966
                Mean symmetry loss: 0.0037
                       Mean reward: 42.14
               Mean episode length: 638.72
Episode_Reward/track_lin_vel_xy_exp: 2.1586
Episode_Reward/track_ang_vel_z_exp: 0.1594
       Episode_Reward/lin_vel_z_l2: -0.0111
      Episode_Reward/ang_vel_xy_l2: -0.0252
             Episode_Reward/energy: -0.0192
         Episode_Reward/dof_acc_l2: -0.0960
     Episode_Reward/action_rate_l2: -0.1619
 Episode_Reward/undesired_contacts: -0.0001
Episode_Reward/body_orientation_l2: -0.0233
Episode_Reward/flat_orientation_l2: -0.0140
Episode_Reward/termination_penalty: -0.1695
         Episode_Reward/feet_slide: -0.0109
         Episode_Reward/feet_force: -0.0102
      Episode_Reward/feet_too_near: -0.0038
       Episode_Reward/feet_stumble: 0.0000
     Episode_Reward/dof_pos_limits: -0.0245
Episode_Reward/joint_deviation_hip: -0.0147
Episode_Reward/joint_deviation_arms: -0.0024
Episode_Reward/joint_deviation_legs: -0.0014
Episode_Reward/joint_deviation_waist: -0.0054
Episode_Reward/gait_feet_frc_perio: 0.8870
Episode_Reward/gait_feet_spd_perio: 0.2557
Episode_Reward/gait_feet_frc_support_perio: 0.3285
       Episode_Reward/ankle_torque: -0.0257
       Episode_Reward/ankle_action: -0.0017
    Episode_Reward/hip_roll_action: -0.5750
     Episode_Reward/hip_yaw_action: -0.4536
    Episode_Reward/feet_y_distance: -0.0088
--------------------------------------------------------------------------------
                   Total timesteps: 21233664
                    Iteration time: 3.68s
                      Time elapsed: 00:06:40
                               ETA: 05:02:29

################################################################################
                     [1m Learning iteration 108/5000 [0m                      

                       Computation: 52733 steps/s (collection: 2.202s, learning 1.526s)
             Mean action noise std: 0.74
          Mean value_function loss: 0.4309
               Mean surrogate loss: 0.0058
                 Mean entropy loss: 22.8005
                     Mean amp loss: 0.0621
            Mean amp_grad_pen loss: 0.1338
         Mean amp_policy_pred loss: -0.8046
         Mean amp_expert_pred loss: 0.8016
                Mean symmetry loss: 0.0036
                       Mean reward: 40.65
               Mean episode length: 610.17
Episode_Reward/track_lin_vel_xy_exp: 2.2283
Episode_Reward/track_ang_vel_z_exp: 0.1637
       Episode_Reward/lin_vel_z_l2: -0.0111
      Episode_Reward/ang_vel_xy_l2: -0.0257
             Episode_Reward/energy: -0.0198
         Episode_Reward/dof_acc_l2: -0.0979
     Episode_Reward/action_rate_l2: -0.1678
 Episode_Reward/undesired_contacts: -0.0001
Episode_Reward/body_orientation_l2: -0.0233
Episode_Reward/flat_orientation_l2: -0.0140
Episode_Reward/termination_penalty: -0.1619
         Episode_Reward/feet_slide: -0.0108
         Episode_Reward/feet_force: -0.0105
      Episode_Reward/feet_too_near: -0.0039
       Episode_Reward/feet_stumble: 0.0000
     Episode_Reward/dof_pos_limits: -0.0264
Episode_Reward/joint_deviation_hip: -0.0139
Episode_Reward/joint_deviation_arms: -0.0022
Episode_Reward/joint_deviation_legs: -0.0013
Episode_Reward/joint_deviation_waist: -0.0050
Episode_Reward/gait_feet_frc_perio: 0.9378
Episode_Reward/gait_feet_spd_perio: 0.2699
Episode_Reward/gait_feet_frc_support_perio: 0.3433
       Episode_Reward/ankle_torque: -0.0270
       Episode_Reward/ankle_action: -0.0018
    Episode_Reward/hip_roll_action: -0.5978
     Episode_Reward/hip_yaw_action: -0.4697
    Episode_Reward/feet_y_distance: -0.0083
--------------------------------------------------------------------------------
                   Total timesteps: 21430272
                    Iteration time: 3.73s
                      Time elapsed: 00:06:44
                               ETA: 05:02:26

################################################################################
                     [1m Learning iteration 109/5000 [0m                      

                       Computation: 52947 steps/s (collection: 2.213s, learning 1.500s)
             Mean action noise std: 0.74
          Mean value_function loss: 0.4339
               Mean surrogate loss: 0.0058
                 Mean entropy loss: 22.7739
                     Mean amp loss: 0.0645
            Mean amp_grad_pen loss: 0.1340
         Mean amp_policy_pred loss: -0.7974
         Mean amp_expert_pred loss: 0.7988
                Mean symmetry loss: 0.0036
                       Mean reward: 44.94
               Mean episode length: 658.03
Episode_Reward/track_lin_vel_xy_exp: 2.3484
Episode_Reward/track_ang_vel_z_exp: 0.1707
       Episode_Reward/lin_vel_z_l2: -0.0112
      Episode_Reward/ang_vel_xy_l2: -0.0266
             Episode_Reward/energy: -0.0208
         Episode_Reward/dof_acc_l2: -0.1025
     Episode_Reward/action_rate_l2: -0.1754
 Episode_Reward/undesired_contacts: -0.0001
Episode_Reward/body_orientation_l2: -0.0230
Episode_Reward/flat_orientation_l2: -0.0138
Episode_Reward/termination_penalty: -0.1502
         Episode_Reward/feet_slide: -0.0113
         Episode_Reward/feet_force: -0.0110
      Episode_Reward/feet_too_near: -0.0041
       Episode_Reward/feet_stumble: 0.0000
     Episode_Reward/dof_pos_limits: -0.0275
Episode_Reward/joint_deviation_hip: -0.0145
Episode_Reward/joint_deviation_arms: -0.0023
Episode_Reward/joint_deviation_legs: -0.0014
Episode_Reward/joint_deviation_waist: -0.0053
Episode_Reward/gait_feet_frc_perio: 0.9780
Episode_Reward/gait_feet_spd_perio: 0.2845
Episode_Reward/gait_feet_frc_support_perio: 0.3601
       Episode_Reward/ankle_torque: -0.0280
       Episode_Reward/ankle_action: -0.0019
    Episode_Reward/hip_roll_action: -0.6224
     Episode_Reward/hip_yaw_action: -0.4919
    Episode_Reward/feet_y_distance: -0.0093
--------------------------------------------------------------------------------
                   Total timesteps: 21626880
                    Iteration time: 3.71s
                      Time elapsed: 00:06:48
                               ETA: 05:02:23

################################################################################
                     [1m Learning iteration 110/5000 [0m                      

                       Computation: 53300 steps/s (collection: 2.212s, learning 1.477s)
             Mean action noise std: 0.74
          Mean value_function loss: 0.4336
               Mean surrogate loss: 0.0020
                 Mean entropy loss: 22.7455
                     Mean amp loss: 0.0658
            Mean amp_grad_pen loss: 0.1395
         Mean amp_policy_pred loss: -0.7960
         Mean amp_expert_pred loss: 0.7935
                Mean symmetry loss: 0.0035
                       Mean reward: 44.31
               Mean episode length: 640.85
Episode_Reward/track_lin_vel_xy_exp: 2.3819
Episode_Reward/track_ang_vel_z_exp: 0.1776
       Episode_Reward/lin_vel_z_l2: -0.0114
      Episode_Reward/ang_vel_xy_l2: -0.0269
             Episode_Reward/energy: -0.0215
         Episode_Reward/dof_acc_l2: -0.1025
     Episode_Reward/action_rate_l2: -0.1789
 Episode_Reward/undesired_contacts: -0.0002
Episode_Reward/body_orientation_l2: -0.0231
Episode_Reward/flat_orientation_l2: -0.0138
Episode_Reward/termination_penalty: -0.1464
         Episode_Reward/feet_slide: -0.0118
         Episode_Reward/feet_force: -0.0112
      Episode_Reward/feet_too_near: -0.0041
       Episode_Reward/feet_stumble: 0.0000
     Episode_Reward/dof_pos_limits: -0.0284
Episode_Reward/joint_deviation_hip: -0.0125
Episode_Reward/joint_deviation_arms: -0.0021
Episode_Reward/joint_deviation_legs: -0.0012
Episode_Reward/joint_deviation_waist: -0.0045
Episode_Reward/gait_feet_frc_perio: 1.0200
Episode_Reward/gait_feet_spd_perio: 0.2924
Episode_Reward/gait_feet_frc_support_perio: 0.3730
       Episode_Reward/ankle_torque: -0.0289
       Episode_Reward/ankle_action: -0.0019
    Episode_Reward/hip_roll_action: -0.6367
     Episode_Reward/hip_yaw_action: -0.5014
    Episode_Reward/feet_y_distance: -0.0098
--------------------------------------------------------------------------------
                   Total timesteps: 21823488
                    Iteration time: 3.69s
                      Time elapsed: 00:06:51
                               ETA: 05:02:18

################################################################################
                     [1m Learning iteration 111/5000 [0m                      

                       Computation: 53385 steps/s (collection: 2.189s, learning 1.494s)
             Mean action noise std: 0.74
          Mean value_function loss: 0.3639
               Mean surrogate loss: 0.0033
                 Mean entropy loss: 22.7122
                     Mean amp loss: 0.0635
            Mean amp_grad_pen loss: 0.1322
         Mean amp_policy_pred loss: -0.8025
         Mean amp_expert_pred loss: 0.7979
                Mean symmetry loss: 0.0036
                       Mean reward: 48.49
               Mean episode length: 710.63
Episode_Reward/track_lin_vel_xy_exp: 2.6079
Episode_Reward/track_ang_vel_z_exp: 0.1884
       Episode_Reward/lin_vel_z_l2: -0.0124
      Episode_Reward/ang_vel_xy_l2: -0.0289
             Episode_Reward/energy: -0.0234
         Episode_Reward/dof_acc_l2: -0.1101
     Episode_Reward/action_rate_l2: -0.1950
 Episode_Reward/undesired_contacts: -0.0002
Episode_Reward/body_orientation_l2: -0.0244
Episode_Reward/flat_orientation_l2: -0.0146
Episode_Reward/termination_penalty: -0.1257
         Episode_Reward/feet_slide: -0.0124
         Episode_Reward/feet_force: -0.0128
      Episode_Reward/feet_too_near: -0.0043
       Episode_Reward/feet_stumble: 0.0000
     Episode_Reward/dof_pos_limits: -0.0303
Episode_Reward/joint_deviation_hip: -0.0126
Episode_Reward/joint_deviation_arms: -0.0021
Episode_Reward/joint_deviation_legs: -0.0012
Episode_Reward/joint_deviation_waist: -0.0045
Episode_Reward/gait_feet_frc_perio: 1.1207
Episode_Reward/gait_feet_spd_perio: 0.3224
Episode_Reward/gait_feet_frc_support_perio: 0.4072
       Episode_Reward/ankle_torque: -0.0313
       Episode_Reward/ankle_action: -0.0021
    Episode_Reward/hip_roll_action: -0.6916
     Episode_Reward/hip_yaw_action: -0.5459
    Episode_Reward/feet_y_distance: -0.0100
--------------------------------------------------------------------------------
                   Total timesteps: 22020096
                    Iteration time: 3.68s
                      Time elapsed: 00:06:55
                               ETA: 05:02:13

################################################################################
                     [1m Learning iteration 112/5000 [0m                      

                       Computation: 53320 steps/s (collection: 2.192s, learning 1.495s)
             Mean action noise std: 0.74
          Mean value_function loss: 0.3521
               Mean surrogate loss: 0.0080
                 Mean entropy loss: 22.6840
                     Mean amp loss: 0.0585
            Mean amp_grad_pen loss: 0.1268
         Mean amp_policy_pred loss: -0.8112
         Mean amp_expert_pred loss: 0.8146
                Mean symmetry loss: 0.0038
                       Mean reward: 48.58
               Mean episode length: 711.24
Episode_Reward/track_lin_vel_xy_exp: 2.7152
Episode_Reward/track_ang_vel_z_exp: 0.1962
       Episode_Reward/lin_vel_z_l2: -0.0125
      Episode_Reward/ang_vel_xy_l2: -0.0290
             Episode_Reward/energy: -0.0239
         Episode_Reward/dof_acc_l2: -0.1196
     Episode_Reward/action_rate_l2: -0.1994
 Episode_Reward/undesired_contacts: -0.0001
Episode_Reward/body_orientation_l2: -0.0235
Episode_Reward/flat_orientation_l2: -0.0141
Episode_Reward/termination_penalty: -0.1125
         Episode_Reward/feet_slide: -0.0130
         Episode_Reward/feet_force: -0.0127
      Episode_Reward/feet_too_near: -0.0045
       Episode_Reward/feet_stumble: 0.0000
     Episode_Reward/dof_pos_limits: -0.0312
Episode_Reward/joint_deviation_hip: -0.0175
Episode_Reward/joint_deviation_arms: -0.0028
Episode_Reward/joint_deviation_legs: -0.0017
Episode_Reward/joint_deviation_waist: -0.0064
Episode_Reward/gait_feet_frc_perio: 1.1149
Episode_Reward/gait_feet_spd_perio: 0.3199
Episode_Reward/gait_feet_frc_support_perio: 0.4083
       Episode_Reward/ankle_torque: -0.0319
       Episode_Reward/ankle_action: -0.0021
    Episode_Reward/hip_roll_action: -0.7157
     Episode_Reward/hip_yaw_action: -0.5597
    Episode_Reward/feet_y_distance: -0.0108
--------------------------------------------------------------------------------
                   Total timesteps: 22216704
                    Iteration time: 3.69s
                      Time elapsed: 00:06:59
                               ETA: 05:02:09

################################################################################
                     [1m Learning iteration 113/5000 [0m                      

                       Computation: 53133 steps/s (collection: 2.192s, learning 1.508s)
             Mean action noise std: 0.74
          Mean value_function loss: 0.3186
               Mean surrogate loss: 0.0030
                 Mean entropy loss: 22.6524
                     Mean amp loss: 0.0594
            Mean amp_grad_pen loss: 0.1304
         Mean amp_policy_pred loss: -0.8113
         Mean amp_expert_pred loss: 0.8091
                Mean symmetry loss: 0.0036
                       Mean reward: 55.12
               Mean episode length: 781.00
Episode_Reward/track_lin_vel_xy_exp: 2.9113
Episode_Reward/track_ang_vel_z_exp: 0.2091
       Episode_Reward/lin_vel_z_l2: -0.0131
      Episode_Reward/ang_vel_xy_l2: -0.0307
             Episode_Reward/energy: -0.0255
         Episode_Reward/dof_acc_l2: -0.1232
     Episode_Reward/action_rate_l2: -0.2130
 Episode_Reward/undesired_contacts: -0.0001
Episode_Reward/body_orientation_l2: -0.0251
Episode_Reward/flat_orientation_l2: -0.0151
Episode_Reward/termination_penalty: -0.1032
         Episode_Reward/feet_slide: -0.0138
         Episode_Reward/feet_force: -0.0132
      Episode_Reward/feet_too_near: -0.0046
       Episode_Reward/feet_stumble: 0.0000
     Episode_Reward/dof_pos_limits: -0.0326
Episode_Reward/joint_deviation_hip: -0.0160
Episode_Reward/joint_deviation_arms: -0.0026
Episode_Reward/joint_deviation_legs: -0.0015
Episode_Reward/joint_deviation_waist: -0.0058
Episode_Reward/gait_feet_frc_perio: 1.2121
Episode_Reward/gait_feet_spd_perio: 0.3481
Episode_Reward/gait_feet_frc_support_perio: 0.4430
       Episode_Reward/ankle_torque: -0.0344
       Episode_Reward/ankle_action: -0.0023
    Episode_Reward/hip_roll_action: -0.7560
     Episode_Reward/hip_yaw_action: -0.5970
    Episode_Reward/feet_y_distance: -0.0119
--------------------------------------------------------------------------------
                   Total timesteps: 22413312
                    Iteration time: 3.70s
                      Time elapsed: 00:07:02
                               ETA: 05:02:05

################################################################################
                     [1m Learning iteration 114/5000 [0m                      

                       Computation: 53479 steps/s (collection: 2.189s, learning 1.488s)
             Mean action noise std: 0.74
          Mean value_function loss: 0.2319
               Mean surrogate loss: 0.0025
                 Mean entropy loss: 22.5888
                     Mean amp loss: 0.0619
            Mean amp_grad_pen loss: 0.1298
         Mean amp_policy_pred loss: -0.8067
         Mean amp_expert_pred loss: 0.8022
                Mean symmetry loss: 0.0035
                       Mean reward: 57.42
               Mean episode length: 804.02
Episode_Reward/track_lin_vel_xy_exp: 2.7959
Episode_Reward/track_ang_vel_z_exp: 0.2096
       Episode_Reward/lin_vel_z_l2: -0.0130
      Episode_Reward/ang_vel_xy_l2: -0.0295
             Episode_Reward/energy: -0.0251
         Episode_Reward/dof_acc_l2: -0.1266
     Episode_Reward/action_rate_l2: -0.2080
 Episode_Reward/undesired_contacts: -0.0001
Episode_Reward/body_orientation_l2: -0.0230
Episode_Reward/flat_orientation_l2: -0.0138
Episode_Reward/termination_penalty: -0.0891
         Episode_Reward/feet_slide: -0.0134
         Episode_Reward/feet_force: -0.0131
      Episode_Reward/feet_too_near: -0.0045
       Episode_Reward/feet_stumble: 0.0000
     Episode_Reward/dof_pos_limits: -0.0324
Episode_Reward/joint_deviation_hip: -0.0174
Episode_Reward/joint_deviation_arms: -0.0029
Episode_Reward/joint_deviation_legs: -0.0017
Episode_Reward/joint_deviation_waist: -0.0064
Episode_Reward/gait_feet_frc_perio: 1.1698
Episode_Reward/gait_feet_spd_perio: 0.3322
Episode_Reward/gait_feet_frc_support_perio: 0.4266
       Episode_Reward/ankle_torque: -0.0333
       Episode_Reward/ankle_action: -0.0022
    Episode_Reward/hip_roll_action: -0.7414
     Episode_Reward/hip_yaw_action: -0.5810
    Episode_Reward/feet_y_distance: -0.0110
--------------------------------------------------------------------------------
                   Total timesteps: 22609920
                    Iteration time: 3.68s
                      Time elapsed: 00:07:06
                               ETA: 05:01:59

################################################################################
                     [1m Learning iteration 115/5000 [0m                      

                       Computation: 53343 steps/s (collection: 2.195s, learning 1.491s)
             Mean action noise std: 0.73
          Mean value_function loss: 0.2077
               Mean surrogate loss: 0.0012
                 Mean entropy loss: 22.4754
                     Mean amp loss: 0.0586
            Mean amp_grad_pen loss: 0.1272
         Mean amp_policy_pred loss: -0.8137
         Mean amp_expert_pred loss: 0.8115
                Mean symmetry loss: 0.0035
                       Mean reward: 66.52
               Mean episode length: 894.53
Episode_Reward/track_lin_vel_xy_exp: 3.2061
Episode_Reward/track_ang_vel_z_exp: 0.2258
       Episode_Reward/lin_vel_z_l2: -0.0141
      Episode_Reward/ang_vel_xy_l2: -0.0323
             Episode_Reward/energy: -0.0282
         Episode_Reward/dof_acc_l2: -0.1320
     Episode_Reward/action_rate_l2: -0.2318
 Episode_Reward/undesired_contacts: -0.0001
Episode_Reward/body_orientation_l2: -0.0255
Episode_Reward/flat_orientation_l2: -0.0153
Episode_Reward/termination_penalty: -0.0641
         Episode_Reward/feet_slide: -0.0147
         Episode_Reward/feet_force: -0.0147
      Episode_Reward/feet_too_near: -0.0045
       Episode_Reward/feet_stumble: 0.0000
     Episode_Reward/dof_pos_limits: -0.0357
Episode_Reward/joint_deviation_hip: -0.0162
Episode_Reward/joint_deviation_arms: -0.0026
Episode_Reward/joint_deviation_legs: -0.0015
Episode_Reward/joint_deviation_waist: -0.0059
Episode_Reward/gait_feet_frc_perio: 1.3284
Episode_Reward/gait_feet_spd_perio: 0.3818
Episode_Reward/gait_feet_frc_support_perio: 0.4836
       Episode_Reward/ankle_torque: -0.0376
       Episode_Reward/ankle_action: -0.0025
    Episode_Reward/hip_roll_action: -0.8267
     Episode_Reward/hip_yaw_action: -0.6474
    Episode_Reward/feet_y_distance: -0.0118
--------------------------------------------------------------------------------
                   Total timesteps: 22806528
                    Iteration time: 3.69s
                      Time elapsed: 00:07:10
                               ETA: 05:01:55

################################################################################
                     [1m Learning iteration 116/5000 [0m                      

                       Computation: 53820 steps/s (collection: 2.184s, learning 1.469s)
             Mean action noise std: 0.73
          Mean value_function loss: 0.1668
               Mean surrogate loss: 0.0047
                 Mean entropy loss: 22.3922
                     Mean amp loss: 0.0601
            Mean amp_grad_pen loss: 0.1340
         Mean amp_policy_pred loss: -0.8081
         Mean amp_expert_pred loss: 0.8083
                Mean symmetry loss: 0.0036
                       Mean reward: 62.97
               Mean episode length: 847.96
Episode_Reward/track_lin_vel_xy_exp: 3.2151
Episode_Reward/track_ang_vel_z_exp: 0.2274
       Episode_Reward/lin_vel_z_l2: -0.0136
      Episode_Reward/ang_vel_xy_l2: -0.0317
             Episode_Reward/energy: -0.0276
         Episode_Reward/dof_acc_l2: -0.1309
     Episode_Reward/action_rate_l2: -0.2285
 Episode_Reward/undesired_contacts: -0.0001
Episode_Reward/body_orientation_l2: -0.0244
Episode_Reward/flat_orientation_l2: -0.0146
Episode_Reward/termination_penalty: -0.0644
         Episode_Reward/feet_slide: -0.0146
         Episode_Reward/feet_force: -0.0144
      Episode_Reward/feet_too_near: -0.0048
       Episode_Reward/feet_stumble: 0.0000
     Episode_Reward/dof_pos_limits: -0.0340
Episode_Reward/joint_deviation_hip: -0.0192
Episode_Reward/joint_deviation_arms: -0.0032
Episode_Reward/joint_deviation_legs: -0.0018
Episode_Reward/joint_deviation_waist: -0.0069
Episode_Reward/gait_feet_frc_perio: 1.2890
Episode_Reward/gait_feet_spd_perio: 0.3698
Episode_Reward/gait_feet_frc_support_perio: 0.4711
       Episode_Reward/ankle_torque: -0.0368
       Episode_Reward/ankle_action: -0.0025
    Episode_Reward/hip_roll_action: -0.8094
     Episode_Reward/hip_yaw_action: -0.6376
    Episode_Reward/feet_y_distance: -0.0128
--------------------------------------------------------------------------------
                   Total timesteps: 23003136
                    Iteration time: 3.65s
                      Time elapsed: 00:07:13
                               ETA: 05:01:49

################################################################################
                     [1m Learning iteration 117/5000 [0m                      

                       Computation: 53408 steps/s (collection: 2.188s, learning 1.494s)
             Mean action noise std: 0.73
          Mean value_function loss: 0.1715
               Mean surrogate loss: 0.0055
                 Mean entropy loss: 22.2845
                     Mean amp loss: 0.0719
            Mean amp_grad_pen loss: 0.1422
         Mean amp_policy_pred loss: -0.7835
         Mean amp_expert_pred loss: 0.7810
                Mean symmetry loss: 0.0040
                       Mean reward: 63.19
               Mean episode length: 861.67
Episode_Reward/track_lin_vel_xy_exp: 3.3732
Episode_Reward/track_ang_vel_z_exp: 0.2337
       Episode_Reward/lin_vel_z_l2: -0.0143
      Episode_Reward/ang_vel_xy_l2: -0.0331
             Episode_Reward/energy: -0.0292
         Episode_Reward/dof_acc_l2: -0.1351
     Episode_Reward/action_rate_l2: -0.2400
 Episode_Reward/undesired_contacts: -0.0001
Episode_Reward/body_orientation_l2: -0.0245
Episode_Reward/flat_orientation_l2: -0.0147
Episode_Reward/termination_penalty: -0.0529
         Episode_Reward/feet_slide: -0.0148
         Episode_Reward/feet_force: -0.0154
      Episode_Reward/feet_too_near: -0.0052
       Episode_Reward/feet_stumble: 0.0000
     Episode_Reward/dof_pos_limits: -0.0371
Episode_Reward/joint_deviation_hip: -0.0166
Episode_Reward/joint_deviation_arms: -0.0027
Episode_Reward/joint_deviation_legs: -0.0016
Episode_Reward/joint_deviation_waist: -0.0062
Episode_Reward/gait_feet_frc_perio: 1.3851
Episode_Reward/gait_feet_spd_perio: 0.4007
Episode_Reward/gait_feet_frc_support_perio: 0.5016
       Episode_Reward/ankle_torque: -0.0390
       Episode_Reward/ankle_action: -0.0026
    Episode_Reward/hip_roll_action: -0.8572
     Episode_Reward/hip_yaw_action: -0.6671
    Episode_Reward/feet_y_distance: -0.0126
--------------------------------------------------------------------------------
                   Total timesteps: 23199744
                    Iteration time: 3.68s
                      Time elapsed: 00:07:17
                               ETA: 05:01:44

################################################################################
                     [1m Learning iteration 118/5000 [0m                      

                       Computation: 53370 steps/s (collection: 2.191s, learning 1.492s)
             Mean action noise std: 0.73
          Mean value_function loss: 0.1999
               Mean surrogate loss: 0.0072
                 Mean entropy loss: 22.2255
                     Mean amp loss: 0.0686
            Mean amp_grad_pen loss: 0.1487
         Mean amp_policy_pred loss: -0.7879
         Mean amp_expert_pred loss: 0.7883
                Mean symmetry loss: 0.0040
                       Mean reward: 68.51
               Mean episode length: 925.39
Episode_Reward/track_lin_vel_xy_exp: 3.4533
Episode_Reward/track_ang_vel_z_exp: 0.2442
       Episode_Reward/lin_vel_z_l2: -0.0147
      Episode_Reward/ang_vel_xy_l2: -0.0342
             Episode_Reward/energy: -0.0304
         Episode_Reward/dof_acc_l2: -0.1444
     Episode_Reward/action_rate_l2: -0.2473
 Episode_Reward/undesired_contacts: -0.0001
Episode_Reward/body_orientation_l2: -0.0256
Episode_Reward/flat_orientation_l2: -0.0154
Episode_Reward/termination_penalty: -0.0401
         Episode_Reward/feet_slide: -0.0154
         Episode_Reward/feet_force: -0.0157
      Episode_Reward/feet_too_near: -0.0052
       Episode_Reward/feet_stumble: 0.0000
     Episode_Reward/dof_pos_limits: -0.0379
Episode_Reward/joint_deviation_hip: -0.0178
Episode_Reward/joint_deviation_arms: -0.0030
Episode_Reward/joint_deviation_legs: -0.0017
Episode_Reward/joint_deviation_waist: -0.0066
Episode_Reward/gait_feet_frc_perio: 1.4268
Episode_Reward/gait_feet_spd_perio: 0.4083
Episode_Reward/gait_feet_frc_support_perio: 0.5159
       Episode_Reward/ankle_torque: -0.0400
       Episode_Reward/ankle_action: -0.0027
    Episode_Reward/hip_roll_action: -0.8875
     Episode_Reward/hip_yaw_action: -0.6888
    Episode_Reward/feet_y_distance: -0.0125
--------------------------------------------------------------------------------
                   Total timesteps: 23396352
                    Iteration time: 3.68s
                      Time elapsed: 00:07:21
                               ETA: 05:01:39

################################################################################
                     [1m Learning iteration 119/5000 [0m                      

                       Computation: 53285 steps/s (collection: 2.185s, learning 1.505s)
             Mean action noise std: 0.72
          Mean value_function loss: 0.2283
               Mean surrogate loss: 0.0048
                 Mean entropy loss: 22.1851
                     Mean amp loss: 0.0750
            Mean amp_grad_pen loss: 0.1542
         Mean amp_policy_pred loss: -0.7731
         Mean amp_expert_pred loss: 0.7751
                Mean symmetry loss: 0.0038
                       Mean reward: 62.05
               Mean episode length: 844.98
Episode_Reward/track_lin_vel_xy_exp: 3.3787
Episode_Reward/track_ang_vel_z_exp: 0.2386
       Episode_Reward/lin_vel_z_l2: -0.0141
      Episode_Reward/ang_vel_xy_l2: -0.0333
             Episode_Reward/energy: -0.0299
         Episode_Reward/dof_acc_l2: -0.1378
     Episode_Reward/action_rate_l2: -0.2414
 Episode_Reward/undesired_contacts: -0.0001
Episode_Reward/body_orientation_l2: -0.0238
Episode_Reward/flat_orientation_l2: -0.0143
Episode_Reward/termination_penalty: -0.0459
         Episode_Reward/feet_slide: -0.0151
         Episode_Reward/feet_force: -0.0158
      Episode_Reward/feet_too_near: -0.0051
       Episode_Reward/feet_stumble: 0.0000
     Episode_Reward/dof_pos_limits: -0.0377
Episode_Reward/joint_deviation_hip: -0.0176
Episode_Reward/joint_deviation_arms: -0.0029
Episode_Reward/joint_deviation_legs: -0.0017
Episode_Reward/joint_deviation_waist: -0.0064
Episode_Reward/gait_feet_frc_perio: 1.3887
Episode_Reward/gait_feet_spd_perio: 0.3985
Episode_Reward/gait_feet_frc_support_perio: 0.5034
       Episode_Reward/ankle_torque: -0.0395
       Episode_Reward/ankle_action: -0.0026
    Episode_Reward/hip_roll_action: -0.8714
     Episode_Reward/hip_yaw_action: -0.6700
    Episode_Reward/feet_y_distance: -0.0135
--------------------------------------------------------------------------------
                   Total timesteps: 23592960
                    Iteration time: 3.69s
                      Time elapsed: 00:07:24
                               ETA: 05:01:35

################################################################################
                     [1m Learning iteration 120/5000 [0m                      

                       Computation: 53381 steps/s (collection: 2.187s, learning 1.496s)
             Mean action noise std: 0.72
          Mean value_function loss: 0.2429
               Mean surrogate loss: 0.0043
                 Mean entropy loss: 22.1113
                     Mean amp loss: 0.0826
            Mean amp_grad_pen loss: 0.1564
         Mean amp_policy_pred loss: -0.7577
         Mean amp_expert_pred loss: 0.7575
                Mean symmetry loss: 0.0041
                       Mean reward: 67.02
               Mean episode length: 910.20
Episode_Reward/track_lin_vel_xy_exp: 3.4874
Episode_Reward/track_ang_vel_z_exp: 0.2395
       Episode_Reward/lin_vel_z_l2: -0.0145
      Episode_Reward/ang_vel_xy_l2: -0.0343
             Episode_Reward/energy: -0.0311
         Episode_Reward/dof_acc_l2: -0.1443
     Episode_Reward/action_rate_l2: -0.2479
 Episode_Reward/undesired_contacts: -0.0000
Episode_Reward/body_orientation_l2: -0.0242
Episode_Reward/flat_orientation_l2: -0.0145
Episode_Reward/termination_penalty: -0.0392
         Episode_Reward/feet_slide: -0.0153
         Episode_Reward/feet_force: -0.0160
      Episode_Reward/feet_too_near: -0.0055
       Episode_Reward/feet_stumble: 0.0000
     Episode_Reward/dof_pos_limits: -0.0387
Episode_Reward/joint_deviation_hip: -0.0167
Episode_Reward/joint_deviation_arms: -0.0028
Episode_Reward/joint_deviation_legs: -0.0016
Episode_Reward/joint_deviation_waist: -0.0062
Episode_Reward/gait_feet_frc_perio: 1.4461
Episode_Reward/gait_feet_spd_perio: 0.4147
Episode_Reward/gait_feet_frc_support_perio: 0.5216
       Episode_Reward/ankle_torque: -0.0405
       Episode_Reward/ankle_action: -0.0027
    Episode_Reward/hip_roll_action: -0.8986
     Episode_Reward/hip_yaw_action: -0.6889
    Episode_Reward/feet_y_distance: -0.0115
--------------------------------------------------------------------------------
                   Total timesteps: 23789568
                    Iteration time: 3.68s
                      Time elapsed: 00:07:28
                               ETA: 05:01:30

################################################################################
                     [1m Learning iteration 121/5000 [0m                      

                       Computation: 53342 steps/s (collection: 2.193s, learning 1.493s)
             Mean action noise std: 0.72
          Mean value_function loss: 0.3062
               Mean surrogate loss: 0.0033
                 Mean entropy loss: 22.0432
                     Mean amp loss: 0.0831
            Mean amp_grad_pen loss: 0.1592
         Mean amp_policy_pred loss: -0.7567
         Mean amp_expert_pred loss: 0.7551
                Mean symmetry loss: 0.0040
                       Mean reward: 64.76
               Mean episode length: 849.88
Episode_Reward/track_lin_vel_xy_exp: 3.3855
Episode_Reward/track_ang_vel_z_exp: 0.2325
       Episode_Reward/lin_vel_z_l2: -0.0136
      Episode_Reward/ang_vel_xy_l2: -0.0321
             Episode_Reward/energy: -0.0290
         Episode_Reward/dof_acc_l2: -0.1351
     Episode_Reward/action_rate_l2: -0.2325
 Episode_Reward/undesired_contacts: -0.0001
Episode_Reward/body_orientation_l2: -0.0227
Episode_Reward/flat_orientation_l2: -0.0136
Episode_Reward/termination_penalty: -0.0569
         Episode_Reward/feet_slide: -0.0147
         Episode_Reward/feet_force: -0.0150
      Episode_Reward/feet_too_near: -0.0052
       Episode_Reward/feet_stumble: 0.0000
     Episode_Reward/dof_pos_limits: -0.0343
Episode_Reward/joint_deviation_hip: -0.0199
Episode_Reward/joint_deviation_arms: -0.0033
Episode_Reward/joint_deviation_legs: -0.0019
Episode_Reward/joint_deviation_waist: -0.0073
Episode_Reward/gait_feet_frc_perio: 1.3260
Episode_Reward/gait_feet_spd_perio: 0.3834
Episode_Reward/gait_feet_frc_support_perio: 0.4817
       Episode_Reward/ankle_torque: -0.0375
       Episode_Reward/ankle_action: -0.0025
    Episode_Reward/hip_roll_action: -0.8333
     Episode_Reward/hip_yaw_action: -0.6453
    Episode_Reward/feet_y_distance: -0.0138
--------------------------------------------------------------------------------
                   Total timesteps: 23986176
                    Iteration time: 3.69s
                      Time elapsed: 00:07:32
                               ETA: 05:01:26

################################################################################
                     [1m Learning iteration 122/5000 [0m                      

                       Computation: 53350 steps/s (collection: 2.186s, learning 1.500s)
             Mean action noise std: 0.72
          Mean value_function loss: 0.3634
               Mean surrogate loss: 0.0035
                 Mean entropy loss: 21.9917
                     Mean amp loss: 0.0761
            Mean amp_grad_pen loss: 0.1453
         Mean amp_policy_pred loss: -0.7754
         Mean amp_expert_pred loss: 0.7704
                Mean symmetry loss: 0.0039
                       Mean reward: 57.63
               Mean episode length: 768.35
Episode_Reward/track_lin_vel_xy_exp: 3.3166
Episode_Reward/track_ang_vel_z_exp: 0.2254
       Episode_Reward/lin_vel_z_l2: -0.0139
      Episode_Reward/ang_vel_xy_l2: -0.0325
             Episode_Reward/energy: -0.0293
         Episode_Reward/dof_acc_l2: -0.1317
     Episode_Reward/action_rate_l2: -0.2302
 Episode_Reward/undesired_contacts: -0.0001
Episode_Reward/body_orientation_l2: -0.0231
Episode_Reward/flat_orientation_l2: -0.0139
Episode_Reward/termination_penalty: -0.0570
         Episode_Reward/feet_slide: -0.0147
         Episode_Reward/feet_force: -0.0148
      Episode_Reward/feet_too_near: -0.0053
       Episode_Reward/feet_stumble: 0.0000
     Episode_Reward/dof_pos_limits: -0.0339
Episode_Reward/joint_deviation_hip: -0.0192
Episode_Reward/joint_deviation_arms: -0.0032
Episode_Reward/joint_deviation_legs: -0.0019
Episode_Reward/joint_deviation_waist: -0.0070
Episode_Reward/gait_feet_frc_perio: 1.3174
Episode_Reward/gait_feet_spd_perio: 0.3764
Episode_Reward/gait_feet_frc_support_perio: 0.4775
       Episode_Reward/ankle_torque: -0.0374
       Episode_Reward/ankle_action: -0.0025
    Episode_Reward/hip_roll_action: -0.8289
     Episode_Reward/hip_yaw_action: -0.6379
    Episode_Reward/feet_y_distance: -0.0121
--------------------------------------------------------------------------------
                   Total timesteps: 24182784
                    Iteration time: 3.69s
                      Time elapsed: 00:07:35
                               ETA: 05:01:21

################################################################################
                     [1m Learning iteration 123/5000 [0m                      

                       Computation: 53427 steps/s (collection: 2.182s, learning 1.498s)
             Mean action noise std: 0.72
          Mean value_function loss: 0.4027
               Mean surrogate loss: 0.0014
                 Mean entropy loss: 21.9634
                     Mean amp loss: 0.0753
            Mean amp_grad_pen loss: 0.1524
         Mean amp_policy_pred loss: -0.7757
         Mean amp_expert_pred loss: 0.7709
                Mean symmetry loss: 0.0037
                       Mean reward: 57.16
               Mean episode length: 772.49
Episode_Reward/track_lin_vel_xy_exp: 3.2711
Episode_Reward/track_ang_vel_z_exp: 0.2192
       Episode_Reward/lin_vel_z_l2: -0.0140
      Episode_Reward/ang_vel_xy_l2: -0.0329
             Episode_Reward/energy: -0.0296
         Episode_Reward/dof_acc_l2: -0.1331
     Episode_Reward/action_rate_l2: -0.2274
 Episode_Reward/undesired_contacts: -0.0001
Episode_Reward/body_orientation_l2: -0.0244
Episode_Reward/flat_orientation_l2: -0.0146
Episode_Reward/termination_penalty: -0.0623
         Episode_Reward/feet_slide: -0.0144
         Episode_Reward/feet_force: -0.0150
      Episode_Reward/feet_too_near: -0.0048
       Episode_Reward/feet_stumble: 0.0000
     Episode_Reward/dof_pos_limits: -0.0345
Episode_Reward/joint_deviation_hip: -0.0142
Episode_Reward/joint_deviation_arms: -0.0024
Episode_Reward/joint_deviation_legs: -0.0014
Episode_Reward/joint_deviation_waist: -0.0053
Episode_Reward/gait_feet_frc_perio: 1.3481
Episode_Reward/gait_feet_spd_perio: 0.3826
Episode_Reward/gait_feet_frc_support_perio: 0.4829
       Episode_Reward/ankle_torque: -0.0373
       Episode_Reward/ankle_action: -0.0025
    Episode_Reward/hip_roll_action: -0.8273
     Episode_Reward/hip_yaw_action: -0.6303
    Episode_Reward/feet_y_distance: -0.0120
--------------------------------------------------------------------------------
                   Total timesteps: 24379392
                    Iteration time: 3.68s
                      Time elapsed: 00:07:39
                               ETA: 05:01:16

################################################################################
                     [1m Learning iteration 124/5000 [0m                      

                       Computation: 53615 steps/s (collection: 2.194s, learning 1.473s)
             Mean action noise std: 0.72
          Mean value_function loss: 0.4059
               Mean surrogate loss: 0.0018
                 Mean entropy loss: 21.9475
                     Mean amp loss: 0.0817
            Mean amp_grad_pen loss: 0.1581
         Mean amp_policy_pred loss: -0.7642
         Mean amp_expert_pred loss: 0.7559
                Mean symmetry loss: 0.0036
                       Mean reward: 58.50
               Mean episode length: 772.23
Episode_Reward/track_lin_vel_xy_exp: 3.1514
Episode_Reward/track_ang_vel_z_exp: 0.2151
       Episode_Reward/lin_vel_z_l2: -0.0135
      Episode_Reward/ang_vel_xy_l2: -0.0307
             Episode_Reward/energy: -0.0276
         Episode_Reward/dof_acc_l2: -0.1253
     Episode_Reward/action_rate_l2: -0.2142
 Episode_Reward/undesired_contacts: -0.0001
Episode_Reward/body_orientation_l2: -0.0218
Episode_Reward/flat_orientation_l2: -0.0131
Episode_Reward/termination_penalty: -0.0757
         Episode_Reward/feet_slide: -0.0137
         Episode_Reward/feet_force: -0.0139
      Episode_Reward/feet_too_near: -0.0050
       Episode_Reward/feet_stumble: 0.0000
     Episode_Reward/dof_pos_limits: -0.0311
Episode_Reward/joint_deviation_hip: -0.0202
Episode_Reward/joint_deviation_arms: -0.0034
Episode_Reward/joint_deviation_legs: -0.0020
Episode_Reward/joint_deviation_waist: -0.0075
Episode_Reward/gait_feet_frc_perio: 1.2238
Episode_Reward/gait_feet_spd_perio: 0.3520
Episode_Reward/gait_feet_frc_support_perio: 0.4421
       Episode_Reward/ankle_torque: -0.0343
       Episode_Reward/ankle_action: -0.0024
    Episode_Reward/hip_roll_action: -0.7678
     Episode_Reward/hip_yaw_action: -0.5918
    Episode_Reward/feet_y_distance: -0.0120
--------------------------------------------------------------------------------
                   Total timesteps: 24576000
                    Iteration time: 3.67s
                      Time elapsed: 00:07:43
                               ETA: 05:01:11

################################################################################
                     [1m Learning iteration 125/5000 [0m                      

                       Computation: 53679 steps/s (collection: 2.185s, learning 1.477s)
             Mean action noise std: 0.72
          Mean value_function loss: 0.4296
               Mean surrogate loss: 0.0008
                 Mean entropy loss: 21.9409
                     Mean amp loss: 0.0789
            Mean amp_grad_pen loss: 0.1553
         Mean amp_policy_pred loss: -0.7655
         Mean amp_expert_pred loss: 0.7641
                Mean symmetry loss: 0.0036
                       Mean reward: 58.61
               Mean episode length: 760.72
Episode_Reward/track_lin_vel_xy_exp: 3.0246
Episode_Reward/track_ang_vel_z_exp: 0.2016
       Episode_Reward/lin_vel_z_l2: -0.0134
      Episode_Reward/ang_vel_xy_l2: -0.0307
             Episode_Reward/energy: -0.0279
         Episode_Reward/dof_acc_l2: -0.1227
     Episode_Reward/action_rate_l2: -0.2080
 Episode_Reward/undesired_contacts: -0.0001
Episode_Reward/body_orientation_l2: -0.0226
Episode_Reward/flat_orientation_l2: -0.0135
Episode_Reward/termination_penalty: -0.0860
         Episode_Reward/feet_slide: -0.0132
         Episode_Reward/feet_force: -0.0138
      Episode_Reward/feet_too_near: -0.0047
       Episode_Reward/feet_stumble: 0.0000
     Episode_Reward/dof_pos_limits: -0.0326
Episode_Reward/joint_deviation_hip: -0.0141
Episode_Reward/joint_deviation_arms: -0.0024
Episode_Reward/joint_deviation_legs: -0.0014
Episode_Reward/joint_deviation_waist: -0.0052
Episode_Reward/gait_feet_frc_perio: 1.2364
Episode_Reward/gait_feet_spd_perio: 0.3465
Episode_Reward/gait_feet_frc_support_perio: 0.4397
       Episode_Reward/ankle_torque: -0.0349
       Episode_Reward/ankle_action: -0.0023
    Episode_Reward/hip_roll_action: -0.7726
     Episode_Reward/hip_yaw_action: -0.5760
    Episode_Reward/feet_y_distance: -0.0114
--------------------------------------------------------------------------------
                   Total timesteps: 24772608
                    Iteration time: 3.66s
                      Time elapsed: 00:07:46
                               ETA: 05:01:06

################################################################################
                     [1m Learning iteration 126/5000 [0m                      

                       Computation: 53920 steps/s (collection: 2.184s, learning 1.463s)
             Mean action noise std: 0.72
          Mean value_function loss: 0.5499
               Mean surrogate loss: 0.0008
                 Mean entropy loss: 21.9358
                     Mean amp loss: 0.0794
            Mean amp_grad_pen loss: 0.1530
         Mean amp_policy_pred loss: -0.7650
         Mean amp_expert_pred loss: 0.7640
                Mean symmetry loss: 0.0037
                       Mean reward: 56.51
               Mean episode length: 745.24
Episode_Reward/track_lin_vel_xy_exp: 2.9702
Episode_Reward/track_ang_vel_z_exp: 0.2046
       Episode_Reward/lin_vel_z_l2: -0.0131
      Episode_Reward/ang_vel_xy_l2: -0.0302
             Episode_Reward/energy: -0.0270
         Episode_Reward/dof_acc_l2: -0.1210
     Episode_Reward/action_rate_l2: -0.2026
 Episode_Reward/undesired_contacts: -0.0001
Episode_Reward/body_orientation_l2: -0.0220
Episode_Reward/flat_orientation_l2: -0.0132
Episode_Reward/termination_penalty: -0.1002
         Episode_Reward/feet_slide: -0.0130
         Episode_Reward/feet_force: -0.0133
      Episode_Reward/feet_too_near: -0.0051
       Episode_Reward/feet_stumble: 0.0000
     Episode_Reward/dof_pos_limits: -0.0297
Episode_Reward/joint_deviation_hip: -0.0155
Episode_Reward/joint_deviation_arms: -0.0026
Episode_Reward/joint_deviation_legs: -0.0016
Episode_Reward/joint_deviation_waist: -0.0057
Episode_Reward/gait_feet_frc_perio: 1.1962
Episode_Reward/gait_feet_spd_perio: 0.3403
Episode_Reward/gait_feet_frc_support_perio: 0.4259
       Episode_Reward/ankle_torque: -0.0333
       Episode_Reward/ankle_action: -0.0023
    Episode_Reward/hip_roll_action: -0.7383
     Episode_Reward/hip_yaw_action: -0.5597
    Episode_Reward/feet_y_distance: -0.0115
--------------------------------------------------------------------------------
                   Total timesteps: 24969216
                    Iteration time: 3.65s
                      Time elapsed: 00:07:50
                               ETA: 05:01:00

################################################################################
                     [1m Learning iteration 127/5000 [0m                      

                       Computation: 53538 steps/s (collection: 2.194s, learning 1.478s)
             Mean action noise std: 0.72
          Mean value_function loss: 0.5267
               Mean surrogate loss: 0.0008
                 Mean entropy loss: 21.9314
                     Mean amp loss: 0.0791
            Mean amp_grad_pen loss: 0.1523
         Mean amp_policy_pred loss: -0.7661
         Mean amp_expert_pred loss: 0.7658
                Mean symmetry loss: 0.0037
                       Mean reward: 49.97
               Mean episode length: 657.97
Episode_Reward/track_lin_vel_xy_exp: 2.8585
Episode_Reward/track_ang_vel_z_exp: 0.1893
       Episode_Reward/lin_vel_z_l2: -0.0129
      Episode_Reward/ang_vel_xy_l2: -0.0299
             Episode_Reward/energy: -0.0266
         Episode_Reward/dof_acc_l2: -0.1113
     Episode_Reward/action_rate_l2: -0.1949
 Episode_Reward/undesired_contacts: -0.0001
Episode_Reward/body_orientation_l2: -0.0225
Episode_Reward/flat_orientation_l2: -0.0135
Episode_Reward/termination_penalty: -0.1086
         Episode_Reward/feet_slide: -0.0126
         Episode_Reward/feet_force: -0.0126
      Episode_Reward/feet_too_near: -0.0048
       Episode_Reward/feet_stumble: 0.0000
     Episode_Reward/dof_pos_limits: -0.0290
Episode_Reward/joint_deviation_hip: -0.0131
Episode_Reward/joint_deviation_arms: -0.0022
Episode_Reward/joint_deviation_legs: -0.0013
Episode_Reward/joint_deviation_waist: -0.0049
Episode_Reward/gait_feet_frc_perio: 1.1631
Episode_Reward/gait_feet_spd_perio: 0.3299
Episode_Reward/gait_feet_frc_support_perio: 0.4125
       Episode_Reward/ankle_torque: -0.0323
       Episode_Reward/ankle_action: -0.0022
    Episode_Reward/hip_roll_action: -0.7173
     Episode_Reward/hip_yaw_action: -0.5374
    Episode_Reward/feet_y_distance: -0.0111
--------------------------------------------------------------------------------
                   Total timesteps: 25165824
                    Iteration time: 3.67s
                      Time elapsed: 00:07:54
                               ETA: 05:00:55

################################################################################
                     [1m Learning iteration 128/5000 [0m                      

                       Computation: 53849 steps/s (collection: 2.185s, learning 1.466s)
             Mean action noise std: 0.72
          Mean value_function loss: 0.5751
               Mean surrogate loss: 0.0010
                 Mean entropy loss: 21.9228
                     Mean amp loss: 0.0803
            Mean amp_grad_pen loss: 0.1547
         Mean amp_policy_pred loss: -0.7647
         Mean amp_expert_pred loss: 0.7629
                Mean symmetry loss: 0.0037
                       Mean reward: 54.51
               Mean episode length: 720.33
Episode_Reward/track_lin_vel_xy_exp: 2.7800
Episode_Reward/track_ang_vel_z_exp: 0.1897
       Episode_Reward/lin_vel_z_l2: -0.0129
      Episode_Reward/ang_vel_xy_l2: -0.0291
             Episode_Reward/energy: -0.0262
         Episode_Reward/dof_acc_l2: -0.1093
     Episode_Reward/action_rate_l2: -0.1896
 Episode_Reward/undesired_contacts: -0.0001
Episode_Reward/body_orientation_l2: -0.0222
Episode_Reward/flat_orientation_l2: -0.0133
Episode_Reward/termination_penalty: -0.1142
         Episode_Reward/feet_slide: -0.0120
         Episode_Reward/feet_force: -0.0126
      Episode_Reward/feet_too_near: -0.0048
       Episode_Reward/feet_stumble: 0.0000
     Episode_Reward/dof_pos_limits: -0.0292
Episode_Reward/joint_deviation_hip: -0.0140
Episode_Reward/joint_deviation_arms: -0.0024
Episode_Reward/joint_deviation_legs: -0.0014
Episode_Reward/joint_deviation_waist: -0.0053
Episode_Reward/gait_feet_frc_perio: 1.1327
Episode_Reward/gait_feet_spd_perio: 0.3169
Episode_Reward/gait_feet_frc_support_perio: 0.3997
       Episode_Reward/ankle_torque: -0.0317
       Episode_Reward/ankle_action: -0.0021
    Episode_Reward/hip_roll_action: -0.7099
     Episode_Reward/hip_yaw_action: -0.5257
    Episode_Reward/feet_y_distance: -0.0105
--------------------------------------------------------------------------------
                   Total timesteps: 25362432
                    Iteration time: 3.65s
                      Time elapsed: 00:07:57
                               ETA: 05:00:49

################################################################################
                     [1m Learning iteration 129/5000 [0m                      

                       Computation: 53439 steps/s (collection: 2.189s, learning 1.490s)
             Mean action noise std: 0.72
          Mean value_function loss: 0.5180
               Mean surrogate loss: 0.0009
                 Mean entropy loss: 21.9183
                     Mean amp loss: 0.0808
            Mean amp_grad_pen loss: 0.1541
         Mean amp_policy_pred loss: -0.7646
         Mean amp_expert_pred loss: 0.7605
                Mean symmetry loss: 0.0038
                       Mean reward: 52.34
               Mean episode length: 699.79
Episode_Reward/track_lin_vel_xy_exp: 2.7430
Episode_Reward/track_ang_vel_z_exp: 0.1915
       Episode_Reward/lin_vel_z_l2: -0.0128
      Episode_Reward/ang_vel_xy_l2: -0.0284
             Episode_Reward/energy: -0.0257
         Episode_Reward/dof_acc_l2: -0.1124
     Episode_Reward/action_rate_l2: -0.1857
 Episode_Reward/undesired_contacts: -0.0001
Episode_Reward/body_orientation_l2: -0.0219
Episode_Reward/flat_orientation_l2: -0.0132
Episode_Reward/termination_penalty: -0.1242
         Episode_Reward/feet_slide: -0.0120
         Episode_Reward/feet_force: -0.0122
      Episode_Reward/feet_too_near: -0.0044
       Episode_Reward/feet_stumble: 0.0000
     Episode_Reward/dof_pos_limits: -0.0278
Episode_Reward/joint_deviation_hip: -0.0185
Episode_Reward/joint_deviation_arms: -0.0032
Episode_Reward/joint_deviation_legs: -0.0019
Episode_Reward/joint_deviation_waist: -0.0069
Episode_Reward/gait_feet_frc_perio: 1.0745
Episode_Reward/gait_feet_spd_perio: 0.3008
Episode_Reward/gait_feet_frc_support_perio: 0.3813
       Episode_Reward/ankle_torque: -0.0310
       Episode_Reward/ankle_action: -0.0021
    Episode_Reward/hip_roll_action: -0.6975
     Episode_Reward/hip_yaw_action: -0.5142
    Episode_Reward/feet_y_distance: -0.0126
--------------------------------------------------------------------------------
                   Total timesteps: 25559040
                    Iteration time: 3.68s
                      Time elapsed: 00:08:01
                               ETA: 05:00:44

################################################################################
                     [1m Learning iteration 130/5000 [0m                      

                       Computation: 53816 steps/s (collection: 2.191s, learning 1.463s)
             Mean action noise std: 0.72
          Mean value_function loss: 0.4834
               Mean surrogate loss: 0.0024
                 Mean entropy loss: 21.9089
                     Mean amp loss: 0.0768
            Mean amp_grad_pen loss: 0.1496
         Mean amp_policy_pred loss: -0.7744
         Mean amp_expert_pred loss: 0.7674
                Mean symmetry loss: 0.0038
                       Mean reward: 51.16
               Mean episode length: 655.03
Episode_Reward/track_lin_vel_xy_exp: 2.6990
Episode_Reward/track_ang_vel_z_exp: 0.1799
       Episode_Reward/lin_vel_z_l2: -0.0117
      Episode_Reward/ang_vel_xy_l2: -0.0274
             Episode_Reward/energy: -0.0242
         Episode_Reward/dof_acc_l2: -0.1065
     Episode_Reward/action_rate_l2: -0.1774
 Episode_Reward/undesired_contacts: -0.0002
Episode_Reward/body_orientation_l2: -0.0210
Episode_Reward/flat_orientation_l2: -0.0126
Episode_Reward/termination_penalty: -0.1352
         Episode_Reward/feet_slide: -0.0115
         Episode_Reward/feet_force: -0.0118
      Episode_Reward/feet_too_near: -0.0049
       Episode_Reward/feet_stumble: 0.0000
     Episode_Reward/dof_pos_limits: -0.0252
Episode_Reward/joint_deviation_hip: -0.0163
Episode_Reward/joint_deviation_arms: -0.0028
Episode_Reward/joint_deviation_legs: -0.0017
Episode_Reward/joint_deviation_waist: -0.0061
Episode_Reward/gait_feet_frc_perio: 1.0412
Episode_Reward/gait_feet_spd_perio: 0.2967
Episode_Reward/gait_feet_frc_support_perio: 0.3689
       Episode_Reward/ankle_torque: -0.0289
       Episode_Reward/ankle_action: -0.0020
    Episode_Reward/hip_roll_action: -0.6421
     Episode_Reward/hip_yaw_action: -0.4876
    Episode_Reward/feet_y_distance: -0.0122
--------------------------------------------------------------------------------
                   Total timesteps: 25755648
                    Iteration time: 3.65s
                      Time elapsed: 00:08:05
                               ETA: 05:00:39

################################################################################
                     [1m Learning iteration 131/5000 [0m                      

                       Computation: 53287 steps/s (collection: 2.187s, learning 1.502s)
             Mean action noise std: 0.72
          Mean value_function loss: 0.4979
               Mean surrogate loss: 0.0008
                 Mean entropy loss: 21.8853
                     Mean amp loss: 0.0744
            Mean amp_grad_pen loss: 0.1451
         Mean amp_policy_pred loss: -0.7818
         Mean amp_expert_pred loss: 0.7751
                Mean symmetry loss: 0.0038
                       Mean reward: 52.69
               Mean episode length: 682.65
Episode_Reward/track_lin_vel_xy_exp: 2.7969
Episode_Reward/track_ang_vel_z_exp: 0.1896
       Episode_Reward/lin_vel_z_l2: -0.0130
      Episode_Reward/ang_vel_xy_l2: -0.0288
             Episode_Reward/energy: -0.0263
         Episode_Reward/dof_acc_l2: -0.1149
     Episode_Reward/action_rate_l2: -0.1871
 Episode_Reward/undesired_contacts: -0.0002
Episode_Reward/body_orientation_l2: -0.0221
Episode_Reward/flat_orientation_l2: -0.0133
Episode_Reward/termination_penalty: -0.1268
         Episode_Reward/feet_slide: -0.0124
         Episode_Reward/feet_force: -0.0127
      Episode_Reward/feet_too_near: -0.0052
       Episode_Reward/feet_stumble: 0.0000
     Episode_Reward/dof_pos_limits: -0.0270
Episode_Reward/joint_deviation_hip: -0.0161
Episode_Reward/joint_deviation_arms: -0.0027
Episode_Reward/joint_deviation_legs: -0.0017
Episode_Reward/joint_deviation_waist: -0.0060
Episode_Reward/gait_feet_frc_perio: 1.1133
Episode_Reward/gait_feet_spd_perio: 0.3124
Episode_Reward/gait_feet_frc_support_perio: 0.3926
       Episode_Reward/ankle_torque: -0.0310
       Episode_Reward/ankle_action: -0.0021
    Episode_Reward/hip_roll_action: -0.6898
     Episode_Reward/hip_yaw_action: -0.5171
    Episode_Reward/feet_y_distance: -0.0111
--------------------------------------------------------------------------------
                   Total timesteps: 25952256
                    Iteration time: 3.69s
                      Time elapsed: 00:08:08
                               ETA: 05:00:34

################################################################################
                     [1m Learning iteration 132/5000 [0m                      

                       Computation: 53983 steps/s (collection: 2.184s, learning 1.458s)
             Mean action noise std: 0.72
          Mean value_function loss: 0.4842
               Mean surrogate loss: 0.0013
                 Mean entropy loss: 21.8711
                     Mean amp loss: 0.0759
            Mean amp_grad_pen loss: 0.1491
         Mean amp_policy_pred loss: -0.7772
         Mean amp_expert_pred loss: 0.7718
                Mean symmetry loss: 0.0037
                       Mean reward: 56.69
               Mean episode length: 732.88
Episode_Reward/track_lin_vel_xy_exp: 2.8768
Episode_Reward/track_ang_vel_z_exp: 0.1933
       Episode_Reward/lin_vel_z_l2: -0.0128
      Episode_Reward/ang_vel_xy_l2: -0.0291
             Episode_Reward/energy: -0.0264
         Episode_Reward/dof_acc_l2: -0.1139
     Episode_Reward/action_rate_l2: -0.1903
 Episode_Reward/undesired_contacts: -0.0001
Episode_Reward/body_orientation_l2: -0.0216
Episode_Reward/flat_orientation_l2: -0.0130
Episode_Reward/termination_penalty: -0.1238
         Episode_Reward/feet_slide: -0.0125
         Episode_Reward/feet_force: -0.0126
      Episode_Reward/feet_too_near: -0.0052
       Episode_Reward/feet_stumble: 0.0000
     Episode_Reward/dof_pos_limits: -0.0277
Episode_Reward/joint_deviation_hip: -0.0196
Episode_Reward/joint_deviation_arms: -0.0033
Episode_Reward/joint_deviation_legs: -0.0020
Episode_Reward/joint_deviation_waist: -0.0073
Episode_Reward/gait_feet_frc_perio: 1.1080
Episode_Reward/gait_feet_spd_perio: 0.3114
Episode_Reward/gait_feet_frc_support_perio: 0.3930
       Episode_Reward/ankle_torque: -0.0315
       Episode_Reward/ankle_action: -0.0022
    Episode_Reward/hip_roll_action: -0.7007
     Episode_Reward/hip_yaw_action: -0.5241
    Episode_Reward/feet_y_distance: -0.0117
--------------------------------------------------------------------------------
                   Total timesteps: 26148864
                    Iteration time: 3.64s
                      Time elapsed: 00:08:12
                               ETA: 05:00:28

################################################################################
                     [1m Learning iteration 133/5000 [0m                      

                       Computation: 53079 steps/s (collection: 2.194s, learning 1.510s)
             Mean action noise std: 0.72
          Mean value_function loss: 0.5080
               Mean surrogate loss: 0.0007
                 Mean entropy loss: 21.8677
                     Mean amp loss: 0.0793
            Mean amp_grad_pen loss: 0.1505
         Mean amp_policy_pred loss: -0.7681
         Mean amp_expert_pred loss: 0.7663
                Mean symmetry loss: 0.0038
                       Mean reward: 56.64
               Mean episode length: 738.22
Episode_Reward/track_lin_vel_xy_exp: 2.8015
Episode_Reward/track_ang_vel_z_exp: 0.1916
       Episode_Reward/lin_vel_z_l2: -0.0129
      Episode_Reward/ang_vel_xy_l2: -0.0286
             Episode_Reward/energy: -0.0268
         Episode_Reward/dof_acc_l2: -0.1128
     Episode_Reward/action_rate_l2: -0.1889
 Episode_Reward/undesired_contacts: -0.0002
Episode_Reward/body_orientation_l2: -0.0206
Episode_Reward/flat_orientation_l2: -0.0124
Episode_Reward/termination_penalty: -0.1183
         Episode_Reward/feet_slide: -0.0122
         Episode_Reward/feet_force: -0.0124
      Episode_Reward/feet_too_near: -0.0049
       Episode_Reward/feet_stumble: 0.0000
     Episode_Reward/dof_pos_limits: -0.0285
Episode_Reward/joint_deviation_hip: -0.0186
Episode_Reward/joint_deviation_arms: -0.0031
Episode_Reward/joint_deviation_legs: -0.0019
Episode_Reward/joint_deviation_waist: -0.0068
Episode_Reward/gait_feet_frc_perio: 1.1092
Episode_Reward/gait_feet_spd_perio: 0.3068
Episode_Reward/gait_feet_frc_support_perio: 0.3905
       Episode_Reward/ankle_torque: -0.0319
       Episode_Reward/ankle_action: -0.0021
    Episode_Reward/hip_roll_action: -0.7174
     Episode_Reward/hip_yaw_action: -0.5214
    Episode_Reward/feet_y_distance: -0.0117
--------------------------------------------------------------------------------
                   Total timesteps: 26345472
                    Iteration time: 3.70s
                      Time elapsed: 00:08:16
                               ETA: 05:00:25

################################################################################
                     [1m Learning iteration 134/5000 [0m                      

                       Computation: 53280 steps/s (collection: 2.197s, learning 1.493s)
             Mean action noise std: 0.72
          Mean value_function loss: 0.4279
               Mean surrogate loss: 0.0021
                 Mean entropy loss: 21.8626
                     Mean amp loss: 0.0765
            Mean amp_grad_pen loss: 0.1513
         Mean amp_policy_pred loss: -0.7749
         Mean amp_expert_pred loss: 0.7686
                Mean symmetry loss: 0.0040
                       Mean reward: 55.57
               Mean episode length: 718.25
Episode_Reward/track_lin_vel_xy_exp: 2.9634
Episode_Reward/track_ang_vel_z_exp: 0.2010
       Episode_Reward/lin_vel_z_l2: -0.0140
      Episode_Reward/ang_vel_xy_l2: -0.0306
             Episode_Reward/energy: -0.0284
         Episode_Reward/dof_acc_l2: -0.1179
     Episode_Reward/action_rate_l2: -0.1989
 Episode_Reward/undesired_contacts: -0.0001
Episode_Reward/body_orientation_l2: -0.0230
Episode_Reward/flat_orientation_l2: -0.0138
Episode_Reward/termination_penalty: -0.1116
         Episode_Reward/feet_slide: -0.0129
         Episode_Reward/feet_force: -0.0131
      Episode_Reward/feet_too_near: -0.0049
       Episode_Reward/feet_stumble: 0.0000
     Episode_Reward/dof_pos_limits: -0.0300
Episode_Reward/joint_deviation_hip: -0.0160
Episode_Reward/joint_deviation_arms: -0.0026
Episode_Reward/joint_deviation_legs: -0.0017
Episode_Reward/joint_deviation_waist: -0.0060
Episode_Reward/gait_feet_frc_perio: 1.1955
Episode_Reward/gait_feet_spd_perio: 0.3318
Episode_Reward/gait_feet_frc_support_perio: 0.4200
       Episode_Reward/ankle_torque: -0.0336
       Episode_Reward/ankle_action: -0.0023
    Episode_Reward/hip_roll_action: -0.7468
     Episode_Reward/hip_yaw_action: -0.5482
    Episode_Reward/feet_y_distance: -0.0121
--------------------------------------------------------------------------------
                   Total timesteps: 26542080
                    Iteration time: 3.69s
                      Time elapsed: 00:08:19
                               ETA: 05:00:21

################################################################################
                     [1m Learning iteration 135/5000 [0m                      

                       Computation: 53684 steps/s (collection: 2.187s, learning 1.475s)
             Mean action noise std: 0.72
          Mean value_function loss: 0.3987
               Mean surrogate loss: 0.0007
                 Mean entropy loss: 21.8181
                     Mean amp loss: 0.0766
            Mean amp_grad_pen loss: 0.1502
         Mean amp_policy_pred loss: -0.7728
         Mean amp_expert_pred loss: 0.7713
                Mean symmetry loss: 0.0039
                       Mean reward: 58.72
               Mean episode length: 750.75
Episode_Reward/track_lin_vel_xy_exp: 2.9559
Episode_Reward/track_ang_vel_z_exp: 0.1991
       Episode_Reward/lin_vel_z_l2: -0.0140
      Episode_Reward/ang_vel_xy_l2: -0.0304
             Episode_Reward/energy: -0.0280
         Episode_Reward/dof_acc_l2: -0.1190
     Episode_Reward/action_rate_l2: -0.1969
 Episode_Reward/undesired_contacts: -0.0001
Episode_Reward/body_orientation_l2: -0.0227
Episode_Reward/flat_orientation_l2: -0.0136
Episode_Reward/termination_penalty: -0.1104
         Episode_Reward/feet_slide: -0.0128
         Episode_Reward/feet_force: -0.0128
      Episode_Reward/feet_too_near: -0.0052
       Episode_Reward/feet_stumble: 0.0000
     Episode_Reward/dof_pos_limits: -0.0290
Episode_Reward/joint_deviation_hip: -0.0174
Episode_Reward/joint_deviation_arms: -0.0029
Episode_Reward/joint_deviation_legs: -0.0018
Episode_Reward/joint_deviation_waist: -0.0066
Episode_Reward/gait_feet_frc_perio: 1.1721
Episode_Reward/gait_feet_spd_perio: 0.3287
Episode_Reward/gait_feet_frc_support_perio: 0.4122
       Episode_Reward/ankle_torque: -0.0330
       Episode_Reward/ankle_action: -0.0023
    Episode_Reward/hip_roll_action: -0.7307
     Episode_Reward/hip_yaw_action: -0.5391
    Episode_Reward/feet_y_distance: -0.0118
--------------------------------------------------------------------------------
                   Total timesteps: 26738688
                    Iteration time: 3.66s
                      Time elapsed: 00:08:23
                               ETA: 05:00:15

################################################################################
                     [1m Learning iteration 136/5000 [0m                      

                       Computation: 53304 steps/s (collection: 2.194s, learning 1.494s)
             Mean action noise std: 0.72
          Mean value_function loss: 0.3022
               Mean surrogate loss: 0.0024
                 Mean entropy loss: 21.7892
                     Mean amp loss: 0.0817
            Mean amp_grad_pen loss: 0.1519
         Mean amp_policy_pred loss: -0.7638
         Mean amp_expert_pred loss: 0.7601
                Mean symmetry loss: 0.0038
                       Mean reward: 63.85
               Mean episode length: 794.06
Episode_Reward/track_lin_vel_xy_exp: 3.1712
Episode_Reward/track_ang_vel_z_exp: 0.2114
       Episode_Reward/lin_vel_z_l2: -0.0140
      Episode_Reward/ang_vel_xy_l2: -0.0313
             Episode_Reward/energy: -0.0297
         Episode_Reward/dof_acc_l2: -0.1217
     Episode_Reward/action_rate_l2: -0.2083
 Episode_Reward/undesired_contacts: -0.0001
Episode_Reward/body_orientation_l2: -0.0224
Episode_Reward/flat_orientation_l2: -0.0134
Episode_Reward/termination_penalty: -0.0959
         Episode_Reward/feet_slide: -0.0133
         Episode_Reward/feet_force: -0.0139
      Episode_Reward/feet_too_near: -0.0052
       Episode_Reward/feet_stumble: 0.0000
     Episode_Reward/dof_pos_limits: -0.0304
Episode_Reward/joint_deviation_hip: -0.0180
Episode_Reward/joint_deviation_arms: -0.0030
Episode_Reward/joint_deviation_legs: -0.0019
Episode_Reward/joint_deviation_waist: -0.0068
Episode_Reward/gait_feet_frc_perio: 1.2472
Episode_Reward/gait_feet_spd_perio: 0.3524
Episode_Reward/gait_feet_frc_support_perio: 0.4383
       Episode_Reward/ankle_torque: -0.0350
       Episode_Reward/ankle_action: -0.0024
    Episode_Reward/hip_roll_action: -0.7746
     Episode_Reward/hip_yaw_action: -0.5721
    Episode_Reward/feet_y_distance: -0.0124
--------------------------------------------------------------------------------
                   Total timesteps: 26935296
                    Iteration time: 3.69s
                      Time elapsed: 00:08:27
                               ETA: 05:00:11

################################################################################
                     [1m Learning iteration 137/5000 [0m                      

                       Computation: 53268 steps/s (collection: 2.187s, learning 1.504s)
             Mean action noise std: 0.71
          Mean value_function loss: 0.2960
               Mean surrogate loss: 0.0013
                 Mean entropy loss: 21.7317
                     Mean amp loss: 0.0782
            Mean amp_grad_pen loss: 0.1490
         Mean amp_policy_pred loss: -0.7718
         Mean amp_expert_pred loss: 0.7672
                Mean symmetry loss: 0.0037
                       Mean reward: 67.22
               Mean episode length: 854.82
Episode_Reward/track_lin_vel_xy_exp: 3.3451
Episode_Reward/track_ang_vel_z_exp: 0.2258
       Episode_Reward/lin_vel_z_l2: -0.0151
      Episode_Reward/ang_vel_xy_l2: -0.0330
             Episode_Reward/energy: -0.0330
         Episode_Reward/dof_acc_l2: -0.1342
     Episode_Reward/action_rate_l2: -0.2240
 Episode_Reward/undesired_contacts: -0.0001
Episode_Reward/body_orientation_l2: -0.0220
Episode_Reward/flat_orientation_l2: -0.0132
Episode_Reward/termination_penalty: -0.0750
         Episode_Reward/feet_slide: -0.0144
         Episode_Reward/feet_force: -0.0148
      Episode_Reward/feet_too_near: -0.0047
       Episode_Reward/feet_stumble: 0.0000
     Episode_Reward/dof_pos_limits: -0.0353
Episode_Reward/joint_deviation_hip: -0.0179
Episode_Reward/joint_deviation_arms: -0.0030
Episode_Reward/joint_deviation_legs: -0.0019
Episode_Reward/joint_deviation_waist: -0.0067
Episode_Reward/gait_feet_frc_perio: 1.3550
Episode_Reward/gait_feet_spd_perio: 0.3708
Episode_Reward/gait_feet_frc_support_perio: 0.4738
       Episode_Reward/ankle_torque: -0.0390
       Episode_Reward/ankle_action: -0.0026
    Episode_Reward/hip_roll_action: -0.8684
     Episode_Reward/hip_yaw_action: -0.6167
    Episode_Reward/feet_y_distance: -0.0135
--------------------------------------------------------------------------------
                   Total timesteps: 27131904
                    Iteration time: 3.69s
                      Time elapsed: 00:08:31
                               ETA: 05:00:07

################################################################################
                     [1m Learning iteration 138/5000 [0m                      

                       Computation: 53273 steps/s (collection: 2.192s, learning 1.498s)
             Mean action noise std: 0.71
          Mean value_function loss: 0.2393
               Mean surrogate loss: 0.0029
                 Mean entropy loss: 21.6623
                     Mean amp loss: 0.0735
            Mean amp_grad_pen loss: 0.1471
         Mean amp_policy_pred loss: -0.7792
         Mean amp_expert_pred loss: 0.7803
                Mean symmetry loss: 0.0039
                       Mean reward: 63.78
               Mean episode length: 810.27
Episode_Reward/track_lin_vel_xy_exp: 3.4126
Episode_Reward/track_ang_vel_z_exp: 0.2250
       Episode_Reward/lin_vel_z_l2: -0.0150
      Episode_Reward/ang_vel_xy_l2: -0.0334
             Episode_Reward/energy: -0.0333
         Episode_Reward/dof_acc_l2: -0.1349
     Episode_Reward/action_rate_l2: -0.2261
 Episode_Reward/undesired_contacts: -0.0001
Episode_Reward/body_orientation_l2: -0.0226
Episode_Reward/flat_orientation_l2: -0.0136
Episode_Reward/termination_penalty: -0.0634
         Episode_Reward/feet_slide: -0.0148
         Episode_Reward/feet_force: -0.0149
      Episode_Reward/feet_too_near: -0.0053
       Episode_Reward/feet_stumble: 0.0000
     Episode_Reward/dof_pos_limits: -0.0348
Episode_Reward/joint_deviation_hip: -0.0169
Episode_Reward/joint_deviation_arms: -0.0028
Episode_Reward/joint_deviation_legs: -0.0018
Episode_Reward/joint_deviation_waist: -0.0067
Episode_Reward/gait_feet_frc_perio: 1.3797
Episode_Reward/gait_feet_spd_perio: 0.3806
Episode_Reward/gait_feet_frc_support_perio: 0.4825
       Episode_Reward/ankle_torque: -0.0395
       Episode_Reward/ankle_action: -0.0026
    Episode_Reward/hip_roll_action: -0.8659
     Episode_Reward/hip_yaw_action: -0.6207
    Episode_Reward/feet_y_distance: -0.0132
--------------------------------------------------------------------------------
                   Total timesteps: 27328512
                    Iteration time: 3.69s
                      Time elapsed: 00:08:34
                               ETA: 05:00:03

################################################################################
                     [1m Learning iteration 139/5000 [0m                      

                       Computation: 53431 steps/s (collection: 2.193s, learning 1.487s)
             Mean action noise std: 0.71
          Mean value_function loss: 0.2093
               Mean surrogate loss: 0.0036
                 Mean entropy loss: 21.5831
                     Mean amp loss: 0.0833
            Mean amp_grad_pen loss: 0.1574
         Mean amp_policy_pred loss: -0.7585
         Mean amp_expert_pred loss: 0.7590
                Mean symmetry loss: 0.0036
                       Mean reward: 70.74
               Mean episode length: 876.83
Episode_Reward/track_lin_vel_xy_exp: 3.5083
Episode_Reward/track_ang_vel_z_exp: 0.2284
       Episode_Reward/lin_vel_z_l2: -0.0156
      Episode_Reward/ang_vel_xy_l2: -0.0339
             Episode_Reward/energy: -0.0347
         Episode_Reward/dof_acc_l2: -0.1383
     Episode_Reward/action_rate_l2: -0.2327
 Episode_Reward/undesired_contacts: -0.0001
Episode_Reward/body_orientation_l2: -0.0227
Episode_Reward/flat_orientation_l2: -0.0136
Episode_Reward/termination_penalty: -0.0573
         Episode_Reward/feet_slide: -0.0152
         Episode_Reward/feet_force: -0.0153
      Episode_Reward/feet_too_near: -0.0055
       Episode_Reward/feet_stumble: 0.0000
     Episode_Reward/dof_pos_limits: -0.0357
Episode_Reward/joint_deviation_hip: -0.0161
Episode_Reward/joint_deviation_arms: -0.0026
Episode_Reward/joint_deviation_legs: -0.0017
Episode_Reward/joint_deviation_waist: -0.0061
Episode_Reward/gait_feet_frc_perio: 1.4244
Episode_Reward/gait_feet_spd_perio: 0.3928
Episode_Reward/gait_feet_frc_support_perio: 0.4995
       Episode_Reward/ankle_torque: -0.0408
       Episode_Reward/ankle_action: -0.0027
    Episode_Reward/hip_roll_action: -0.8926
     Episode_Reward/hip_yaw_action: -0.6381
    Episode_Reward/feet_y_distance: -0.0138
--------------------------------------------------------------------------------
                   Total timesteps: 27525120
                    Iteration time: 3.68s
                      Time elapsed: 00:08:38
                               ETA: 04:59:58

################################################################################
                     [1m Learning iteration 140/5000 [0m                      

                       Computation: 53438 steps/s (collection: 2.187s, learning 1.492s)
             Mean action noise std: 0.71
          Mean value_function loss: 0.1898
               Mean surrogate loss: 0.0060
                 Mean entropy loss: 21.4797
                     Mean amp loss: 0.0843
            Mean amp_grad_pen loss: 0.1554
         Mean amp_policy_pred loss: -0.7568
         Mean amp_expert_pred loss: 0.7562
                Mean symmetry loss: 0.0041
                       Mean reward: 70.55
               Mean episode length: 867.42
Episode_Reward/track_lin_vel_xy_exp: 3.5253
Episode_Reward/track_ang_vel_z_exp: 0.2389
       Episode_Reward/lin_vel_z_l2: -0.0158
      Episode_Reward/ang_vel_xy_l2: -0.0337
             Episode_Reward/energy: -0.0344
         Episode_Reward/dof_acc_l2: -0.1392
     Episode_Reward/action_rate_l2: -0.2312
 Episode_Reward/undesired_contacts: -0.0001
Episode_Reward/body_orientation_l2: -0.0230
Episode_Reward/flat_orientation_l2: -0.0138
Episode_Reward/termination_penalty: -0.0554
         Episode_Reward/feet_slide: -0.0147
         Episode_Reward/feet_force: -0.0156
      Episode_Reward/feet_too_near: -0.0053
       Episode_Reward/feet_stumble: 0.0000
     Episode_Reward/dof_pos_limits: -0.0347
Episode_Reward/joint_deviation_hip: -0.0202
Episode_Reward/joint_deviation_arms: -0.0033
Episode_Reward/joint_deviation_legs: -0.0021
Episode_Reward/joint_deviation_waist: -0.0078
Episode_Reward/gait_feet_frc_perio: 1.3878
Episode_Reward/gait_feet_spd_perio: 0.3873
Episode_Reward/gait_feet_frc_support_perio: 0.4863
       Episode_Reward/ankle_torque: -0.0402
       Episode_Reward/ankle_action: -0.0027
    Episode_Reward/hip_roll_action: -0.8844
     Episode_Reward/hip_yaw_action: -0.6312
    Episode_Reward/feet_y_distance: -0.0144
--------------------------------------------------------------------------------
                   Total timesteps: 27721728
                    Iteration time: 3.68s
                      Time elapsed: 00:08:42
                               ETA: 04:59:54

################################################################################
                     [1m Learning iteration 141/5000 [0m                      

                       Computation: 53730 steps/s (collection: 2.191s, learning 1.469s)
             Mean action noise std: 0.70
          Mean value_function loss: 0.1782
               Mean surrogate loss: 0.0036
                 Mean entropy loss: 21.3729
                     Mean amp loss: 0.0821
            Mean amp_grad_pen loss: 0.1540
         Mean amp_policy_pred loss: -0.7629
         Mean amp_expert_pred loss: 0.7598
                Mean symmetry loss: 0.0041
                       Mean reward: 73.29
               Mean episode length: 896.92
Episode_Reward/track_lin_vel_xy_exp: 3.7420
Episode_Reward/track_ang_vel_z_exp: 0.2453
       Episode_Reward/lin_vel_z_l2: -0.0153
      Episode_Reward/ang_vel_xy_l2: -0.0346
             Episode_Reward/energy: -0.0352
         Episode_Reward/dof_acc_l2: -0.1434
     Episode_Reward/action_rate_l2: -0.2419
 Episode_Reward/undesired_contacts: -0.0001
Episode_Reward/body_orientation_l2: -0.0218
Episode_Reward/flat_orientation_l2: -0.0131
Episode_Reward/termination_penalty: -0.0365
         Episode_Reward/feet_slide: -0.0150
         Episode_Reward/feet_force: -0.0165
      Episode_Reward/feet_too_near: -0.0062
       Episode_Reward/feet_stumble: 0.0000
     Episode_Reward/dof_pos_limits: -0.0361
Episode_Reward/joint_deviation_hip: -0.0199
Episode_Reward/joint_deviation_arms: -0.0033
Episode_Reward/joint_deviation_legs: -0.0021
Episode_Reward/joint_deviation_waist: -0.0078
Episode_Reward/gait_feet_frc_perio: 1.4623
Episode_Reward/gait_feet_spd_perio: 0.4126
Episode_Reward/gait_feet_frc_support_perio: 0.5122
       Episode_Reward/ankle_torque: -0.0414
       Episode_Reward/ankle_action: -0.0028
    Episode_Reward/hip_roll_action: -0.9093
     Episode_Reward/hip_yaw_action: -0.6587
    Episode_Reward/feet_y_distance: -0.0148
--------------------------------------------------------------------------------
                   Total timesteps: 27918336
                    Iteration time: 3.66s
                      Time elapsed: 00:08:45
                               ETA: 04:59:49

################################################################################
                     [1m Learning iteration 142/5000 [0m                      

                       Computation: 53059 steps/s (collection: 2.211s, learning 1.494s)
             Mean action noise std: 0.70
          Mean value_function loss: 0.1862
               Mean surrogate loss: 0.0039
                 Mean entropy loss: 21.2507
                     Mean amp loss: 0.0834
            Mean amp_grad_pen loss: 0.1541
         Mean amp_policy_pred loss: -0.7596
         Mean amp_expert_pred loss: 0.7585
                Mean symmetry loss: 0.0040
                       Mean reward: 78.21
               Mean episode length: 943.53
Episode_Reward/track_lin_vel_xy_exp: 3.8180
Episode_Reward/track_ang_vel_z_exp: 0.2502
       Episode_Reward/lin_vel_z_l2: -0.0159
      Episode_Reward/ang_vel_xy_l2: -0.0358
             Episode_Reward/energy: -0.0371
         Episode_Reward/dof_acc_l2: -0.1484
     Episode_Reward/action_rate_l2: -0.2492
 Episode_Reward/undesired_contacts: -0.0000
Episode_Reward/body_orientation_l2: -0.0226
Episode_Reward/flat_orientation_l2: -0.0135
Episode_Reward/termination_penalty: -0.0281
         Episode_Reward/feet_slide: -0.0156
         Episode_Reward/feet_force: -0.0167
      Episode_Reward/feet_too_near: -0.0063
       Episode_Reward/feet_stumble: 0.0000
     Episode_Reward/dof_pos_limits: -0.0377
Episode_Reward/joint_deviation_hip: -0.0176
Episode_Reward/joint_deviation_arms: -0.0028
Episode_Reward/joint_deviation_legs: -0.0019
Episode_Reward/joint_deviation_waist: -0.0068
Episode_Reward/gait_feet_frc_perio: 1.5321
Episode_Reward/gait_feet_spd_perio: 0.4276
Episode_Reward/gait_feet_frc_support_perio: 0.5342
       Episode_Reward/ankle_torque: -0.0431
       Episode_Reward/ankle_action: -0.0029
    Episode_Reward/hip_roll_action: -0.9468
     Episode_Reward/hip_yaw_action: -0.6787
    Episode_Reward/feet_y_distance: -0.0154
--------------------------------------------------------------------------------
                   Total timesteps: 28114944
                    Iteration time: 3.71s
                      Time elapsed: 00:08:49
                               ETA: 04:59:45

################################################################################
                     [1m Learning iteration 143/5000 [0m                      

                       Computation: 53054 steps/s (collection: 2.211s, learning 1.495s)
             Mean action noise std: 0.70
          Mean value_function loss: 0.1951
               Mean surrogate loss: 0.0032
                 Mean entropy loss: 21.1456
                     Mean amp loss: 0.0863
            Mean amp_grad_pen loss: 0.1590
         Mean amp_policy_pred loss: -0.7554
         Mean amp_expert_pred loss: 0.7521
                Mean symmetry loss: 0.0037
                       Mean reward: 76.35
               Mean episode length: 919.86
Episode_Reward/track_lin_vel_xy_exp: 3.8668
Episode_Reward/track_ang_vel_z_exp: 0.2543
       Episode_Reward/lin_vel_z_l2: -0.0155
      Episode_Reward/ang_vel_xy_l2: -0.0353
             Episode_Reward/energy: -0.0360
         Episode_Reward/dof_acc_l2: -0.1443
     Episode_Reward/action_rate_l2: -0.2460
 Episode_Reward/undesired_contacts: -0.0000
Episode_Reward/body_orientation_l2: -0.0221
Episode_Reward/flat_orientation_l2: -0.0132
Episode_Reward/termination_penalty: -0.0309
         Episode_Reward/feet_slide: -0.0153
         Episode_Reward/feet_force: -0.0162
      Episode_Reward/feet_too_near: -0.0062
       Episode_Reward/feet_stumble: 0.0000
     Episode_Reward/dof_pos_limits: -0.0347
Episode_Reward/joint_deviation_hip: -0.0217
Episode_Reward/joint_deviation_arms: -0.0036
Episode_Reward/joint_deviation_legs: -0.0023
Episode_Reward/joint_deviation_waist: -0.0083
Episode_Reward/gait_feet_frc_perio: 1.4864
Episode_Reward/gait_feet_spd_perio: 0.4238
Episode_Reward/gait_feet_frc_support_perio: 0.5207
       Episode_Reward/ankle_torque: -0.0417
       Episode_Reward/ankle_action: -0.0029
    Episode_Reward/hip_roll_action: -0.9172
     Episode_Reward/hip_yaw_action: -0.6690
    Episode_Reward/feet_y_distance: -0.0170
--------------------------------------------------------------------------------
                   Total timesteps: 28311552
                    Iteration time: 3.71s
                      Time elapsed: 00:08:53
                               ETA: 04:59:41

################################################################################
                     [1m Learning iteration 144/5000 [0m                      

                       Computation: 53085 steps/s (collection: 2.209s, learning 1.495s)
             Mean action noise std: 0.69
          Mean value_function loss: 0.2385
               Mean surrogate loss: 0.0043
                 Mean entropy loss: 21.0363
                     Mean amp loss: 0.0855
            Mean amp_grad_pen loss: 0.1578
         Mean amp_policy_pred loss: -0.7565
         Mean amp_expert_pred loss: 0.7545
                Mean symmetry loss: 0.0039
                       Mean reward: 74.82
               Mean episode length: 896.86
Episode_Reward/track_lin_vel_xy_exp: 3.7706
Episode_Reward/track_ang_vel_z_exp: 0.2492
       Episode_Reward/lin_vel_z_l2: -0.0154
      Episode_Reward/ang_vel_xy_l2: -0.0350
             Episode_Reward/energy: -0.0363
         Episode_Reward/dof_acc_l2: -0.1414
     Episode_Reward/action_rate_l2: -0.2412
 Episode_Reward/undesired_contacts: -0.0001
Episode_Reward/body_orientation_l2: -0.0225
Episode_Reward/flat_orientation_l2: -0.0135
Episode_Reward/termination_penalty: -0.0408
         Episode_Reward/feet_slide: -0.0152
         Episode_Reward/feet_force: -0.0166
      Episode_Reward/feet_too_near: -0.0067
       Episode_Reward/feet_stumble: 0.0000
     Episode_Reward/dof_pos_limits: -0.0350
Episode_Reward/joint_deviation_hip: -0.0185
Episode_Reward/joint_deviation_arms: -0.0030
Episode_Reward/joint_deviation_legs: -0.0019
Episode_Reward/joint_deviation_waist: -0.0070
Episode_Reward/gait_feet_frc_perio: 1.4815
Episode_Reward/gait_feet_spd_perio: 0.4181
Episode_Reward/gait_feet_frc_support_perio: 0.5165
       Episode_Reward/ankle_torque: -0.0417
       Episode_Reward/ankle_action: -0.0028
    Episode_Reward/hip_roll_action: -0.9105
     Episode_Reward/hip_yaw_action: -0.6553
    Episode_Reward/feet_y_distance: -0.0149
--------------------------------------------------------------------------------
                   Total timesteps: 28508160
                    Iteration time: 3.70s
                      Time elapsed: 00:08:56
                               ETA: 04:59:38

################################################################################
                     [1m Learning iteration 145/5000 [0m                      

                       Computation: 53134 steps/s (collection: 2.188s, learning 1.512s)
             Mean action noise std: 0.69
          Mean value_function loss: 0.1772
               Mean surrogate loss: 0.0067
                 Mean entropy loss: 20.9616
                     Mean amp loss: 0.0896
            Mean amp_grad_pen loss: 0.1670
         Mean amp_policy_pred loss: -0.7466
         Mean amp_expert_pred loss: 0.7459
                Mean symmetry loss: 0.0038
                       Mean reward: 74.19
               Mean episode length: 891.80
Episode_Reward/track_lin_vel_xy_exp: 3.7429
Episode_Reward/track_ang_vel_z_exp: 0.2462
       Episode_Reward/lin_vel_z_l2: -0.0154
      Episode_Reward/ang_vel_xy_l2: -0.0348
             Episode_Reward/energy: -0.0362
         Episode_Reward/dof_acc_l2: -0.1385
     Episode_Reward/action_rate_l2: -0.2392
 Episode_Reward/undesired_contacts: -0.0001
Episode_Reward/body_orientation_l2: -0.0223
Episode_Reward/flat_orientation_l2: -0.0134
Episode_Reward/termination_penalty: -0.0438
         Episode_Reward/feet_slide: -0.0151
         Episode_Reward/feet_force: -0.0154
      Episode_Reward/feet_too_near: -0.0060
       Episode_Reward/feet_stumble: 0.0000
     Episode_Reward/dof_pos_limits: -0.0349
Episode_Reward/joint_deviation_hip: -0.0190
Episode_Reward/joint_deviation_arms: -0.0031
Episode_Reward/joint_deviation_legs: -0.0020
Episode_Reward/joint_deviation_waist: -0.0071
Episode_Reward/gait_feet_frc_perio: 1.4654
Episode_Reward/gait_feet_spd_perio: 0.4119
Episode_Reward/gait_feet_frc_support_perio: 0.5111
       Episode_Reward/ankle_torque: -0.0416
       Episode_Reward/ankle_action: -0.0028
    Episode_Reward/hip_roll_action: -0.9059
     Episode_Reward/hip_yaw_action: -0.6499
    Episode_Reward/feet_y_distance: -0.0136
--------------------------------------------------------------------------------
                   Total timesteps: 28704768
                    Iteration time: 3.70s
                      Time elapsed: 00:09:00
                               ETA: 04:59:34

################################################################################
                     [1m Learning iteration 146/5000 [0m                      

                       Computation: 53314 steps/s (collection: 2.194s, learning 1.494s)
             Mean action noise std: 0.69
          Mean value_function loss: 0.2010
               Mean surrogate loss: 0.0051
                 Mean entropy loss: 20.8652
                     Mean amp loss: 0.0964
            Mean amp_grad_pen loss: 0.1691
         Mean amp_policy_pred loss: -0.7346
         Mean amp_expert_pred loss: 0.7314
                Mean symmetry loss: 0.0036
                       Mean reward: 77.47
               Mean episode length: 928.59
Episode_Reward/track_lin_vel_xy_exp: 3.8020
Episode_Reward/track_ang_vel_z_exp: 0.2488
       Episode_Reward/lin_vel_z_l2: -0.0154
      Episode_Reward/ang_vel_xy_l2: -0.0350
             Episode_Reward/energy: -0.0368
         Episode_Reward/dof_acc_l2: -0.1436
     Episode_Reward/action_rate_l2: -0.2427
 Episode_Reward/undesired_contacts: -0.0000
Episode_Reward/body_orientation_l2: -0.0214
Episode_Reward/flat_orientation_l2: -0.0128
Episode_Reward/termination_penalty: -0.0332
         Episode_Reward/feet_slide: -0.0154
         Episode_Reward/feet_force: -0.0163
      Episode_Reward/feet_too_near: -0.0064
       Episode_Reward/feet_stumble: 0.0000
     Episode_Reward/dof_pos_limits: -0.0354
Episode_Reward/joint_deviation_hip: -0.0208
Episode_Reward/joint_deviation_arms: -0.0034
Episode_Reward/joint_deviation_legs: -0.0022
Episode_Reward/joint_deviation_waist: -0.0081
Episode_Reward/gait_feet_frc_perio: 1.4820
Episode_Reward/gait_feet_spd_perio: 0.4147
Episode_Reward/gait_feet_frc_support_perio: 0.5161
       Episode_Reward/ankle_torque: -0.0423
       Episode_Reward/ankle_action: -0.0028
    Episode_Reward/hip_roll_action: -0.9229
     Episode_Reward/hip_yaw_action: -0.6604
    Episode_Reward/feet_y_distance: -0.0148
--------------------------------------------------------------------------------
                   Total timesteps: 28901376
                    Iteration time: 3.69s
                      Time elapsed: 00:09:04
                               ETA: 04:59:30

################################################################################
                     [1m Learning iteration 147/5000 [0m                      

                       Computation: 53760 steps/s (collection: 2.201s, learning 1.457s)
             Mean action noise std: 0.69
          Mean value_function loss: 0.2020
               Mean surrogate loss: 0.0048
                 Mean entropy loss: 20.7566
                     Mean amp loss: 0.1009
            Mean amp_grad_pen loss: 0.1708
         Mean amp_policy_pred loss: -0.7260
         Mean amp_expert_pred loss: 0.7215
                Mean symmetry loss: 0.0037
                       Mean reward: 74.99
               Mean episode length: 882.95
Episode_Reward/track_lin_vel_xy_exp: 3.6785
Episode_Reward/track_ang_vel_z_exp: 0.2368
       Episode_Reward/lin_vel_z_l2: -0.0148
      Episode_Reward/ang_vel_xy_l2: -0.0334
             Episode_Reward/energy: -0.0358
         Episode_Reward/dof_acc_l2: -0.1374
     Episode_Reward/action_rate_l2: -0.2332
 Episode_Reward/undesired_contacts: -0.0001
Episode_Reward/body_orientation_l2: -0.0204
Episode_Reward/flat_orientation_l2: -0.0122
Episode_Reward/termination_penalty: -0.0401
         Episode_Reward/feet_slide: -0.0148
         Episode_Reward/feet_force: -0.0156
      Episode_Reward/feet_too_near: -0.0061
       Episode_Reward/feet_stumble: 0.0000
     Episode_Reward/dof_pos_limits: -0.0341
Episode_Reward/joint_deviation_hip: -0.0189
Episode_Reward/joint_deviation_arms: -0.0030
Episode_Reward/joint_deviation_legs: -0.0020
Episode_Reward/joint_deviation_waist: -0.0073
Episode_Reward/gait_feet_frc_perio: 1.4336
Episode_Reward/gait_feet_spd_perio: 0.4030
Episode_Reward/gait_feet_frc_support_perio: 0.4998
       Episode_Reward/ankle_torque: -0.0409
       Episode_Reward/ankle_action: -0.0027
    Episode_Reward/hip_roll_action: -0.8905
     Episode_Reward/hip_yaw_action: -0.6351
    Episode_Reward/feet_y_distance: -0.0126
--------------------------------------------------------------------------------
                   Total timesteps: 29097984
                    Iteration time: 3.66s
                      Time elapsed: 00:09:07
                               ETA: 04:59:25

################################################################################
                     [1m Learning iteration 148/5000 [0m                      

                       Computation: 52876 steps/s (collection: 2.185s, learning 1.533s)
             Mean action noise std: 0.68
          Mean value_function loss: 0.2608
               Mean surrogate loss: 0.0074
                 Mean entropy loss: 20.6768
                     Mean amp loss: 0.0936
            Mean amp_grad_pen loss: 0.1680
         Mean amp_policy_pred loss: -0.7385
         Mean amp_expert_pred loss: 0.7372
                Mean symmetry loss: 0.0037
                       Mean reward: 75.16
               Mean episode length: 896.33
Episode_Reward/track_lin_vel_xy_exp: 3.8414
Episode_Reward/track_ang_vel_z_exp: 0.2545
       Episode_Reward/lin_vel_z_l2: -0.0157
      Episode_Reward/ang_vel_xy_l2: -0.0351
             Episode_Reward/energy: -0.0377
         Episode_Reward/dof_acc_l2: -0.1467
     Episode_Reward/action_rate_l2: -0.2434
 Episode_Reward/undesired_contacts: -0.0001
Episode_Reward/body_orientation_l2: -0.0217
Episode_Reward/flat_orientation_l2: -0.0130
Episode_Reward/termination_penalty: -0.0333
         Episode_Reward/feet_slide: -0.0154
         Episode_Reward/feet_force: -0.0166
      Episode_Reward/feet_too_near: -0.0063
       Episode_Reward/feet_stumble: 0.0000
     Episode_Reward/dof_pos_limits: -0.0353
Episode_Reward/joint_deviation_hip: -0.0197
Episode_Reward/joint_deviation_arms: -0.0033
Episode_Reward/joint_deviation_legs: -0.0021
Episode_Reward/joint_deviation_waist: -0.0075
Episode_Reward/gait_feet_frc_perio: 1.4971
Episode_Reward/gait_feet_spd_perio: 0.4216
Episode_Reward/gait_feet_frc_support_perio: 0.5217
       Episode_Reward/ankle_torque: -0.0427
       Episode_Reward/ankle_action: -0.0029
    Episode_Reward/hip_roll_action: -0.9263
     Episode_Reward/hip_yaw_action: -0.6587
    Episode_Reward/feet_y_distance: -0.0150
--------------------------------------------------------------------------------
                   Total timesteps: 29294592
                    Iteration time: 3.72s
                      Time elapsed: 00:09:11
                               ETA: 04:59:22

################################################################################
                     [1m Learning iteration 149/5000 [0m                      

                       Computation: 53404 steps/s (collection: 2.188s, learning 1.493s)
             Mean action noise std: 0.68
          Mean value_function loss: 0.3138
               Mean surrogate loss: 0.0022
                 Mean entropy loss: 20.6235
                     Mean amp loss: 0.0999
            Mean amp_grad_pen loss: 0.1753
         Mean amp_policy_pred loss: -0.7253
         Mean amp_expert_pred loss: 0.7248
                Mean symmetry loss: 0.0035
                       Mean reward: 71.05
               Mean episode length: 836.23
Episode_Reward/track_lin_vel_xy_exp: 3.5713
Episode_Reward/track_ang_vel_z_exp: 0.2341
       Episode_Reward/lin_vel_z_l2: -0.0147
      Episode_Reward/ang_vel_xy_l2: -0.0325
             Episode_Reward/energy: -0.0344
         Episode_Reward/dof_acc_l2: -0.1336
     Episode_Reward/action_rate_l2: -0.2230
 Episode_Reward/undesired_contacts: -0.0001
Episode_Reward/body_orientation_l2: -0.0206
Episode_Reward/flat_orientation_l2: -0.0124
Episode_Reward/termination_penalty: -0.0547
         Episode_Reward/feet_slide: -0.0141
         Episode_Reward/feet_force: -0.0147
      Episode_Reward/feet_too_near: -0.0057
       Episode_Reward/feet_stumble: 0.0000
     Episode_Reward/dof_pos_limits: -0.0323
Episode_Reward/joint_deviation_hip: -0.0196
Episode_Reward/joint_deviation_arms: -0.0031
Episode_Reward/joint_deviation_legs: -0.0021
Episode_Reward/joint_deviation_waist: -0.0077
Episode_Reward/gait_feet_frc_perio: 1.3698
Episode_Reward/gait_feet_spd_perio: 0.3882
Episode_Reward/gait_feet_frc_support_perio: 0.4768
       Episode_Reward/ankle_torque: -0.0388
       Episode_Reward/ankle_action: -0.0026
    Episode_Reward/hip_roll_action: -0.8460
     Episode_Reward/hip_yaw_action: -0.6052
    Episode_Reward/feet_y_distance: -0.0152
--------------------------------------------------------------------------------
                   Total timesteps: 29491200
                    Iteration time: 3.68s
                      Time elapsed: 00:09:15
                               ETA: 04:59:17

################################################################################
                     [1m Learning iteration 150/5000 [0m                      

                       Computation: 53646 steps/s (collection: 2.191s, learning 1.474s)
             Mean action noise std: 0.68
          Mean value_function loss: 0.3192
               Mean surrogate loss: 0.0031
                 Mean entropy loss: 20.5689
                     Mean amp loss: 0.1005
            Mean amp_grad_pen loss: 0.1705
         Mean amp_policy_pred loss: -0.7300
         Mean amp_expert_pred loss: 0.7209
                Mean symmetry loss: 0.0036
                       Mean reward: 72.91
               Mean episode length: 852.41
Episode_Reward/track_lin_vel_xy_exp: 3.6599
Episode_Reward/track_ang_vel_z_exp: 0.2413
       Episode_Reward/lin_vel_z_l2: -0.0145
      Episode_Reward/ang_vel_xy_l2: -0.0333
             Episode_Reward/energy: -0.0352
         Episode_Reward/dof_acc_l2: -0.1341
     Episode_Reward/action_rate_l2: -0.2278
 Episode_Reward/undesired_contacts: -0.0001
Episode_Reward/body_orientation_l2: -0.0202
Episode_Reward/flat_orientation_l2: -0.0121
Episode_Reward/termination_penalty: -0.0572
         Episode_Reward/feet_slide: -0.0141
         Episode_Reward/feet_force: -0.0151
      Episode_Reward/feet_too_near: -0.0062
       Episode_Reward/feet_stumble: 0.0000
     Episode_Reward/dof_pos_limits: -0.0325
Episode_Reward/joint_deviation_hip: -0.0212
Episode_Reward/joint_deviation_arms: -0.0034
Episode_Reward/joint_deviation_legs: -0.0023
Episode_Reward/joint_deviation_waist: -0.0081
Episode_Reward/gait_feet_frc_perio: 1.3984
Episode_Reward/gait_feet_spd_perio: 0.3986
Episode_Reward/gait_feet_frc_support_perio: 0.4864
       Episode_Reward/ankle_torque: -0.0396
       Episode_Reward/ankle_action: -0.0027
    Episode_Reward/hip_roll_action: -0.8602
     Episode_Reward/hip_yaw_action: -0.6163
    Episode_Reward/feet_y_distance: -0.0135
--------------------------------------------------------------------------------
                   Total timesteps: 29687808
                    Iteration time: 3.66s
                      Time elapsed: 00:09:18
                               ETA: 04:59:12

################################################################################
                     [1m Learning iteration 151/5000 [0m                      

                       Computation: 53669 steps/s (collection: 2.185s, learning 1.478s)
             Mean action noise std: 0.68
          Mean value_function loss: 0.2632
               Mean surrogate loss: 0.0032
                 Mean entropy loss: 20.5232
                     Mean amp loss: 0.0979
            Mean amp_grad_pen loss: 0.1706
         Mean amp_policy_pred loss: -0.7314
         Mean amp_expert_pred loss: 0.7258
                Mean symmetry loss: 0.0035
                       Mean reward: 74.73
               Mean episode length: 871.19
Episode_Reward/track_lin_vel_xy_exp: 3.6159
Episode_Reward/track_ang_vel_z_exp: 0.2397
       Episode_Reward/lin_vel_z_l2: -0.0151
      Episode_Reward/ang_vel_xy_l2: -0.0329
             Episode_Reward/energy: -0.0356
         Episode_Reward/dof_acc_l2: -0.1348
     Episode_Reward/action_rate_l2: -0.2257
 Episode_Reward/undesired_contacts: -0.0001
Episode_Reward/body_orientation_l2: -0.0197
Episode_Reward/flat_orientation_l2: -0.0118
Episode_Reward/termination_penalty: -0.0581
         Episode_Reward/feet_slide: -0.0141
         Episode_Reward/feet_force: -0.0150
      Episode_Reward/feet_too_near: -0.0061
       Episode_Reward/feet_stumble: 0.0000
     Episode_Reward/dof_pos_limits: -0.0339
Episode_Reward/joint_deviation_hip: -0.0197
Episode_Reward/joint_deviation_arms: -0.0031
Episode_Reward/joint_deviation_legs: -0.0021
Episode_Reward/joint_deviation_waist: -0.0079
Episode_Reward/gait_feet_frc_perio: 1.3995
Episode_Reward/gait_feet_spd_perio: 0.3930
Episode_Reward/gait_feet_frc_support_perio: 0.4830
       Episode_Reward/ankle_torque: -0.0402
       Episode_Reward/ankle_action: -0.0027
    Episode_Reward/hip_roll_action: -0.8746
     Episode_Reward/hip_yaw_action: -0.6106
    Episode_Reward/feet_y_distance: -0.0138
--------------------------------------------------------------------------------
                   Total timesteps: 29884416
                    Iteration time: 3.66s
                      Time elapsed: 00:09:22
                               ETA: 04:59:07

################################################################################
                     [1m Learning iteration 152/5000 [0m                      

                       Computation: 53416 steps/s (collection: 2.185s, learning 1.495s)
             Mean action noise std: 0.68
          Mean value_function loss: 0.3767
               Mean surrogate loss: 0.0019
                 Mean entropy loss: 20.4679
                     Mean amp loss: 0.0985
            Mean amp_grad_pen loss: 0.1691
         Mean amp_policy_pred loss: -0.7310
         Mean amp_expert_pred loss: 0.7254
                Mean symmetry loss: 0.0036
                       Mean reward: 74.93
               Mean episode length: 877.11
Episode_Reward/track_lin_vel_xy_exp: 3.7033
Episode_Reward/track_ang_vel_z_exp: 0.2450
       Episode_Reward/lin_vel_z_l2: -0.0153
      Episode_Reward/ang_vel_xy_l2: -0.0332
             Episode_Reward/energy: -0.0361
         Episode_Reward/dof_acc_l2: -0.1358
     Episode_Reward/action_rate_l2: -0.2290
 Episode_Reward/undesired_contacts: -0.0001
Episode_Reward/body_orientation_l2: -0.0206
Episode_Reward/flat_orientation_l2: -0.0124
Episode_Reward/termination_penalty: -0.0484
         Episode_Reward/feet_slide: -0.0145
         Episode_Reward/feet_force: -0.0150
      Episode_Reward/feet_too_near: -0.0060
       Episode_Reward/feet_stumble: 0.0000
     Episode_Reward/dof_pos_limits: -0.0324
Episode_Reward/joint_deviation_hip: -0.0216
Episode_Reward/joint_deviation_arms: -0.0035
Episode_Reward/joint_deviation_legs: -0.0023
Episode_Reward/joint_deviation_waist: -0.0083
Episode_Reward/gait_feet_frc_perio: 1.4171
Episode_Reward/gait_feet_spd_perio: 0.4021
Episode_Reward/gait_feet_frc_support_perio: 0.4910
       Episode_Reward/ankle_torque: -0.0401
       Episode_Reward/ankle_action: -0.0027
    Episode_Reward/hip_roll_action: -0.8719
     Episode_Reward/hip_yaw_action: -0.6209
    Episode_Reward/feet_y_distance: -0.0160
--------------------------------------------------------------------------------
                   Total timesteps: 30081024
                    Iteration time: 3.68s
                      Time elapsed: 00:09:26
                               ETA: 04:59:03

################################################################################
                     [1m Learning iteration 153/5000 [0m                      

                       Computation: 53121 steps/s (collection: 2.205s, learning 1.496s)
             Mean action noise std: 0.68
          Mean value_function loss: 0.3516
               Mean surrogate loss: 0.0021
                 Mean entropy loss: 20.4360
                     Mean amp loss: 0.0945
            Mean amp_grad_pen loss: 0.1708
         Mean amp_policy_pred loss: -0.7363
         Mean amp_expert_pred loss: 0.7344
                Mean symmetry loss: 0.0035
                       Mean reward: 67.71
               Mean episode length: 801.85
Episode_Reward/track_lin_vel_xy_exp: 3.4627
Episode_Reward/track_ang_vel_z_exp: 0.2267
       Episode_Reward/lin_vel_z_l2: -0.0146
      Episode_Reward/ang_vel_xy_l2: -0.0319
             Episode_Reward/energy: -0.0346
         Episode_Reward/dof_acc_l2: -0.1316
     Episode_Reward/action_rate_l2: -0.2151
 Episode_Reward/undesired_contacts: -0.0001
Episode_Reward/body_orientation_l2: -0.0198
Episode_Reward/flat_orientation_l2: -0.0119
Episode_Reward/termination_penalty: -0.0680
         Episode_Reward/feet_slide: -0.0136
         Episode_Reward/feet_force: -0.0145
      Episode_Reward/feet_too_near: -0.0062
       Episode_Reward/feet_stumble: 0.0000
     Episode_Reward/dof_pos_limits: -0.0314
Episode_Reward/joint_deviation_hip: -0.0202
Episode_Reward/joint_deviation_arms: -0.0032
Episode_Reward/joint_deviation_legs: -0.0022
Episode_Reward/joint_deviation_waist: -0.0080
Episode_Reward/gait_feet_frc_perio: 1.3365
Episode_Reward/gait_feet_spd_perio: 0.3748
Episode_Reward/gait_feet_frc_support_perio: 0.4606
       Episode_Reward/ankle_torque: -0.0379
       Episode_Reward/ankle_action: -0.0026
    Episode_Reward/hip_roll_action: -0.8278
     Episode_Reward/hip_yaw_action: -0.5821
    Episode_Reward/feet_y_distance: -0.0127
--------------------------------------------------------------------------------
                   Total timesteps: 30277632
                    Iteration time: 3.70s
                      Time elapsed: 00:09:29
                               ETA: 04:58:59

################################################################################
                     [1m Learning iteration 154/5000 [0m                      

                       Computation: 53276 steps/s (collection: 2.183s, learning 1.507s)
             Mean action noise std: 0.68
          Mean value_function loss: 0.3743
               Mean surrogate loss: 0.0015
                 Mean entropy loss: 20.3930
                     Mean amp loss: 0.0961
            Mean amp_grad_pen loss: 0.1668
         Mean amp_policy_pred loss: -0.7361
         Mean amp_expert_pred loss: 0.7309
                Mean symmetry loss: 0.0037
                       Mean reward: 72.06
               Mean episode length: 850.04
Episode_Reward/track_lin_vel_xy_exp: 3.5617
Episode_Reward/track_ang_vel_z_exp: 0.2349
       Episode_Reward/lin_vel_z_l2: -0.0146
      Episode_Reward/ang_vel_xy_l2: -0.0327
             Episode_Reward/energy: -0.0352
         Episode_Reward/dof_acc_l2: -0.1319
     Episode_Reward/action_rate_l2: -0.2193
 Episode_Reward/undesired_contacts: -0.0001
Episode_Reward/body_orientation_l2: -0.0203
Episode_Reward/flat_orientation_l2: -0.0122
Episode_Reward/termination_penalty: -0.0647
         Episode_Reward/feet_slide: -0.0138
         Episode_Reward/feet_force: -0.0146
      Episode_Reward/feet_too_near: -0.0062
       Episode_Reward/feet_stumble: 0.0000
     Episode_Reward/dof_pos_limits: -0.0322
Episode_Reward/joint_deviation_hip: -0.0197
Episode_Reward/joint_deviation_arms: -0.0031
Episode_Reward/joint_deviation_legs: -0.0021
Episode_Reward/joint_deviation_waist: -0.0075
Episode_Reward/gait_feet_frc_perio: 1.3743
Episode_Reward/gait_feet_spd_perio: 0.3905
Episode_Reward/gait_feet_frc_support_perio: 0.4739
       Episode_Reward/ankle_torque: -0.0389
       Episode_Reward/ankle_action: -0.0026
    Episode_Reward/hip_roll_action: -0.8472
     Episode_Reward/hip_yaw_action: -0.5944
    Episode_Reward/feet_y_distance: -0.0135
--------------------------------------------------------------------------------
                   Total timesteps: 30474240
                    Iteration time: 3.69s
                      Time elapsed: 00:09:33
                               ETA: 04:58:55

################################################################################
                     [1m Learning iteration 155/5000 [0m                      

                       Computation: 53471 steps/s (collection: 2.195s, learning 1.482s)
             Mean action noise std: 0.68
          Mean value_function loss: 0.3409
               Mean surrogate loss: 0.0023
                 Mean entropy loss: 20.3621
                     Mean amp loss: 0.0934
            Mean amp_grad_pen loss: 0.1651
         Mean amp_policy_pred loss: -0.7393
         Mean amp_expert_pred loss: 0.7386
                Mean symmetry loss: 0.0037
                       Mean reward: 71.72
               Mean episode length: 842.77
Episode_Reward/track_lin_vel_xy_exp: 3.5742
Episode_Reward/track_ang_vel_z_exp: 0.2347
       Episode_Reward/lin_vel_z_l2: -0.0149
      Episode_Reward/ang_vel_xy_l2: -0.0327
             Episode_Reward/energy: -0.0349
         Episode_Reward/dof_acc_l2: -0.1294
     Episode_Reward/action_rate_l2: -0.2190
 Episode_Reward/undesired_contacts: -0.0001
Episode_Reward/body_orientation_l2: -0.0211
Episode_Reward/flat_orientation_l2: -0.0127
Episode_Reward/termination_penalty: -0.0620
         Episode_Reward/feet_slide: -0.0139
         Episode_Reward/feet_force: -0.0143
      Episode_Reward/feet_too_near: -0.0061
       Episode_Reward/feet_stumble: 0.0000
     Episode_Reward/dof_pos_limits: -0.0306
Episode_Reward/joint_deviation_hip: -0.0208
Episode_Reward/joint_deviation_arms: -0.0033
Episode_Reward/joint_deviation_legs: -0.0022
Episode_Reward/joint_deviation_waist: -0.0080
Episode_Reward/gait_feet_frc_perio: 1.3670
Episode_Reward/gait_feet_spd_perio: 0.3883
Episode_Reward/gait_feet_frc_support_perio: 0.4724
       Episode_Reward/ankle_torque: -0.0382
       Episode_Reward/ankle_action: -0.0027
    Episode_Reward/hip_roll_action: -0.8253
     Episode_Reward/hip_yaw_action: -0.5899
    Episode_Reward/feet_y_distance: -0.0145
--------------------------------------------------------------------------------
                   Total timesteps: 30670848
                    Iteration time: 3.68s
                      Time elapsed: 00:09:37
                               ETA: 04:58:51

################################################################################
                     [1m Learning iteration 156/5000 [0m                      

                       Computation: 53603 steps/s (collection: 2.187s, learning 1.480s)
             Mean action noise std: 0.68
          Mean value_function loss: 0.3121
               Mean surrogate loss: 0.0030
                 Mean entropy loss: 20.3389
                     Mean amp loss: 0.0962
            Mean amp_grad_pen loss: 0.1728
         Mean amp_policy_pred loss: -0.7321
         Mean amp_expert_pred loss: 0.7341
                Mean symmetry loss: 0.0036
                       Mean reward: 74.77
               Mean episode length: 860.42
Episode_Reward/track_lin_vel_xy_exp: 3.4679
Episode_Reward/track_ang_vel_z_exp: 0.2272
       Episode_Reward/lin_vel_z_l2: -0.0145
      Episode_Reward/ang_vel_xy_l2: -0.0319
             Episode_Reward/energy: -0.0356
         Episode_Reward/dof_acc_l2: -0.1289
     Episode_Reward/action_rate_l2: -0.2139
 Episode_Reward/undesired_contacts: -0.0001
Episode_Reward/body_orientation_l2: -0.0193
Episode_Reward/flat_orientation_l2: -0.0116
Episode_Reward/termination_penalty: -0.0704
         Episode_Reward/feet_slide: -0.0136
         Episode_Reward/feet_force: -0.0142
      Episode_Reward/feet_too_near: -0.0059
       Episode_Reward/feet_stumble: 0.0000
     Episode_Reward/dof_pos_limits: -0.0322
Episode_Reward/joint_deviation_hip: -0.0171
Episode_Reward/joint_deviation_arms: -0.0027
Episode_Reward/joint_deviation_legs: -0.0019
Episode_Reward/joint_deviation_waist: -0.0067
Episode_Reward/gait_feet_frc_perio: 1.3625
Episode_Reward/gait_feet_spd_perio: 0.3808
Episode_Reward/gait_feet_frc_support_perio: 0.4685
       Episode_Reward/ankle_torque: -0.0389
       Episode_Reward/ankle_action: -0.0026
    Episode_Reward/hip_roll_action: -0.8444
     Episode_Reward/hip_yaw_action: -0.5786
    Episode_Reward/feet_y_distance: -0.0139
--------------------------------------------------------------------------------
                   Total timesteps: 30867456
                    Iteration time: 3.67s
                      Time elapsed: 00:09:41
                               ETA: 04:58:46

################################################################################
                     [1m Learning iteration 157/5000 [0m                      

                       Computation: 53655 steps/s (collection: 2.197s, learning 1.468s)
             Mean action noise std: 0.67
          Mean value_function loss: 0.2891
               Mean surrogate loss: 0.0027
                 Mean entropy loss: 20.2867
                     Mean amp loss: 0.1004
            Mean amp_grad_pen loss: 0.1715
         Mean amp_policy_pred loss: -0.7278
         Mean amp_expert_pred loss: 0.7226
                Mean symmetry loss: 0.0037
                       Mean reward: 78.05
               Mean episode length: 910.86
Episode_Reward/track_lin_vel_xy_exp: 3.5604
Episode_Reward/track_ang_vel_z_exp: 0.2293
       Episode_Reward/lin_vel_z_l2: -0.0151
      Episode_Reward/ang_vel_xy_l2: -0.0330
             Episode_Reward/energy: -0.0363
         Episode_Reward/dof_acc_l2: -0.1380
     Episode_Reward/action_rate_l2: -0.2192
 Episode_Reward/undesired_contacts: -0.0001
Episode_Reward/body_orientation_l2: -0.0205
Episode_Reward/flat_orientation_l2: -0.0123
Episode_Reward/termination_penalty: -0.0607
         Episode_Reward/feet_slide: -0.0140
         Episode_Reward/feet_force: -0.0145
      Episode_Reward/feet_too_near: -0.0063
       Episode_Reward/feet_stumble: 0.0000
     Episode_Reward/dof_pos_limits: -0.0318
Episode_Reward/joint_deviation_hip: -0.0186
Episode_Reward/joint_deviation_arms: -0.0029
Episode_Reward/joint_deviation_legs: -0.0020
Episode_Reward/joint_deviation_waist: -0.0073
Episode_Reward/gait_feet_frc_perio: 1.3890
Episode_Reward/gait_feet_spd_perio: 0.3907
Episode_Reward/gait_feet_frc_support_perio: 0.4777
       Episode_Reward/ankle_torque: -0.0391
       Episode_Reward/ankle_action: -0.0027
    Episode_Reward/hip_roll_action: -0.8541
     Episode_Reward/hip_yaw_action: -0.5911
    Episode_Reward/feet_y_distance: -0.0127
--------------------------------------------------------------------------------
                   Total timesteps: 31064064
                    Iteration time: 3.66s
                      Time elapsed: 00:09:44
                               ETA: 04:58:41

################################################################################
                     [1m Learning iteration 158/5000 [0m                      

                       Computation: 53250 steps/s (collection: 2.191s, learning 1.501s)
             Mean action noise std: 0.67
          Mean value_function loss: 0.3512
               Mean surrogate loss: 0.0012
                 Mean entropy loss: 20.2102
                     Mean amp loss: 0.0964
            Mean amp_grad_pen loss: 0.1679
         Mean amp_policy_pred loss: -0.7331
         Mean amp_expert_pred loss: 0.7305
                Mean symmetry loss: 0.0036
                       Mean reward: 70.61
               Mean episode length: 834.73
Episode_Reward/track_lin_vel_xy_exp: 3.5971
Episode_Reward/track_ang_vel_z_exp: 0.2330
       Episode_Reward/lin_vel_z_l2: -0.0157
      Episode_Reward/ang_vel_xy_l2: -0.0334
             Episode_Reward/energy: -0.0368
         Episode_Reward/dof_acc_l2: -0.1384
     Episode_Reward/action_rate_l2: -0.2214
 Episode_Reward/undesired_contacts: -0.0001
Episode_Reward/body_orientation_l2: -0.0210
Episode_Reward/flat_orientation_l2: -0.0126
Episode_Reward/termination_penalty: -0.0654
         Episode_Reward/feet_slide: -0.0144
         Episode_Reward/feet_force: -0.0151
      Episode_Reward/feet_too_near: -0.0061
       Episode_Reward/feet_stumble: 0.0000
     Episode_Reward/dof_pos_limits: -0.0318
Episode_Reward/joint_deviation_hip: -0.0208
Episode_Reward/joint_deviation_arms: -0.0033
Episode_Reward/joint_deviation_legs: -0.0023
Episode_Reward/joint_deviation_waist: -0.0082
Episode_Reward/gait_feet_frc_perio: 1.4001
Episode_Reward/gait_feet_spd_perio: 0.3878
Episode_Reward/gait_feet_frc_support_perio: 0.4789
       Episode_Reward/ankle_torque: -0.0395
       Episode_Reward/ankle_action: -0.0027
    Episode_Reward/hip_roll_action: -0.8598
     Episode_Reward/hip_yaw_action: -0.5996
    Episode_Reward/feet_y_distance: -0.0154
--------------------------------------------------------------------------------
                   Total timesteps: 31260672
                    Iteration time: 3.69s
                      Time elapsed: 00:09:48
                               ETA: 04:58:37

################################################################################
                     [1m Learning iteration 159/5000 [0m                      

                       Computation: 53295 steps/s (collection: 2.194s, learning 1.495s)
             Mean action noise std: 0.67
          Mean value_function loss: 0.3357
               Mean surrogate loss: 0.0015
                 Mean entropy loss: 20.1681
                     Mean amp loss: 0.0946
            Mean amp_grad_pen loss: 0.1660
         Mean amp_policy_pred loss: -0.7350
         Mean amp_expert_pred loss: 0.7377
                Mean symmetry loss: 0.0036
                       Mean reward: 73.93
               Mean episode length: 863.65
Episode_Reward/track_lin_vel_xy_exp: 3.7055
Episode_Reward/track_ang_vel_z_exp: 0.2501
       Episode_Reward/lin_vel_z_l2: -0.0154
      Episode_Reward/ang_vel_xy_l2: -0.0339
             Episode_Reward/energy: -0.0376
         Episode_Reward/dof_acc_l2: -0.1405
     Episode_Reward/action_rate_l2: -0.2267
 Episode_Reward/undesired_contacts: -0.0001
Episode_Reward/body_orientation_l2: -0.0201
Episode_Reward/flat_orientation_l2: -0.0121
Episode_Reward/termination_penalty: -0.0542
         Episode_Reward/feet_slide: -0.0145
         Episode_Reward/feet_force: -0.0156
      Episode_Reward/feet_too_near: -0.0064
       Episode_Reward/feet_stumble: 0.0000
     Episode_Reward/dof_pos_limits: -0.0329
Episode_Reward/joint_deviation_hip: -0.0225
Episode_Reward/joint_deviation_arms: -0.0036
Episode_Reward/joint_deviation_legs: -0.0025
Episode_Reward/joint_deviation_waist: -0.0091
Episode_Reward/gait_feet_frc_perio: 1.4274
Episode_Reward/gait_feet_spd_perio: 0.4003
Episode_Reward/gait_feet_frc_support_perio: 0.4897
       Episode_Reward/ankle_torque: -0.0403
       Episode_Reward/ankle_action: -0.0028
    Episode_Reward/hip_roll_action: -0.8828
     Episode_Reward/hip_yaw_action: -0.6117
    Episode_Reward/feet_y_distance: -0.0159
--------------------------------------------------------------------------------
                   Total timesteps: 31457280
                    Iteration time: 3.69s
                      Time elapsed: 00:09:52
                               ETA: 04:58:33

################################################################################
                     [1m Learning iteration 160/5000 [0m                      

                       Computation: 53498 steps/s (collection: 2.185s, learning 1.490s)
             Mean action noise std: 0.67
          Mean value_function loss: 0.2766
               Mean surrogate loss: 0.0036
                 Mean entropy loss: 20.1217
                     Mean amp loss: 0.0975
            Mean amp_grad_pen loss: 0.1728
         Mean amp_policy_pred loss: -0.7327
         Mean amp_expert_pred loss: 0.7287
                Mean symmetry loss: 0.0035
                       Mean reward: 72.12
               Mean episode length: 844.57
Episode_Reward/track_lin_vel_xy_exp: 3.4861
Episode_Reward/track_ang_vel_z_exp: 0.2299
       Episode_Reward/lin_vel_z_l2: -0.0150
      Episode_Reward/ang_vel_xy_l2: -0.0324
             Episode_Reward/energy: -0.0368
         Episode_Reward/dof_acc_l2: -0.1287
     Episode_Reward/action_rate_l2: -0.2147
 Episode_Reward/undesired_contacts: -0.0001
Episode_Reward/body_orientation_l2: -0.0204
Episode_Reward/flat_orientation_l2: -0.0122
Episode_Reward/termination_penalty: -0.0647
         Episode_Reward/feet_slide: -0.0137
         Episode_Reward/feet_force: -0.0145
      Episode_Reward/feet_too_near: -0.0066
       Episode_Reward/feet_stumble: 0.0000
     Episode_Reward/dof_pos_limits: -0.0324
Episode_Reward/joint_deviation_hip: -0.0146
Episode_Reward/joint_deviation_arms: -0.0023
Episode_Reward/joint_deviation_legs: -0.0016
Episode_Reward/joint_deviation_waist: -0.0060
Episode_Reward/gait_feet_frc_perio: 1.3997
Episode_Reward/gait_feet_spd_perio: 0.3930
Episode_Reward/gait_feet_frc_support_perio: 0.4806
       Episode_Reward/ankle_torque: -0.0393
       Episode_Reward/ankle_action: -0.0027
    Episode_Reward/hip_roll_action: -0.8524
     Episode_Reward/hip_yaw_action: -0.5805
    Episode_Reward/feet_y_distance: -0.0127
--------------------------------------------------------------------------------
                   Total timesteps: 31653888
                    Iteration time: 3.68s
                      Time elapsed: 00:09:55
                               ETA: 04:58:29

################################################################################
                     [1m Learning iteration 161/5000 [0m                      

                       Computation: 53373 steps/s (collection: 2.190s, learning 1.494s)
             Mean action noise std: 0.67
          Mean value_function loss: 0.2725
               Mean surrogate loss: 0.0054
                 Mean entropy loss: 20.0564
                     Mean amp loss: 0.0984
            Mean amp_grad_pen loss: 0.1666
         Mean amp_policy_pred loss: -0.7346
         Mean amp_expert_pred loss: 0.7279
                Mean symmetry loss: 0.0038
                       Mean reward: 75.97
               Mean episode length: 872.15
Episode_Reward/track_lin_vel_xy_exp: 3.7081
Episode_Reward/track_ang_vel_z_exp: 0.2366
       Episode_Reward/lin_vel_z_l2: -0.0154
      Episode_Reward/ang_vel_xy_l2: -0.0335
             Episode_Reward/energy: -0.0383
         Episode_Reward/dof_acc_l2: -0.1359
     Episode_Reward/action_rate_l2: -0.2262
 Episode_Reward/undesired_contacts: -0.0001
Episode_Reward/body_orientation_l2: -0.0206
Episode_Reward/flat_orientation_l2: -0.0123
Episode_Reward/termination_penalty: -0.0545
         Episode_Reward/feet_slide: -0.0142
         Episode_Reward/feet_force: -0.0149
      Episode_Reward/feet_too_near: -0.0069
       Episode_Reward/feet_stumble: 0.0000
     Episode_Reward/dof_pos_limits: -0.0334
Episode_Reward/joint_deviation_hip: -0.0170
Episode_Reward/joint_deviation_arms: -0.0027
Episode_Reward/joint_deviation_legs: -0.0019
Episode_Reward/joint_deviation_waist: -0.0069
Episode_Reward/gait_feet_frc_perio: 1.4708
Episode_Reward/gait_feet_spd_perio: 0.4182
Episode_Reward/gait_feet_frc_support_perio: 0.5052
       Episode_Reward/ankle_torque: -0.0410
       Episode_Reward/ankle_action: -0.0028
    Episode_Reward/hip_roll_action: -0.8904
     Episode_Reward/hip_yaw_action: -0.6114
    Episode_Reward/feet_y_distance: -0.0146
--------------------------------------------------------------------------------
                   Total timesteps: 31850496
                    Iteration time: 3.68s
                      Time elapsed: 00:09:59
                               ETA: 04:58:25

################################################################################
                     [1m Learning iteration 162/5000 [0m                      

                       Computation: 53275 steps/s (collection: 2.195s, learning 1.495s)
             Mean action noise std: 0.67
          Mean value_function loss: 0.2865
               Mean surrogate loss: 0.0021
                 Mean entropy loss: 19.9930
                     Mean amp loss: 0.0943
            Mean amp_grad_pen loss: 0.1665
         Mean amp_policy_pred loss: -0.7390
         Mean amp_expert_pred loss: 0.7375
                Mean symmetry loss: 0.0036
                       Mean reward: 77.52
               Mean episode length: 885.96
Episode_Reward/track_lin_vel_xy_exp: 3.7206
Episode_Reward/track_ang_vel_z_exp: 0.2431
       Episode_Reward/lin_vel_z_l2: -0.0153
      Episode_Reward/ang_vel_xy_l2: -0.0336
             Episode_Reward/energy: -0.0374
         Episode_Reward/dof_acc_l2: -0.1379
     Episode_Reward/action_rate_l2: -0.2247
 Episode_Reward/undesired_contacts: -0.0001
Episode_Reward/body_orientation_l2: -0.0200
Episode_Reward/flat_orientation_l2: -0.0120
Episode_Reward/termination_penalty: -0.0519
         Episode_Reward/feet_slide: -0.0143
         Episode_Reward/feet_force: -0.0148
      Episode_Reward/feet_too_near: -0.0070
       Episode_Reward/feet_stumble: 0.0000
     Episode_Reward/dof_pos_limits: -0.0319
Episode_Reward/joint_deviation_hip: -0.0204
Episode_Reward/joint_deviation_arms: -0.0032
Episode_Reward/joint_deviation_legs: -0.0022
Episode_Reward/joint_deviation_waist: -0.0083
Episode_Reward/gait_feet_frc_perio: 1.4424
Episode_Reward/gait_feet_spd_perio: 0.4106
Episode_Reward/gait_feet_frc_support_perio: 0.4951
       Episode_Reward/ankle_torque: -0.0397
       Episode_Reward/ankle_action: -0.0028
    Episode_Reward/hip_roll_action: -0.8594
     Episode_Reward/hip_yaw_action: -0.6064
    Episode_Reward/feet_y_distance: -0.0150
--------------------------------------------------------------------------------
                   Total timesteps: 32047104
                    Iteration time: 3.69s
                      Time elapsed: 00:10:03
                               ETA: 04:58:21

################################################################################
                     [1m Learning iteration 163/5000 [0m                      

                       Computation: 53825 steps/s (collection: 2.189s, learning 1.464s)
             Mean action noise std: 0.66
          Mean value_function loss: 0.2299
               Mean surrogate loss: 0.0049
                 Mean entropy loss: 19.9021
                     Mean amp loss: 0.0987
            Mean amp_grad_pen loss: 0.1682
         Mean amp_policy_pred loss: -0.7316
         Mean amp_expert_pred loss: 0.7279
                Mean symmetry loss: 0.0038
                       Mean reward: 74.69
               Mean episode length: 854.11
Episode_Reward/track_lin_vel_xy_exp: 3.7189
Episode_Reward/track_ang_vel_z_exp: 0.2494
       Episode_Reward/lin_vel_z_l2: -0.0155
      Episode_Reward/ang_vel_xy_l2: -0.0337
             Episode_Reward/energy: -0.0379
         Episode_Reward/dof_acc_l2: -0.1361
     Episode_Reward/action_rate_l2: -0.2249
 Episode_Reward/undesired_contacts: -0.0001
Episode_Reward/body_orientation_l2: -0.0211
Episode_Reward/flat_orientation_l2: -0.0126
Episode_Reward/termination_penalty: -0.0536
         Episode_Reward/feet_slide: -0.0146
         Episode_Reward/feet_force: -0.0151
      Episode_Reward/feet_too_near: -0.0071
       Episode_Reward/feet_stumble: 0.0000
     Episode_Reward/dof_pos_limits: -0.0316
Episode_Reward/joint_deviation_hip: -0.0201
Episode_Reward/joint_deviation_arms: -0.0031
Episode_Reward/joint_deviation_legs: -0.0022
Episode_Reward/joint_deviation_waist: -0.0082
Episode_Reward/gait_feet_frc_perio: 1.4471
Episode_Reward/gait_feet_spd_perio: 0.4103
Episode_Reward/gait_feet_frc_support_perio: 0.4959
       Episode_Reward/ankle_torque: -0.0400
       Episode_Reward/ankle_action: -0.0028
    Episode_Reward/hip_roll_action: -0.8684
     Episode_Reward/hip_yaw_action: -0.6052
    Episode_Reward/feet_y_distance: -0.0143
--------------------------------------------------------------------------------
                   Total timesteps: 32243712
                    Iteration time: 3.65s
                      Time elapsed: 00:10:06
                               ETA: 04:58:15

################################################################################
                     [1m Learning iteration 164/5000 [0m                      

                       Computation: 53731 steps/s (collection: 2.188s, learning 1.471s)
             Mean action noise std: 0.66
          Mean value_function loss: 0.2211
               Mean surrogate loss: 0.0025
                 Mean entropy loss: 19.8063
                     Mean amp loss: 0.1010
            Mean amp_grad_pen loss: 0.1756
         Mean amp_policy_pred loss: -0.7248
         Mean amp_expert_pred loss: 0.7211
                Mean symmetry loss: 0.0035
                       Mean reward: 81.73
               Mean episode length: 922.34
Episode_Reward/track_lin_vel_xy_exp: 3.9419
Episode_Reward/track_ang_vel_z_exp: 0.2568
       Episode_Reward/lin_vel_z_l2: -0.0164
      Episode_Reward/ang_vel_xy_l2: -0.0350
             Episode_Reward/energy: -0.0408
         Episode_Reward/dof_acc_l2: -0.1488
     Episode_Reward/action_rate_l2: -0.2384
 Episode_Reward/undesired_contacts: -0.0001
Episode_Reward/body_orientation_l2: -0.0201
Episode_Reward/flat_orientation_l2: -0.0121
Episode_Reward/termination_penalty: -0.0310
         Episode_Reward/feet_slide: -0.0150
         Episode_Reward/feet_force: -0.0159
      Episode_Reward/feet_too_near: -0.0073
       Episode_Reward/feet_stumble: 0.0000
     Episode_Reward/dof_pos_limits: -0.0352
Episode_Reward/joint_deviation_hip: -0.0190
Episode_Reward/joint_deviation_arms: -0.0030
Episode_Reward/joint_deviation_legs: -0.0021
Episode_Reward/joint_deviation_waist: -0.0077
Episode_Reward/gait_feet_frc_perio: 1.5561
Episode_Reward/gait_feet_spd_perio: 0.4409
Episode_Reward/gait_feet_frc_support_perio: 0.5321
       Episode_Reward/ankle_torque: -0.0432
       Episode_Reward/ankle_action: -0.0030
    Episode_Reward/hip_roll_action: -0.9372
     Episode_Reward/hip_yaw_action: -0.6414
    Episode_Reward/feet_y_distance: -0.0149
--------------------------------------------------------------------------------
                   Total timesteps: 32440320
                    Iteration time: 3.66s
                      Time elapsed: 00:10:10
                               ETA: 04:58:11

################################################################################
                     [1m Learning iteration 165/5000 [0m                      

                       Computation: 53226 steps/s (collection: 2.203s, learning 1.491s)
             Mean action noise std: 0.66
          Mean value_function loss: 0.2029
               Mean surrogate loss: 0.0051
                 Mean entropy loss: 19.7172
                     Mean amp loss: 0.1063
            Mean amp_grad_pen loss: 0.1795
         Mean amp_policy_pred loss: -0.7133
         Mean amp_expert_pred loss: 0.7122
                Mean symmetry loss: 0.0034
                       Mean reward: 78.19
               Mean episode length: 889.61
Episode_Reward/track_lin_vel_xy_exp: 3.8347
Episode_Reward/track_ang_vel_z_exp: 0.2510
       Episode_Reward/lin_vel_z_l2: -0.0161
      Episode_Reward/ang_vel_xy_l2: -0.0347
             Episode_Reward/energy: -0.0401
         Episode_Reward/dof_acc_l2: -0.1434
     Episode_Reward/action_rate_l2: -0.2315
 Episode_Reward/undesired_contacts: -0.0001
Episode_Reward/body_orientation_l2: -0.0216
Episode_Reward/flat_orientation_l2: -0.0130
Episode_Reward/termination_penalty: -0.0398
         Episode_Reward/feet_slide: -0.0150
         Episode_Reward/feet_force: -0.0158
      Episode_Reward/feet_too_near: -0.0070
       Episode_Reward/feet_stumble: 0.0000
     Episode_Reward/dof_pos_limits: -0.0335
Episode_Reward/joint_deviation_hip: -0.0164
Episode_Reward/joint_deviation_arms: -0.0026
Episode_Reward/joint_deviation_legs: -0.0018
Episode_Reward/joint_deviation_waist: -0.0067
Episode_Reward/gait_feet_frc_perio: 1.5246
Episode_Reward/gait_feet_spd_perio: 0.4307
Episode_Reward/gait_feet_frc_support_perio: 0.5230
       Episode_Reward/ankle_torque: -0.0421
       Episode_Reward/ankle_action: -0.0029
    Episode_Reward/hip_roll_action: -0.9085
     Episode_Reward/hip_yaw_action: -0.6239
    Episode_Reward/feet_y_distance: -0.0148
--------------------------------------------------------------------------------
                   Total timesteps: 32636928
                    Iteration time: 3.69s
                      Time elapsed: 00:10:14
                               ETA: 04:58:07

################################################################################
                     [1m Learning iteration 166/5000 [0m                      

                       Computation: 53371 steps/s (collection: 2.189s, learning 1.494s)
             Mean action noise std: 0.66
          Mean value_function loss: 0.1903
               Mean surrogate loss: 0.0028
                 Mean entropy loss: 19.5985
                     Mean amp loss: 0.1120
            Mean amp_grad_pen loss: 0.1837
         Mean amp_policy_pred loss: -0.7018
         Mean amp_expert_pred loss: 0.7012
                Mean symmetry loss: 0.0035
                       Mean reward: 77.29
               Mean episode length: 879.53
Episode_Reward/track_lin_vel_xy_exp: 3.8460
Episode_Reward/track_ang_vel_z_exp: 0.2480
       Episode_Reward/lin_vel_z_l2: -0.0157
      Episode_Reward/ang_vel_xy_l2: -0.0340
             Episode_Reward/energy: -0.0403
         Episode_Reward/dof_acc_l2: -0.1425
     Episode_Reward/action_rate_l2: -0.2315
 Episode_Reward/undesired_contacts: -0.0001
Episode_Reward/body_orientation_l2: -0.0200
Episode_Reward/flat_orientation_l2: -0.0120
Episode_Reward/termination_penalty: -0.0375
         Episode_Reward/feet_slide: -0.0146
         Episode_Reward/feet_force: -0.0163
      Episode_Reward/feet_too_near: -0.0068
       Episode_Reward/feet_stumble: 0.0000
     Episode_Reward/dof_pos_limits: -0.0340
Episode_Reward/joint_deviation_hip: -0.0195
Episode_Reward/joint_deviation_arms: -0.0030
Episode_Reward/joint_deviation_legs: -0.0021
Episode_Reward/joint_deviation_waist: -0.0078
Episode_Reward/gait_feet_frc_perio: 1.5105
Episode_Reward/gait_feet_spd_perio: 0.4279
Episode_Reward/gait_feet_frc_support_perio: 0.5171
       Episode_Reward/ankle_torque: -0.0422
       Episode_Reward/ankle_action: -0.0029
    Episode_Reward/hip_roll_action: -0.9182
     Episode_Reward/hip_yaw_action: -0.6234
    Episode_Reward/feet_y_distance: -0.0147
--------------------------------------------------------------------------------
                   Total timesteps: 32833536
                    Iteration time: 3.68s
                      Time elapsed: 00:10:17
                               ETA: 04:58:03

################################################################################
                     [1m Learning iteration 167/5000 [0m                      

                       Computation: 53366 steps/s (collection: 2.190s, learning 1.494s)
             Mean action noise std: 0.65
          Mean value_function loss: 0.1821
               Mean surrogate loss: 0.0037
                 Mean entropy loss: 19.5073
                     Mean amp loss: 0.1117
            Mean amp_grad_pen loss: 0.1796
         Mean amp_policy_pred loss: -0.7056
         Mean amp_expert_pred loss: 0.7028
                Mean symmetry loss: 0.0034
                       Mean reward: 79.08
               Mean episode length: 898.43
Episode_Reward/track_lin_vel_xy_exp: 3.9076
Episode_Reward/track_ang_vel_z_exp: 0.2592
       Episode_Reward/lin_vel_z_l2: -0.0155
      Episode_Reward/ang_vel_xy_l2: -0.0335
             Episode_Reward/energy: -0.0398
         Episode_Reward/dof_acc_l2: -0.1400
     Episode_Reward/action_rate_l2: -0.2315
 Episode_Reward/undesired_contacts: -0.0001
Episode_Reward/body_orientation_l2: -0.0190
Episode_Reward/flat_orientation_l2: -0.0114
Episode_Reward/termination_penalty: -0.0320
         Episode_Reward/feet_slide: -0.0149
         Episode_Reward/feet_force: -0.0156
      Episode_Reward/feet_too_near: -0.0067
       Episode_Reward/feet_stumble: 0.0000
     Episode_Reward/dof_pos_limits: -0.0337
Episode_Reward/joint_deviation_hip: -0.0232
Episode_Reward/joint_deviation_arms: -0.0036
Episode_Reward/joint_deviation_legs: -0.0025
Episode_Reward/joint_deviation_waist: -0.0094
Episode_Reward/gait_feet_frc_perio: 1.4911
Episode_Reward/gait_feet_spd_perio: 0.4214
Episode_Reward/gait_feet_frc_support_perio: 0.5101
       Episode_Reward/ankle_torque: -0.0418
       Episode_Reward/ankle_action: -0.0029
    Episode_Reward/hip_roll_action: -0.9114
     Episode_Reward/hip_yaw_action: -0.6234
    Episode_Reward/feet_y_distance: -0.0164
--------------------------------------------------------------------------------
                   Total timesteps: 33030144
                    Iteration time: 3.68s
                      Time elapsed: 00:10:21
                               ETA: 04:57:58

################################################################################
                     [1m Learning iteration 168/5000 [0m                      

                       Computation: 53723 steps/s (collection: 2.190s, learning 1.469s)
             Mean action noise std: 0.65
          Mean value_function loss: 0.1632
               Mean surrogate loss: 0.0095
                 Mean entropy loss: 19.4138
                     Mean amp loss: 0.1029
            Mean amp_grad_pen loss: 0.1734
         Mean amp_policy_pred loss: -0.7214
         Mean amp_expert_pred loss: 0.7216
                Mean symmetry loss: 0.0046
                       Mean reward: 82.43
               Mean episode length: 916.84
Episode_Reward/track_lin_vel_xy_exp: 3.9880
Episode_Reward/track_ang_vel_z_exp: 0.2597
       Episode_Reward/lin_vel_z_l2: -0.0155
      Episode_Reward/ang_vel_xy_l2: -0.0346
             Episode_Reward/energy: -0.0409
         Episode_Reward/dof_acc_l2: -0.1445
     Episode_Reward/action_rate_l2: -0.2356
 Episode_Reward/undesired_contacts: -0.0000
Episode_Reward/body_orientation_l2: -0.0199
Episode_Reward/flat_orientation_l2: -0.0119
Episode_Reward/termination_penalty: -0.0280
         Episode_Reward/feet_slide: -0.0148
         Episode_Reward/feet_force: -0.0158
      Episode_Reward/feet_too_near: -0.0072
       Episode_Reward/feet_stumble: 0.0000
     Episode_Reward/dof_pos_limits: -0.0345
Episode_Reward/joint_deviation_hip: -0.0194
Episode_Reward/joint_deviation_arms: -0.0030
Episode_Reward/joint_deviation_legs: -0.0021
Episode_Reward/joint_deviation_waist: -0.0080
Episode_Reward/gait_feet_frc_perio: 1.5528
Episode_Reward/gait_feet_spd_perio: 0.4441
Episode_Reward/gait_feet_frc_support_perio: 0.5317
       Episode_Reward/ankle_torque: -0.0428
       Episode_Reward/ankle_action: -0.0030
    Episode_Reward/hip_roll_action: -0.9242
     Episode_Reward/hip_yaw_action: -0.6347
    Episode_Reward/feet_y_distance: -0.0148
--------------------------------------------------------------------------------
                   Total timesteps: 33226752
                    Iteration time: 3.66s
                      Time elapsed: 00:10:25
                               ETA: 04:57:54

################################################################################
                     [1m Learning iteration 169/5000 [0m                      

                       Computation: 53674 steps/s (collection: 2.186s, learning 1.477s)
             Mean action noise std: 0.65
          Mean value_function loss: 0.1440
               Mean surrogate loss: 0.0057
                 Mean entropy loss: 19.3608
                     Mean amp loss: 0.1004
            Mean amp_grad_pen loss: 0.1745
         Mean amp_policy_pred loss: -0.7274
         Mean amp_expert_pred loss: 0.7280
                Mean symmetry loss: 0.0036
                       Mean reward: 85.16
               Mean episode length: 949.24
Episode_Reward/track_lin_vel_xy_exp: 4.0004
Episode_Reward/track_ang_vel_z_exp: 0.2617
       Episode_Reward/lin_vel_z_l2: -0.0160
      Episode_Reward/ang_vel_xy_l2: -0.0349
             Episode_Reward/energy: -0.0413
         Episode_Reward/dof_acc_l2: -0.1433
     Episode_Reward/action_rate_l2: -0.2364
 Episode_Reward/undesired_contacts: -0.0000
Episode_Reward/body_orientation_l2: -0.0205
Episode_Reward/flat_orientation_l2: -0.0123
Episode_Reward/termination_penalty: -0.0227
         Episode_Reward/feet_slide: -0.0150
         Episode_Reward/feet_force: -0.0160
      Episode_Reward/feet_too_near: -0.0069
       Episode_Reward/feet_stumble: 0.0000
     Episode_Reward/dof_pos_limits: -0.0344
Episode_Reward/joint_deviation_hip: -0.0212
Episode_Reward/joint_deviation_arms: -0.0033
Episode_Reward/joint_deviation_legs: -0.0023
Episode_Reward/joint_deviation_waist: -0.0086
Episode_Reward/gait_feet_frc_perio: 1.5536
Episode_Reward/gait_feet_spd_perio: 0.4413
Episode_Reward/gait_feet_frc_support_perio: 0.5305
       Episode_Reward/ankle_torque: -0.0432
       Episode_Reward/ankle_action: -0.0030
    Episode_Reward/hip_roll_action: -0.9343
     Episode_Reward/hip_yaw_action: -0.6363
    Episode_Reward/feet_y_distance: -0.0172
--------------------------------------------------------------------------------
                   Total timesteps: 33423360
                    Iteration time: 3.66s
                      Time elapsed: 00:10:28
                               ETA: 04:57:49

################################################################################
                     [1m Learning iteration 170/5000 [0m                      

                       Computation: 53269 steps/s (collection: 2.197s, learning 1.494s)
             Mean action noise std: 0.64
          Mean value_function loss: 0.1515
               Mean surrogate loss: 0.0023
                 Mean entropy loss: 19.2186
                     Mean amp loss: 0.1134
            Mean amp_grad_pen loss: 0.1837
         Mean amp_policy_pred loss: -0.7000
         Mean amp_expert_pred loss: 0.7022
                Mean symmetry loss: 0.0034
                       Mean reward: 84.47
               Mean episode length: 942.68
Episode_Reward/track_lin_vel_xy_exp: 4.0342
Episode_Reward/track_ang_vel_z_exp: 0.2686
       Episode_Reward/lin_vel_z_l2: -0.0158
      Episode_Reward/ang_vel_xy_l2: -0.0343
             Episode_Reward/energy: -0.0412
         Episode_Reward/dof_acc_l2: -0.1434
     Episode_Reward/action_rate_l2: -0.2366
 Episode_Reward/undesired_contacts: -0.0001
Episode_Reward/body_orientation_l2: -0.0188
Episode_Reward/flat_orientation_l2: -0.0113
Episode_Reward/termination_penalty: -0.0269
         Episode_Reward/feet_slide: -0.0149
         Episode_Reward/feet_force: -0.0160
      Episode_Reward/feet_too_near: -0.0066
       Episode_Reward/feet_stumble: 0.0000
     Episode_Reward/dof_pos_limits: -0.0346
Episode_Reward/joint_deviation_hip: -0.0234
Episode_Reward/joint_deviation_arms: -0.0037
Episode_Reward/joint_deviation_legs: -0.0026
Episode_Reward/joint_deviation_waist: -0.0099
Episode_Reward/gait_feet_frc_perio: 1.5405
Episode_Reward/gait_feet_spd_perio: 0.4381
Episode_Reward/gait_feet_frc_support_perio: 0.5262
       Episode_Reward/ankle_torque: -0.0428
       Episode_Reward/ankle_action: -0.0030
    Episode_Reward/hip_roll_action: -0.9364
     Episode_Reward/hip_yaw_action: -0.6376
    Episode_Reward/feet_y_distance: -0.0184
--------------------------------------------------------------------------------
                   Total timesteps: 33619968
                    Iteration time: 3.69s
                      Time elapsed: 00:10:32
                               ETA: 04:57:45

################################################################################
                     [1m Learning iteration 171/5000 [0m                      

                       Computation: 53232 steps/s (collection: 2.192s, learning 1.501s)
             Mean action noise std: 0.64
          Mean value_function loss: 0.1706
               Mean surrogate loss: 0.0055
                 Mean entropy loss: 19.1005
                     Mean amp loss: 0.1132
            Mean amp_grad_pen loss: 0.1832
         Mean amp_policy_pred loss: -0.7014
         Mean amp_expert_pred loss: 0.7006
                Mean symmetry loss: 0.0035
                       Mean reward: 83.67
               Mean episode length: 922.63
Episode_Reward/track_lin_vel_xy_exp: 3.9701
Episode_Reward/track_ang_vel_z_exp: 0.2563
       Episode_Reward/lin_vel_z_l2: -0.0156
      Episode_Reward/ang_vel_xy_l2: -0.0345
             Episode_Reward/energy: -0.0413
         Episode_Reward/dof_acc_l2: -0.1414
     Episode_Reward/action_rate_l2: -0.2326
 Episode_Reward/undesired_contacts: -0.0000
Episode_Reward/body_orientation_l2: -0.0198
Episode_Reward/flat_orientation_l2: -0.0119
Episode_Reward/termination_penalty: -0.0262
         Episode_Reward/feet_slide: -0.0146
         Episode_Reward/feet_force: -0.0159
      Episode_Reward/feet_too_near: -0.0078
       Episode_Reward/feet_stumble: 0.0000
     Episode_Reward/dof_pos_limits: -0.0343
Episode_Reward/joint_deviation_hip: -0.0185
Episode_Reward/joint_deviation_arms: -0.0028
Episode_Reward/joint_deviation_legs: -0.0020
Episode_Reward/joint_deviation_waist: -0.0076
Episode_Reward/gait_feet_frc_perio: 1.5504
Episode_Reward/gait_feet_spd_perio: 0.4466
Episode_Reward/gait_feet_frc_support_perio: 0.5310
       Episode_Reward/ankle_torque: -0.0429
       Episode_Reward/ankle_action: -0.0030
    Episode_Reward/hip_roll_action: -0.9250
     Episode_Reward/hip_yaw_action: -0.6265
    Episode_Reward/feet_y_distance: -0.0139
--------------------------------------------------------------------------------
                   Total timesteps: 33816576
                    Iteration time: 3.69s
                      Time elapsed: 00:10:36
                               ETA: 04:57:41

################################################################################
                     [1m Learning iteration 172/5000 [0m                      

                       Computation: 53204 steps/s (collection: 2.203s, learning 1.492s)
             Mean action noise std: 0.64
          Mean value_function loss: 0.1869
               Mean surrogate loss: 0.0031
                 Mean entropy loss: 18.9998
                     Mean amp loss: 0.1230
            Mean amp_grad_pen loss: 0.1934
         Mean amp_policy_pred loss: -0.6822
         Mean amp_expert_pred loss: 0.6827
                Mean symmetry loss: 0.0034
                       Mean reward: 87.86
               Mean episode length: 964.17
Episode_Reward/track_lin_vel_xy_exp: 4.1545
Episode_Reward/track_ang_vel_z_exp: 0.2744
       Episode_Reward/lin_vel_z_l2: -0.0160
      Episode_Reward/ang_vel_xy_l2: -0.0354
             Episode_Reward/energy: -0.0423
         Episode_Reward/dof_acc_l2: -0.1498
     Episode_Reward/action_rate_l2: -0.2406
 Episode_Reward/undesired_contacts: -0.0000
Episode_Reward/body_orientation_l2: -0.0208
Episode_Reward/flat_orientation_l2: -0.0125
Episode_Reward/termination_penalty: -0.0182
         Episode_Reward/feet_slide: -0.0151
         Episode_Reward/feet_force: -0.0161
      Episode_Reward/feet_too_near: -0.0070
       Episode_Reward/feet_stumble: 0.0000
     Episode_Reward/dof_pos_limits: -0.0344
Episode_Reward/joint_deviation_hip: -0.0223
Episode_Reward/joint_deviation_arms: -0.0034
Episode_Reward/joint_deviation_legs: -0.0025
Episode_Reward/joint_deviation_waist: -0.0091
Episode_Reward/gait_feet_frc_perio: 1.5933
Episode_Reward/gait_feet_spd_perio: 0.4580
Episode_Reward/gait_feet_frc_support_perio: 0.5449
       Episode_Reward/ankle_torque: -0.0437
       Episode_Reward/ankle_action: -0.0031
    Episode_Reward/hip_roll_action: -0.9433
     Episode_Reward/hip_yaw_action: -0.6481
    Episode_Reward/feet_y_distance: -0.0161
--------------------------------------------------------------------------------
                   Total timesteps: 34013184
                    Iteration time: 3.70s
                      Time elapsed: 00:10:39
                               ETA: 04:57:37

################################################################################
                     [1m Learning iteration 173/5000 [0m                      

                       Computation: 52918 steps/s (collection: 2.214s, learning 1.501s)
             Mean action noise std: 0.64
          Mean value_function loss: 0.1783
               Mean surrogate loss: 0.0041
                 Mean entropy loss: 18.8927
                     Mean amp loss: 0.1256
            Mean amp_grad_pen loss: 0.1902
         Mean amp_policy_pred loss: -0.6809
         Mean amp_expert_pred loss: 0.6778
                Mean symmetry loss: 0.0034
                       Mean reward: 83.99
               Mean episode length: 917.75
Episode_Reward/track_lin_vel_xy_exp: 3.9766
Episode_Reward/track_ang_vel_z_exp: 0.2678
       Episode_Reward/lin_vel_z_l2: -0.0153
      Episode_Reward/ang_vel_xy_l2: -0.0336
             Episode_Reward/energy: -0.0408
         Episode_Reward/dof_acc_l2: -0.1370
     Episode_Reward/action_rate_l2: -0.2284
 Episode_Reward/undesired_contacts: -0.0001
Episode_Reward/body_orientation_l2: -0.0189
Episode_Reward/flat_orientation_l2: -0.0113
Episode_Reward/termination_penalty: -0.0345
         Episode_Reward/feet_slide: -0.0144
         Episode_Reward/feet_force: -0.0152
      Episode_Reward/feet_too_near: -0.0075
       Episode_Reward/feet_stumble: 0.0000
     Episode_Reward/dof_pos_limits: -0.0344
Episode_Reward/joint_deviation_hip: -0.0200
Episode_Reward/joint_deviation_arms: -0.0030
Episode_Reward/joint_deviation_legs: -0.0022
Episode_Reward/joint_deviation_waist: -0.0083
Episode_Reward/gait_feet_frc_perio: 1.5318
Episode_Reward/gait_feet_spd_perio: 0.4421
Episode_Reward/gait_feet_frc_support_perio: 0.5246
       Episode_Reward/ankle_torque: -0.0421
       Episode_Reward/ankle_action: -0.0029
    Episode_Reward/hip_roll_action: -0.9111
     Episode_Reward/hip_yaw_action: -0.6161
    Episode_Reward/feet_y_distance: -0.0154
--------------------------------------------------------------------------------
                   Total timesteps: 34209792
                    Iteration time: 3.72s
                      Time elapsed: 00:10:43
                               ETA: 04:57:34

################################################################################
                     [1m Learning iteration 174/5000 [0m                      

                       Computation: 53158 steps/s (collection: 2.203s, learning 1.495s)
             Mean action noise std: 0.64
          Mean value_function loss: 0.1956
               Mean surrogate loss: 0.0098
                 Mean entropy loss: 18.8175
                     Mean amp loss: 0.1152
            Mean amp_grad_pen loss: 0.1846
         Mean amp_policy_pred loss: -0.6965
         Mean amp_expert_pred loss: 0.7009
                Mean symmetry loss: 0.0039
                       Mean reward: 83.05
               Mean episode length: 904.36
Episode_Reward/track_lin_vel_xy_exp: 3.9424
Episode_Reward/track_ang_vel_z_exp: 0.2568
       Episode_Reward/lin_vel_z_l2: -0.0154
      Episode_Reward/ang_vel_xy_l2: -0.0336
             Episode_Reward/energy: -0.0403
         Episode_Reward/dof_acc_l2: -0.1335
     Episode_Reward/action_rate_l2: -0.2265
 Episode_Reward/undesired_contacts: -0.0001
Episode_Reward/body_orientation_l2: -0.0200
Episode_Reward/flat_orientation_l2: -0.0120
Episode_Reward/termination_penalty: -0.0384
         Episode_Reward/feet_slide: -0.0141
         Episode_Reward/feet_force: -0.0147
      Episode_Reward/feet_too_near: -0.0077
       Episode_Reward/feet_stumble: 0.0000
     Episode_Reward/dof_pos_limits: -0.0336
Episode_Reward/joint_deviation_hip: -0.0182
Episode_Reward/joint_deviation_arms: -0.0028
Episode_Reward/joint_deviation_legs: -0.0020
Episode_Reward/joint_deviation_waist: -0.0077
Episode_Reward/gait_feet_frc_perio: 1.5345
Episode_Reward/gait_feet_spd_perio: 0.4471
Episode_Reward/gait_feet_frc_support_perio: 0.5248
       Episode_Reward/ankle_torque: -0.0417
       Episode_Reward/ankle_action: -0.0029
    Episode_Reward/hip_roll_action: -0.8958
     Episode_Reward/hip_yaw_action: -0.6104
    Episode_Reward/feet_y_distance: -0.0155
--------------------------------------------------------------------------------
                   Total timesteps: 34406400
                    Iteration time: 3.70s
                      Time elapsed: 00:10:47
                               ETA: 04:57:30

################################################################################
                     [1m Learning iteration 175/5000 [0m                      

                       Computation: 53089 steps/s (collection: 2.206s, learning 1.498s)
             Mean action noise std: 0.63
          Mean value_function loss: 0.2366
               Mean surrogate loss: 0.0037
                 Mean entropy loss: 18.7763
                     Mean amp loss: 0.1195
            Mean amp_grad_pen loss: 0.1942
         Mean amp_policy_pred loss: -0.6900
         Mean amp_expert_pred loss: 0.6914
                Mean symmetry loss: 0.0031
                       Mean reward: 79.19
               Mean episode length: 862.56
Episode_Reward/track_lin_vel_xy_exp: 3.9599
Episode_Reward/track_ang_vel_z_exp: 0.2616
       Episode_Reward/lin_vel_z_l2: -0.0151
      Episode_Reward/ang_vel_xy_l2: -0.0334
             Episode_Reward/energy: -0.0416
         Episode_Reward/dof_acc_l2: -0.1400
     Episode_Reward/action_rate_l2: -0.2271
 Episode_Reward/undesired_contacts: -0.0001
Episode_Reward/body_orientation_l2: -0.0186
Episode_Reward/flat_orientation_l2: -0.0111
Episode_Reward/termination_penalty: -0.0327
         Episode_Reward/feet_slide: -0.0141
         Episode_Reward/feet_force: -0.0150
      Episode_Reward/feet_too_near: -0.0064
       Episode_Reward/feet_stumble: 0.0000
     Episode_Reward/dof_pos_limits: -0.0344
Episode_Reward/joint_deviation_hip: -0.0189
Episode_Reward/joint_deviation_arms: -0.0029
Episode_Reward/joint_deviation_legs: -0.0021
Episode_Reward/joint_deviation_waist: -0.0079
Episode_Reward/gait_feet_frc_perio: 1.5334
Episode_Reward/gait_feet_spd_perio: 0.4419
Episode_Reward/gait_feet_frc_support_perio: 0.5242
       Episode_Reward/ankle_torque: -0.0426
       Episode_Reward/ankle_action: -0.0029
    Episode_Reward/hip_roll_action: -0.9231
     Episode_Reward/hip_yaw_action: -0.6137
    Episode_Reward/feet_y_distance: -0.0150
--------------------------------------------------------------------------------
                   Total timesteps: 34603008
                    Iteration time: 3.70s
                      Time elapsed: 00:10:51
                               ETA: 04:57:27

################################################################################
                     [1m Learning iteration 176/5000 [0m                      

                       Computation: 52913 steps/s (collection: 2.214s, learning 1.501s)
             Mean action noise std: 0.63
          Mean value_function loss: 0.1825
               Mean surrogate loss: 0.0030
                 Mean entropy loss: 18.6757
                     Mean amp loss: 0.1366
            Mean amp_grad_pen loss: 0.1977
         Mean amp_policy_pred loss: -0.6612
         Mean amp_expert_pred loss: 0.6595
                Mean symmetry loss: 0.0032
                       Mean reward: 85.45
               Mean episode length: 922.40
Episode_Reward/track_lin_vel_xy_exp: 4.0429
Episode_Reward/track_ang_vel_z_exp: 0.2633
       Episode_Reward/lin_vel_z_l2: -0.0155
      Episode_Reward/ang_vel_xy_l2: -0.0344
             Episode_Reward/energy: -0.0422
         Episode_Reward/dof_acc_l2: -0.1415
     Episode_Reward/action_rate_l2: -0.2314
 Episode_Reward/undesired_contacts: -0.0000
Episode_Reward/body_orientation_l2: -0.0195
Episode_Reward/flat_orientation_l2: -0.0117
Episode_Reward/termination_penalty: -0.0268
         Episode_Reward/feet_slide: -0.0145
         Episode_Reward/feet_force: -0.0155
      Episode_Reward/feet_too_near: -0.0075
       Episode_Reward/feet_stumble: 0.0000
     Episode_Reward/dof_pos_limits: -0.0347
Episode_Reward/joint_deviation_hip: -0.0183
Episode_Reward/joint_deviation_arms: -0.0028
Episode_Reward/joint_deviation_legs: -0.0020
Episode_Reward/joint_deviation_waist: -0.0074
Episode_Reward/gait_feet_frc_perio: 1.5753
Episode_Reward/gait_feet_spd_perio: 0.4592
Episode_Reward/gait_feet_frc_support_perio: 0.5394
       Episode_Reward/ankle_torque: -0.0431
       Episode_Reward/ankle_action: -0.0030
    Episode_Reward/hip_roll_action: -0.9323
     Episode_Reward/hip_yaw_action: -0.6236
    Episode_Reward/feet_y_distance: -0.0151
--------------------------------------------------------------------------------
                   Total timesteps: 34799616
                    Iteration time: 3.72s
                      Time elapsed: 00:10:54
                               ETA: 04:57:24

################################################################################
                     [1m Learning iteration 177/5000 [0m                      

                       Computation: 53287 steps/s (collection: 2.205s, learning 1.485s)
             Mean action noise std: 0.63
          Mean value_function loss: 0.2133
               Mean surrogate loss: 0.0057
                 Mean entropy loss: 18.6002
                     Mean amp loss: 0.1241
            Mean amp_grad_pen loss: 0.1922
         Mean amp_policy_pred loss: -0.6841
         Mean amp_expert_pred loss: 0.6787
                Mean symmetry loss: 0.0032
                       Mean reward: 84.11
               Mean episode length: 914.88
Episode_Reward/track_lin_vel_xy_exp: 4.0199
Episode_Reward/track_ang_vel_z_exp: 0.2725
       Episode_Reward/lin_vel_z_l2: -0.0151
      Episode_Reward/ang_vel_xy_l2: -0.0334
             Episode_Reward/energy: -0.0420
         Episode_Reward/dof_acc_l2: -0.1414
     Episode_Reward/action_rate_l2: -0.2281
 Episode_Reward/undesired_contacts: -0.0000
Episode_Reward/body_orientation_l2: -0.0184
Episode_Reward/flat_orientation_l2: -0.0110
Episode_Reward/termination_penalty: -0.0271
         Episode_Reward/feet_slide: -0.0143
         Episode_Reward/feet_force: -0.0155
      Episode_Reward/feet_too_near: -0.0071
       Episode_Reward/feet_stumble: 0.0000
     Episode_Reward/dof_pos_limits: -0.0347
Episode_Reward/joint_deviation_hip: -0.0215
Episode_Reward/joint_deviation_arms: -0.0033
Episode_Reward/joint_deviation_legs: -0.0023
Episode_Reward/joint_deviation_waist: -0.0090
Episode_Reward/gait_feet_frc_perio: 1.5429
Episode_Reward/gait_feet_spd_perio: 0.4476
Episode_Reward/gait_feet_frc_support_perio: 0.5267
       Episode_Reward/ankle_torque: -0.0425
       Episode_Reward/ankle_action: -0.0029
    Episode_Reward/hip_roll_action: -0.9244
     Episode_Reward/hip_yaw_action: -0.6181
    Episode_Reward/feet_y_distance: -0.0157
--------------------------------------------------------------------------------
                   Total timesteps: 34996224
                    Iteration time: 3.69s
                      Time elapsed: 00:10:58
                               ETA: 04:57:20

################################################################################
                     [1m Learning iteration 178/5000 [0m                      

                       Computation: 53327 steps/s (collection: 2.185s, learning 1.501s)
             Mean action noise std: 0.63
          Mean value_function loss: 0.2592
               Mean surrogate loss: 0.0028
                 Mean entropy loss: 18.5242
                     Mean amp loss: 0.1344
            Mean amp_grad_pen loss: 0.1990
         Mean amp_policy_pred loss: -0.6634
         Mean amp_expert_pred loss: 0.6657
                Mean symmetry loss: 0.0031
                       Mean reward: 85.36
               Mean episode length: 921.94
Episode_Reward/track_lin_vel_xy_exp: 4.0108
Episode_Reward/track_ang_vel_z_exp: 0.2657
       Episode_Reward/lin_vel_z_l2: -0.0152
      Episode_Reward/ang_vel_xy_l2: -0.0335
             Episode_Reward/energy: -0.0416
         Episode_Reward/dof_acc_l2: -0.1366
     Episode_Reward/action_rate_l2: -0.2269
 Episode_Reward/undesired_contacts: -0.0001
Episode_Reward/body_orientation_l2: -0.0193
Episode_Reward/flat_orientation_l2: -0.0116
Episode_Reward/termination_penalty: -0.0280
         Episode_Reward/feet_slide: -0.0145
         Episode_Reward/feet_force: -0.0151
      Episode_Reward/feet_too_near: -0.0076
       Episode_Reward/feet_stumble: 0.0000
     Episode_Reward/dof_pos_limits: -0.0342
Episode_Reward/joint_deviation_hip: -0.0177
Episode_Reward/joint_deviation_arms: -0.0027
Episode_Reward/joint_deviation_legs: -0.0019
Episode_Reward/joint_deviation_waist: -0.0073
Episode_Reward/gait_feet_frc_perio: 1.5630
Episode_Reward/gait_feet_spd_perio: 0.4583
Episode_Reward/gait_feet_frc_support_perio: 0.5361
       Episode_Reward/ankle_torque: -0.0427
       Episode_Reward/ankle_action: -0.0030
    Episode_Reward/hip_roll_action: -0.9121
     Episode_Reward/hip_yaw_action: -0.6142
    Episode_Reward/feet_y_distance: -0.0136
--------------------------------------------------------------------------------
                   Total timesteps: 35192832
                    Iteration time: 3.69s
                      Time elapsed: 00:11:02
                               ETA: 04:57:16

################################################################################
                     [1m Learning iteration 179/5000 [0m                      

                       Computation: 53118 steps/s (collection: 2.197s, learning 1.504s)
             Mean action noise std: 0.63
          Mean value_function loss: 0.2103
               Mean surrogate loss: 0.0051
                 Mean entropy loss: 18.4646
                     Mean amp loss: 0.1375
            Mean amp_grad_pen loss: 0.1978
         Mean amp_policy_pred loss: -0.6591
         Mean amp_expert_pred loss: 0.6620
                Mean symmetry loss: 0.0031
                       Mean reward: 80.78
               Mean episode length: 889.39
Episode_Reward/track_lin_vel_xy_exp: 3.8670
Episode_Reward/track_ang_vel_z_exp: 0.2601
       Episode_Reward/lin_vel_z_l2: -0.0151
      Episode_Reward/ang_vel_xy_l2: -0.0324
             Episode_Reward/energy: -0.0403
         Episode_Reward/dof_acc_l2: -0.1340
     Episode_Reward/action_rate_l2: -0.2181
 Episode_Reward/undesired_contacts: -0.0000
Episode_Reward/body_orientation_l2: -0.0180
Episode_Reward/flat_orientation_l2: -0.0108
Episode_Reward/termination_penalty: -0.0393
         Episode_Reward/feet_slide: -0.0141
         Episode_Reward/feet_force: -0.0147
      Episode_Reward/feet_too_near: -0.0074
       Episode_Reward/feet_stumble: 0.0000
     Episode_Reward/dof_pos_limits: -0.0334
Episode_Reward/joint_deviation_hip: -0.0240
Episode_Reward/joint_deviation_arms: -0.0037
Episode_Reward/joint_deviation_legs: -0.0026
Episode_Reward/joint_deviation_waist: -0.0099
Episode_Reward/gait_feet_frc_perio: 1.4695
Episode_Reward/gait_feet_spd_perio: 0.4228
Episode_Reward/gait_feet_frc_support_perio: 0.5004
       Episode_Reward/ankle_torque: -0.0408
       Episode_Reward/ankle_action: -0.0028
    Episode_Reward/hip_roll_action: -0.8815
     Episode_Reward/hip_yaw_action: -0.5912
    Episode_Reward/feet_y_distance: -0.0155
--------------------------------------------------------------------------------
                   Total timesteps: 35389440
                    Iteration time: 3.70s
                      Time elapsed: 00:11:05
                               ETA: 04:57:12

################################################################################
                     [1m Learning iteration 180/5000 [0m                      

                       Computation: 53797 steps/s (collection: 2.189s, learning 1.465s)
             Mean action noise std: 0.62
          Mean value_function loss: 0.2356
               Mean surrogate loss: 0.0044
                 Mean entropy loss: 18.4024
                     Mean amp loss: 0.1309
            Mean amp_grad_pen loss: 0.1949
         Mean amp_policy_pred loss: -0.6724
         Mean amp_expert_pred loss: 0.6685
                Mean symmetry loss: 0.0031
                       Mean reward: 81.33
               Mean episode length: 876.75
Episode_Reward/track_lin_vel_xy_exp: 3.8830
Episode_Reward/track_ang_vel_z_exp: 0.2543
       Episode_Reward/lin_vel_z_l2: -0.0148
      Episode_Reward/ang_vel_xy_l2: -0.0324
             Episode_Reward/energy: -0.0394
         Episode_Reward/dof_acc_l2: -0.1339
     Episode_Reward/action_rate_l2: -0.2166
 Episode_Reward/undesired_contacts: -0.0001
Episode_Reward/body_orientation_l2: -0.0193
Episode_Reward/flat_orientation_l2: -0.0116
Episode_Reward/termination_penalty: -0.0393
         Episode_Reward/feet_slide: -0.0139
         Episode_Reward/feet_force: -0.0148
      Episode_Reward/feet_too_near: -0.0080
       Episode_Reward/feet_stumble: 0.0000
     Episode_Reward/dof_pos_limits: -0.0325
Episode_Reward/joint_deviation_hip: -0.0197
Episode_Reward/joint_deviation_arms: -0.0030
Episode_Reward/joint_deviation_legs: -0.0021
Episode_Reward/joint_deviation_waist: -0.0083
Episode_Reward/gait_feet_frc_perio: 1.4907
Episode_Reward/gait_feet_spd_perio: 0.4413
Episode_Reward/gait_feet_frc_support_perio: 0.5117
       Episode_Reward/ankle_torque: -0.0398
       Episode_Reward/ankle_action: -0.0028
    Episode_Reward/hip_roll_action: -0.8568
     Episode_Reward/hip_yaw_action: -0.5864
    Episode_Reward/feet_y_distance: -0.0147
--------------------------------------------------------------------------------
                   Total timesteps: 35586048
                    Iteration time: 3.65s
                      Time elapsed: 00:11:09
                               ETA: 04:57:07

################################################################################
                     [1m Learning iteration 181/5000 [0m                      

                       Computation: 53085 steps/s (collection: 2.210s, learning 1.494s)
             Mean action noise std: 0.62
          Mean value_function loss: 0.2830
               Mean surrogate loss: 0.0060
                 Mean entropy loss: 18.3271
                     Mean amp loss: 0.1240
            Mean amp_grad_pen loss: 0.1865
         Mean amp_policy_pred loss: -0.6903
         Mean amp_expert_pred loss: 0.6827
                Mean symmetry loss: 0.0032
                       Mean reward: 85.40
               Mean episode length: 914.89
Episode_Reward/track_lin_vel_xy_exp: 3.9722
Episode_Reward/track_ang_vel_z_exp: 0.2650
       Episode_Reward/lin_vel_z_l2: -0.0151
      Episode_Reward/ang_vel_xy_l2: -0.0325
             Episode_Reward/energy: -0.0415
         Episode_Reward/dof_acc_l2: -0.1343
     Episode_Reward/action_rate_l2: -0.2215
 Episode_Reward/undesired_contacts: -0.0001
Episode_Reward/body_orientation_l2: -0.0179
Episode_Reward/flat_orientation_l2: -0.0107
Episode_Reward/termination_penalty: -0.0372
         Episode_Reward/feet_slide: -0.0143
         Episode_Reward/feet_force: -0.0147
      Episode_Reward/feet_too_near: -0.0073
       Episode_Reward/feet_stumble: 0.0000
     Episode_Reward/dof_pos_limits: -0.0347
Episode_Reward/joint_deviation_hip: -0.0215
Episode_Reward/joint_deviation_arms: -0.0032
Episode_Reward/joint_deviation_legs: -0.0023
Episode_Reward/joint_deviation_waist: -0.0090
Episode_Reward/gait_feet_frc_perio: 1.5244
Episode_Reward/gait_feet_spd_perio: 0.4465
Episode_Reward/gait_feet_frc_support_perio: 0.5205
       Episode_Reward/ankle_torque: -0.0423
       Episode_Reward/ankle_action: -0.0029
    Episode_Reward/hip_roll_action: -0.9085
     Episode_Reward/hip_yaw_action: -0.6017
    Episode_Reward/feet_y_distance: -0.0164
--------------------------------------------------------------------------------
                   Total timesteps: 35782656
                    Iteration time: 3.70s
                      Time elapsed: 00:11:13
                               ETA: 04:57:03

################################################################################
                     [1m Learning iteration 182/5000 [0m                      

                       Computation: 53406 steps/s (collection: 2.206s, learning 1.475s)
             Mean action noise std: 0.62
          Mean value_function loss: 0.2298
               Mean surrogate loss: 0.0027
                 Mean entropy loss: 18.2714
                     Mean amp loss: 0.1221
            Mean amp_grad_pen loss: 0.1911
         Mean amp_policy_pred loss: -0.6913
         Mean amp_expert_pred loss: 0.6867
                Mean symmetry loss: 0.0031
                       Mean reward: 83.75
               Mean episode length: 908.97
Episode_Reward/track_lin_vel_xy_exp: 3.9116
Episode_Reward/track_ang_vel_z_exp: 0.2601
       Episode_Reward/lin_vel_z_l2: -0.0150
      Episode_Reward/ang_vel_xy_l2: -0.0323
             Episode_Reward/energy: -0.0397
         Episode_Reward/dof_acc_l2: -0.1330
     Episode_Reward/action_rate_l2: -0.2165
 Episode_Reward/undesired_contacts: -0.0001
Episode_Reward/body_orientation_l2: -0.0180
Episode_Reward/flat_orientation_l2: -0.0108
Episode_Reward/termination_penalty: -0.0388
         Episode_Reward/feet_slide: -0.0138
         Episode_Reward/feet_force: -0.0148
      Episode_Reward/feet_too_near: -0.0084
       Episode_Reward/feet_stumble: 0.0000
     Episode_Reward/dof_pos_limits: -0.0329
Episode_Reward/joint_deviation_hip: -0.0236
Episode_Reward/joint_deviation_arms: -0.0036
Episode_Reward/joint_deviation_legs: -0.0026
Episode_Reward/joint_deviation_waist: -0.0101
Episode_Reward/gait_feet_frc_perio: 1.4796
Episode_Reward/gait_feet_spd_perio: 0.4356
Episode_Reward/gait_feet_frc_support_perio: 0.5043
       Episode_Reward/ankle_torque: -0.0398
       Episode_Reward/ankle_action: -0.0028
    Episode_Reward/hip_roll_action: -0.8582
     Episode_Reward/hip_yaw_action: -0.5871
    Episode_Reward/feet_y_distance: -0.0160
--------------------------------------------------------------------------------
                   Total timesteps: 35979264
                    Iteration time: 3.68s
                      Time elapsed: 00:11:16
                               ETA: 04:56:59

################################################################################
                     [1m Learning iteration 183/5000 [0m                      

                       Computation: 53585 steps/s (collection: 2.205s, learning 1.464s)
             Mean action noise std: 0.62
          Mean value_function loss: 0.2201
               Mean surrogate loss: 0.0027
                 Mean entropy loss: 18.1816
                     Mean amp loss: 0.1313
            Mean amp_grad_pen loss: 0.1929
         Mean amp_policy_pred loss: -0.6748
         Mean amp_expert_pred loss: 0.6717
                Mean symmetry loss: 0.0033
                       Mean reward: 84.17
               Mean episode length: 896.86
Episode_Reward/track_lin_vel_xy_exp: 3.8907
Episode_Reward/track_ang_vel_z_exp: 0.2570
       Episode_Reward/lin_vel_z_l2: -0.0151
      Episode_Reward/ang_vel_xy_l2: -0.0321
             Episode_Reward/energy: -0.0401
         Episode_Reward/dof_acc_l2: -0.1320
     Episode_Reward/action_rate_l2: -0.2148
 Episode_Reward/undesired_contacts: -0.0001
Episode_Reward/body_orientation_l2: -0.0190
Episode_Reward/flat_orientation_l2: -0.0114
Episode_Reward/termination_penalty: -0.0378
         Episode_Reward/feet_slide: -0.0140
         Episode_Reward/feet_force: -0.0147
      Episode_Reward/feet_too_near: -0.0085
       Episode_Reward/feet_stumble: 0.0000
     Episode_Reward/dof_pos_limits: -0.0332
Episode_Reward/joint_deviation_hip: -0.0201
Episode_Reward/joint_deviation_arms: -0.0030
Episode_Reward/joint_deviation_legs: -0.0021
Episode_Reward/joint_deviation_waist: -0.0086
Episode_Reward/gait_feet_frc_perio: 1.5012
Episode_Reward/gait_feet_spd_perio: 0.4458
Episode_Reward/gait_feet_frc_support_perio: 0.5137
       Episode_Reward/ankle_torque: -0.0400
       Episode_Reward/ankle_action: -0.0028
    Episode_Reward/hip_roll_action: -0.8618
     Episode_Reward/hip_yaw_action: -0.5856
    Episode_Reward/feet_y_distance: -0.0146
--------------------------------------------------------------------------------
                   Total timesteps: 36175872
                    Iteration time: 3.67s
                      Time elapsed: 00:11:20
                               ETA: 04:56:55

################################################################################
                     [1m Learning iteration 184/5000 [0m                      

                       Computation: 53033 steps/s (collection: 2.209s, learning 1.499s)
             Mean action noise std: 0.62
          Mean value_function loss: 0.2488
               Mean surrogate loss: 0.0023
                 Mean entropy loss: 18.1035
                     Mean amp loss: 0.1293
            Mean amp_grad_pen loss: 0.1904
         Mean amp_policy_pred loss: -0.6783
         Mean amp_expert_pred loss: 0.6756
                Mean symmetry loss: 0.0031
                       Mean reward: 84.11
               Mean episode length: 896.05
Episode_Reward/track_lin_vel_xy_exp: 3.9467
Episode_Reward/track_ang_vel_z_exp: 0.2625
       Episode_Reward/lin_vel_z_l2: -0.0152
      Episode_Reward/ang_vel_xy_l2: -0.0324
             Episode_Reward/energy: -0.0416
         Episode_Reward/dof_acc_l2: -0.1368
     Episode_Reward/action_rate_l2: -0.2185
 Episode_Reward/undesired_contacts: -0.0001
Episode_Reward/body_orientation_l2: -0.0183
Episode_Reward/flat_orientation_l2: -0.0110
Episode_Reward/termination_penalty: -0.0369
         Episode_Reward/feet_slide: -0.0141
         Episode_Reward/feet_force: -0.0149
      Episode_Reward/feet_too_near: -0.0082
       Episode_Reward/feet_stumble: 0.0000
     Episode_Reward/dof_pos_limits: -0.0346
Episode_Reward/joint_deviation_hip: -0.0197
Episode_Reward/joint_deviation_arms: -0.0029
Episode_Reward/joint_deviation_legs: -0.0021
Episode_Reward/joint_deviation_waist: -0.0085
Episode_Reward/gait_feet_frc_perio: 1.5379
Episode_Reward/gait_feet_spd_perio: 0.4530
Episode_Reward/gait_feet_frc_support_perio: 0.5244
       Episode_Reward/ankle_torque: -0.0416
       Episode_Reward/ankle_action: -0.0029
    Episode_Reward/hip_roll_action: -0.8920
     Episode_Reward/hip_yaw_action: -0.5942
    Episode_Reward/feet_y_distance: -0.0135
--------------------------------------------------------------------------------
                   Total timesteps: 36372480
                    Iteration time: 3.71s
                      Time elapsed: 00:11:24
                               ETA: 04:56:51

################################################################################
                     [1m Learning iteration 185/5000 [0m                      

                       Computation: 53488 steps/s (collection: 2.213s, learning 1.463s)
             Mean action noise std: 0.62
          Mean value_function loss: 0.2375
               Mean surrogate loss: 0.0057
                 Mean entropy loss: 18.0315
                     Mean amp loss: 0.1202
            Mean amp_grad_pen loss: 0.1855
         Mean amp_policy_pred loss: -0.6996
         Mean amp_expert_pred loss: 0.6884
                Mean symmetry loss: 0.0032
                       Mean reward: 83.91
               Mean episode length: 896.55
Episode_Reward/track_lin_vel_xy_exp: 3.9656
Episode_Reward/track_ang_vel_z_exp: 0.2744
       Episode_Reward/lin_vel_z_l2: -0.0153
      Episode_Reward/ang_vel_xy_l2: -0.0324
             Episode_Reward/energy: -0.0415
         Episode_Reward/dof_acc_l2: -0.1380
     Episode_Reward/action_rate_l2: -0.2180
 Episode_Reward/undesired_contacts: -0.0001
Episode_Reward/body_orientation_l2: -0.0187
Episode_Reward/flat_orientation_l2: -0.0112
Episode_Reward/termination_penalty: -0.0369
         Episode_Reward/feet_slide: -0.0142
         Episode_Reward/feet_force: -0.0152
      Episode_Reward/feet_too_near: -0.0084
       Episode_Reward/feet_stumble: 0.0000
     Episode_Reward/dof_pos_limits: -0.0348
Episode_Reward/joint_deviation_hip: -0.0204
Episode_Reward/joint_deviation_arms: -0.0030
Episode_Reward/joint_deviation_legs: -0.0021
Episode_Reward/joint_deviation_waist: -0.0086
Episode_Reward/gait_feet_frc_perio: 1.5401
Episode_Reward/gait_feet_spd_perio: 0.4557
Episode_Reward/gait_feet_frc_support_perio: 0.5267
       Episode_Reward/ankle_torque: -0.0417
       Episode_Reward/ankle_action: -0.0029
    Episode_Reward/hip_roll_action: -0.8921
     Episode_Reward/hip_yaw_action: -0.5945
    Episode_Reward/feet_y_distance: -0.0167
--------------------------------------------------------------------------------
                   Total timesteps: 36569088
                    Iteration time: 3.68s
                      Time elapsed: 00:11:27
                               ETA: 04:56:47

################################################################################
                     [1m Learning iteration 186/5000 [0m                      

                       Computation: 52960 steps/s (collection: 2.206s, learning 1.506s)
             Mean action noise std: 0.61
          Mean value_function loss: 0.1850
               Mean surrogate loss: 0.0043
                 Mean entropy loss: 17.9737
                     Mean amp loss: 0.1251
            Mean amp_grad_pen loss: 0.1912
         Mean amp_policy_pred loss: -0.6845
         Mean amp_expert_pred loss: 0.6834
                Mean symmetry loss: 0.0030
                       Mean reward: 90.48
               Mean episode length: 949.21
Episode_Reward/track_lin_vel_xy_exp: 4.0707
Episode_Reward/track_ang_vel_z_exp: 0.2682
       Episode_Reward/lin_vel_z_l2: -0.0152
      Episode_Reward/ang_vel_xy_l2: -0.0332
             Episode_Reward/energy: -0.0436
         Episode_Reward/dof_acc_l2: -0.1354
     Episode_Reward/action_rate_l2: -0.2234
 Episode_Reward/undesired_contacts: -0.0000
Episode_Reward/body_orientation_l2: -0.0187
Episode_Reward/flat_orientation_l2: -0.0112
Episode_Reward/termination_penalty: -0.0263
         Episode_Reward/feet_slide: -0.0143
         Episode_Reward/feet_force: -0.0149
      Episode_Reward/feet_too_near: -0.0081
       Episode_Reward/feet_stumble: 0.0000
     Episode_Reward/dof_pos_limits: -0.0361
Episode_Reward/joint_deviation_hip: -0.0152
Episode_Reward/joint_deviation_arms: -0.0023
Episode_Reward/joint_deviation_legs: -0.0016
Episode_Reward/joint_deviation_waist: -0.0064
Episode_Reward/gait_feet_frc_perio: 1.6184
Episode_Reward/gait_feet_spd_perio: 0.4816
Episode_Reward/gait_feet_frc_support_perio: 0.5545
       Episode_Reward/ankle_torque: -0.0434
       Episode_Reward/ankle_action: -0.0030
    Episode_Reward/hip_roll_action: -0.9329
     Episode_Reward/hip_yaw_action: -0.6111
    Episode_Reward/feet_y_distance: -0.0150
--------------------------------------------------------------------------------
                   Total timesteps: 36765696
                    Iteration time: 3.71s
                      Time elapsed: 00:11:31
                               ETA: 04:56:44

################################################################################
                     [1m Learning iteration 187/5000 [0m                      

                       Computation: 53663 steps/s (collection: 2.205s, learning 1.458s)
             Mean action noise std: 0.61
          Mean value_function loss: 0.1999
               Mean surrogate loss: 0.0041
                 Mean entropy loss: 17.8628
                     Mean amp loss: 0.1321
            Mean amp_grad_pen loss: 0.1935
         Mean amp_policy_pred loss: -0.6724
         Mean amp_expert_pred loss: 0.6706
                Mean symmetry loss: 0.0031
                       Mean reward: 86.94
               Mean episode length: 933.65
Episode_Reward/track_lin_vel_xy_exp: 3.9004
Episode_Reward/track_ang_vel_z_exp: 0.2663
       Episode_Reward/lin_vel_z_l2: -0.0159
      Episode_Reward/ang_vel_xy_l2: -0.0321
             Episode_Reward/energy: -0.0427
         Episode_Reward/dof_acc_l2: -0.1326
     Episode_Reward/action_rate_l2: -0.2137
 Episode_Reward/undesired_contacts: -0.0001
Episode_Reward/body_orientation_l2: -0.0181
Episode_Reward/flat_orientation_l2: -0.0109
Episode_Reward/termination_penalty: -0.0359
         Episode_Reward/feet_slide: -0.0143
         Episode_Reward/feet_force: -0.0145
      Episode_Reward/feet_too_near: -0.0071
       Episode_Reward/feet_stumble: 0.0000
     Episode_Reward/dof_pos_limits: -0.0350
Episode_Reward/joint_deviation_hip: -0.0223
Episode_Reward/joint_deviation_arms: -0.0034
Episode_Reward/joint_deviation_legs: -0.0024
Episode_Reward/joint_deviation_waist: -0.0095
Episode_Reward/gait_feet_frc_perio: 1.5093
Episode_Reward/gait_feet_spd_perio: 0.4366
Episode_Reward/gait_feet_frc_support_perio: 0.5126
       Episode_Reward/ankle_torque: -0.0423
       Episode_Reward/ankle_action: -0.0029
    Episode_Reward/hip_roll_action: -0.9155
     Episode_Reward/hip_yaw_action: -0.5884
    Episode_Reward/feet_y_distance: -0.0141
--------------------------------------------------------------------------------
                   Total timesteps: 36962304
                    Iteration time: 3.66s
                      Time elapsed: 00:11:35
                               ETA: 04:56:39

################################################################################
                     [1m Learning iteration 188/5000 [0m                      

                       Computation: 53316 steps/s (collection: 2.192s, learning 1.495s)
             Mean action noise std: 0.61
          Mean value_function loss: 0.2052
               Mean surrogate loss: 0.0039
                 Mean entropy loss: 17.7771
                     Mean amp loss: 0.1315
            Mean amp_grad_pen loss: 0.1945
         Mean amp_policy_pred loss: -0.6766
         Mean amp_expert_pred loss: 0.6677
                Mean symmetry loss: 0.0031
                       Mean reward: 92.16
               Mean episode length: 963.44
Episode_Reward/track_lin_vel_xy_exp: 4.0763
Episode_Reward/track_ang_vel_z_exp: 0.2678
       Episode_Reward/lin_vel_z_l2: -0.0150
      Episode_Reward/ang_vel_xy_l2: -0.0325
             Episode_Reward/energy: -0.0417
         Episode_Reward/dof_acc_l2: -0.1361
     Episode_Reward/action_rate_l2: -0.2193
 Episode_Reward/undesired_contacts: -0.0001
Episode_Reward/body_orientation_l2: -0.0178
Episode_Reward/flat_orientation_l2: -0.0107
Episode_Reward/termination_penalty: -0.0250
         Episode_Reward/feet_slide: -0.0141
         Episode_Reward/feet_force: -0.0153
      Episode_Reward/feet_too_near: -0.0080
       Episode_Reward/feet_stumble: 0.0000
     Episode_Reward/dof_pos_limits: -0.0345
Episode_Reward/joint_deviation_hip: -0.0235
Episode_Reward/joint_deviation_arms: -0.0036
Episode_Reward/joint_deviation_legs: -0.0025
Episode_Reward/joint_deviation_waist: -0.0100
Episode_Reward/gait_feet_frc_perio: 1.5507
Episode_Reward/gait_feet_spd_perio: 0.4646
Episode_Reward/gait_feet_frc_support_perio: 0.5306
       Episode_Reward/ankle_torque: -0.0415
       Episode_Reward/ankle_action: -0.0029
    Episode_Reward/hip_roll_action: -0.8921
     Episode_Reward/hip_yaw_action: -0.6015
    Episode_Reward/feet_y_distance: -0.0171
--------------------------------------------------------------------------------
                   Total timesteps: 37158912
                    Iteration time: 3.69s
                      Time elapsed: 00:11:38
                               ETA: 04:56:35

################################################################################
                     [1m Learning iteration 189/5000 [0m                      

                       Computation: 53973 steps/s (collection: 2.185s, learning 1.458s)
             Mean action noise std: 0.61
          Mean value_function loss: 0.1766
               Mean surrogate loss: 0.0050
                 Mean entropy loss: 17.6808
                     Mean amp loss: 0.1329
            Mean amp_grad_pen loss: 0.1930
         Mean amp_policy_pred loss: -0.6716
         Mean amp_expert_pred loss: 0.6711
                Mean symmetry loss: 0.0031
                       Mean reward: 87.60
               Mean episode length: 922.91
Episode_Reward/track_lin_vel_xy_exp: 3.9987
Episode_Reward/track_ang_vel_z_exp: 0.2705
       Episode_Reward/lin_vel_z_l2: -0.0151
      Episode_Reward/ang_vel_xy_l2: -0.0324
             Episode_Reward/energy: -0.0420
         Episode_Reward/dof_acc_l2: -0.1331
     Episode_Reward/action_rate_l2: -0.2157
 Episode_Reward/undesired_contacts: -0.0001
Episode_Reward/body_orientation_l2: -0.0184
Episode_Reward/flat_orientation_l2: -0.0110
Episode_Reward/termination_penalty: -0.0315
         Episode_Reward/feet_slide: -0.0138
         Episode_Reward/feet_force: -0.0145
      Episode_Reward/feet_too_near: -0.0085
       Episode_Reward/feet_stumble: 0.0000
     Episode_Reward/dof_pos_limits: -0.0347
Episode_Reward/joint_deviation_hip: -0.0191
Episode_Reward/joint_deviation_arms: -0.0029
Episode_Reward/joint_deviation_legs: -0.0020
Episode_Reward/joint_deviation_waist: -0.0081
Episode_Reward/gait_feet_frc_perio: 1.5571
Episode_Reward/gait_feet_spd_perio: 0.4675
Episode_Reward/gait_feet_frc_support_perio: 0.5315
       Episode_Reward/ankle_torque: -0.0418
       Episode_Reward/ankle_action: -0.0029
    Episode_Reward/hip_roll_action: -0.8910
     Episode_Reward/hip_yaw_action: -0.5922
    Episode_Reward/feet_y_distance: -0.0149
--------------------------------------------------------------------------------
                   Total timesteps: 37355520
                    Iteration time: 3.64s
                      Time elapsed: 00:11:42
                               ETA: 04:56:30

################################################################################
                     [1m Learning iteration 190/5000 [0m                      

                       Computation: 53326 steps/s (collection: 2.192s, learning 1.495s)
             Mean action noise std: 0.60
          Mean value_function loss: 0.1534
               Mean surrogate loss: 0.0070
                 Mean entropy loss: 17.5610
                     Mean amp loss: 0.1362
            Mean amp_grad_pen loss: 0.1951
         Mean amp_policy_pred loss: -0.6674
         Mean amp_expert_pred loss: 0.6651
                Mean symmetry loss: 0.0030
                       Mean reward: 86.74
               Mean episode length: 905.57
Episode_Reward/track_lin_vel_xy_exp: 4.0812
Episode_Reward/track_ang_vel_z_exp: 0.2730
       Episode_Reward/lin_vel_z_l2: -0.0149
      Episode_Reward/ang_vel_xy_l2: -0.0320
             Episode_Reward/energy: -0.0418
         Episode_Reward/dof_acc_l2: -0.1301
     Episode_Reward/action_rate_l2: -0.2177
 Episode_Reward/undesired_contacts: -0.0001
Episode_Reward/body_orientation_l2: -0.0180
Episode_Reward/flat_orientation_l2: -0.0108
Episode_Reward/termination_penalty: -0.0240
         Episode_Reward/feet_slide: -0.0137
         Episode_Reward/feet_force: -0.0149
      Episode_Reward/feet_too_near: -0.0081
       Episode_Reward/feet_stumble: 0.0000
     Episode_Reward/dof_pos_limits: -0.0350
Episode_Reward/joint_deviation_hip: -0.0217
Episode_Reward/joint_deviation_arms: -0.0033
Episode_Reward/joint_deviation_legs: -0.0023
Episode_Reward/joint_deviation_waist: -0.0093
Episode_Reward/gait_feet_frc_perio: 1.5673
Episode_Reward/gait_feet_spd_perio: 0.4756
Episode_Reward/gait_feet_frc_support_perio: 0.5352
       Episode_Reward/ankle_torque: -0.0414
       Episode_Reward/ankle_action: -0.0029
    Episode_Reward/hip_roll_action: -0.8910
     Episode_Reward/hip_yaw_action: -0.5979
    Episode_Reward/feet_y_distance: -0.0159
--------------------------------------------------------------------------------
                   Total timesteps: 37552128
                    Iteration time: 3.69s
                      Time elapsed: 00:11:46
                               ETA: 04:56:26

################################################################################
                     [1m Learning iteration 191/5000 [0m                      

                       Computation: 53943 steps/s (collection: 2.187s, learning 1.457s)
             Mean action noise std: 0.60
          Mean value_function loss: 0.1656
               Mean surrogate loss: 0.0038
                 Mean entropy loss: 17.4530
                     Mean amp loss: 0.1378
            Mean amp_grad_pen loss: 0.1968
         Mean amp_policy_pred loss: -0.6651
         Mean amp_expert_pred loss: 0.6613
                Mean symmetry loss: 0.0029
                       Mean reward: 89.26
               Mean episode length: 934.59
Episode_Reward/track_lin_vel_xy_exp: 4.1140
Episode_Reward/track_ang_vel_z_exp: 0.2720
       Episode_Reward/lin_vel_z_l2: -0.0152
      Episode_Reward/ang_vel_xy_l2: -0.0323
             Episode_Reward/energy: -0.0429
         Episode_Reward/dof_acc_l2: -0.1355
     Episode_Reward/action_rate_l2: -0.2192
 Episode_Reward/undesired_contacts: -0.0001
Episode_Reward/body_orientation_l2: -0.0182
Episode_Reward/flat_orientation_l2: -0.0109
Episode_Reward/termination_penalty: -0.0223
         Episode_Reward/feet_slide: -0.0140
         Episode_Reward/feet_force: -0.0149
      Episode_Reward/feet_too_near: -0.0082
       Episode_Reward/feet_stumble: 0.0000
     Episode_Reward/dof_pos_limits: -0.0354
Episode_Reward/joint_deviation_hip: -0.0208
Episode_Reward/joint_deviation_arms: -0.0032
Episode_Reward/joint_deviation_legs: -0.0023
Episode_Reward/joint_deviation_waist: -0.0089
Episode_Reward/gait_feet_frc_perio: 1.5869
Episode_Reward/gait_feet_spd_perio: 0.4814
Episode_Reward/gait_feet_frc_support_perio: 0.5422
       Episode_Reward/ankle_torque: -0.0425
       Episode_Reward/ankle_action: -0.0030
    Episode_Reward/hip_roll_action: -0.9104
     Episode_Reward/hip_yaw_action: -0.6024
    Episode_Reward/feet_y_distance: -0.0166
--------------------------------------------------------------------------------
                   Total timesteps: 37748736
                    Iteration time: 3.64s
                      Time elapsed: 00:11:49
                               ETA: 04:56:21

################################################################################
                     [1m Learning iteration 192/5000 [0m                      

                       Computation: 53288 steps/s (collection: 2.187s, learning 1.502s)
             Mean action noise std: 0.60
          Mean value_function loss: 0.1511
               Mean surrogate loss: 0.0044
                 Mean entropy loss: 17.3369
                     Mean amp loss: 0.1398
            Mean amp_grad_pen loss: 0.2003
         Mean amp_policy_pred loss: -0.6601
         Mean amp_expert_pred loss: 0.6589
                Mean symmetry loss: 0.0029
                       Mean reward: 91.03
               Mean episode length: 945.91
Episode_Reward/track_lin_vel_xy_exp: 4.0700
Episode_Reward/track_ang_vel_z_exp: 0.2823
       Episode_Reward/lin_vel_z_l2: -0.0147
      Episode_Reward/ang_vel_xy_l2: -0.0319
             Episode_Reward/energy: -0.0418
         Episode_Reward/dof_acc_l2: -0.1345
     Episode_Reward/action_rate_l2: -0.2152
 Episode_Reward/undesired_contacts: -0.0001
Episode_Reward/body_orientation_l2: -0.0176
Episode_Reward/flat_orientation_l2: -0.0106
Episode_Reward/termination_penalty: -0.0250
         Episode_Reward/feet_slide: -0.0136
         Episode_Reward/feet_force: -0.0146
      Episode_Reward/feet_too_near: -0.0088
       Episode_Reward/feet_stumble: 0.0000
     Episode_Reward/dof_pos_limits: -0.0345
Episode_Reward/joint_deviation_hip: -0.0218
Episode_Reward/joint_deviation_arms: -0.0033
Episode_Reward/joint_deviation_legs: -0.0023
Episode_Reward/joint_deviation_waist: -0.0092
Episode_Reward/gait_feet_frc_perio: 1.5559
Episode_Reward/gait_feet_spd_perio: 0.4773
Episode_Reward/gait_feet_frc_support_perio: 0.5339
       Episode_Reward/ankle_torque: -0.0408
       Episode_Reward/ankle_action: -0.0029
    Episode_Reward/hip_roll_action: -0.8816
     Episode_Reward/hip_yaw_action: -0.5929
    Episode_Reward/feet_y_distance: -0.0148
--------------------------------------------------------------------------------
                   Total timesteps: 37945344
                    Iteration time: 3.69s
                      Time elapsed: 00:11:53
                               ETA: 04:56:17

################################################################################
                     [1m Learning iteration 193/5000 [0m                      

                       Computation: 53772 steps/s (collection: 2.187s, learning 1.469s)
             Mean action noise std: 0.59
          Mean value_function loss: 0.1180
               Mean surrogate loss: 0.0049
                 Mean entropy loss: 17.1698
                     Mean amp loss: 0.1413
            Mean amp_grad_pen loss: 0.1988
         Mean amp_policy_pred loss: -0.6587
         Mean amp_expert_pred loss: 0.6558
                Mean symmetry loss: 0.0030
                       Mean reward: 94.69
               Mean episode length: 970.16
Episode_Reward/track_lin_vel_xy_exp: 4.1923
Episode_Reward/track_ang_vel_z_exp: 0.2719
       Episode_Reward/lin_vel_z_l2: -0.0152
      Episode_Reward/ang_vel_xy_l2: -0.0333
             Episode_Reward/energy: -0.0442
         Episode_Reward/dof_acc_l2: -0.1314
     Episode_Reward/action_rate_l2: -0.2219
 Episode_Reward/undesired_contacts: -0.0000
Episode_Reward/body_orientation_l2: -0.0190
Episode_Reward/flat_orientation_l2: -0.0114
Episode_Reward/termination_penalty: -0.0116
         Episode_Reward/feet_slide: -0.0143
         Episode_Reward/feet_force: -0.0142
      Episode_Reward/feet_too_near: -0.0095
       Episode_Reward/feet_stumble: 0.0000
     Episode_Reward/dof_pos_limits: -0.0366
Episode_Reward/joint_deviation_hip: -0.0158
Episode_Reward/joint_deviation_arms: -0.0024
Episode_Reward/joint_deviation_legs: -0.0017
Episode_Reward/joint_deviation_waist: -0.0066
Episode_Reward/gait_feet_frc_perio: 1.6551
Episode_Reward/gait_feet_spd_perio: 0.5054
Episode_Reward/gait_feet_frc_support_perio: 0.5682
       Episode_Reward/ankle_torque: -0.0437
       Episode_Reward/ankle_action: -0.0031
    Episode_Reward/hip_roll_action: -0.9324
     Episode_Reward/hip_yaw_action: -0.6139
    Episode_Reward/feet_y_distance: -0.0122
--------------------------------------------------------------------------------
                   Total timesteps: 38141952
                    Iteration time: 3.66s
                      Time elapsed: 00:11:57
                               ETA: 04:56:12

################################################################################
                     [1m Learning iteration 194/5000 [0m                      

                       Computation: 53438 steps/s (collection: 2.187s, learning 1.492s)
             Mean action noise std: 0.59
          Mean value_function loss: 0.1088
               Mean surrogate loss: 0.0054
                 Mean entropy loss: 17.0198
                     Mean amp loss: 0.1405
            Mean amp_grad_pen loss: 0.1997
         Mean amp_policy_pred loss: -0.6582
         Mean amp_expert_pred loss: 0.6584
                Mean symmetry loss: 0.0029
                       Mean reward: 90.23
               Mean episode length: 943.69
Episode_Reward/track_lin_vel_xy_exp: 4.0809
Episode_Reward/track_ang_vel_z_exp: 0.2701
       Episode_Reward/lin_vel_z_l2: -0.0153
      Episode_Reward/ang_vel_xy_l2: -0.0318
             Episode_Reward/energy: -0.0439
         Episode_Reward/dof_acc_l2: -0.1297
     Episode_Reward/action_rate_l2: -0.2165
 Episode_Reward/undesired_contacts: -0.0000
Episode_Reward/body_orientation_l2: -0.0177
Episode_Reward/flat_orientation_l2: -0.0106
Episode_Reward/termination_penalty: -0.0206
         Episode_Reward/feet_slide: -0.0140
         Episode_Reward/feet_force: -0.0144
      Episode_Reward/feet_too_near: -0.0083
       Episode_Reward/feet_stumble: 0.0000
     Episode_Reward/dof_pos_limits: -0.0363
Episode_Reward/joint_deviation_hip: -0.0195
Episode_Reward/joint_deviation_arms: -0.0030
Episode_Reward/joint_deviation_legs: -0.0021
Episode_Reward/joint_deviation_waist: -0.0082
Episode_Reward/gait_feet_frc_perio: 1.5907
Episode_Reward/gait_feet_spd_perio: 0.4796
Episode_Reward/gait_feet_frc_support_perio: 0.5438
       Episode_Reward/ankle_torque: -0.0432
       Episode_Reward/ankle_action: -0.0030
    Episode_Reward/hip_roll_action: -0.9298
     Episode_Reward/hip_yaw_action: -0.5980
    Episode_Reward/feet_y_distance: -0.0146
--------------------------------------------------------------------------------
                   Total timesteps: 38338560
                    Iteration time: 3.68s
                      Time elapsed: 00:12:00
                               ETA: 04:56:08

################################################################################
                     [1m Learning iteration 195/5000 [0m                      

                       Computation: 53311 steps/s (collection: 2.187s, learning 1.501s)
             Mean action noise std: 0.59
          Mean value_function loss: 0.1366
               Mean surrogate loss: 0.0052
                 Mean entropy loss: 16.8999
                     Mean amp loss: 0.1457
            Mean amp_grad_pen loss: 0.2043
         Mean amp_policy_pred loss: -0.6506
         Mean amp_expert_pred loss: 0.6481
                Mean symmetry loss: 0.0028
                       Mean reward: 95.16
               Mean episode length: 962.71
Episode_Reward/track_lin_vel_xy_exp: 4.1824
Episode_Reward/track_ang_vel_z_exp: 0.2806
       Episode_Reward/lin_vel_z_l2: -0.0150
      Episode_Reward/ang_vel_xy_l2: -0.0324
             Episode_Reward/energy: -0.0435
         Episode_Reward/dof_acc_l2: -0.1347
     Episode_Reward/action_rate_l2: -0.2182
 Episode_Reward/undesired_contacts: -0.0000
Episode_Reward/body_orientation_l2: -0.0181
Episode_Reward/flat_orientation_l2: -0.0108
Episode_Reward/termination_penalty: -0.0135
         Episode_Reward/feet_slide: -0.0139
         Episode_Reward/feet_force: -0.0149
      Episode_Reward/feet_too_near: -0.0088
       Episode_Reward/feet_stumble: 0.0000
     Episode_Reward/dof_pos_limits: -0.0362
Episode_Reward/joint_deviation_hip: -0.0194
Episode_Reward/joint_deviation_arms: -0.0029
Episode_Reward/joint_deviation_legs: -0.0021
Episode_Reward/joint_deviation_waist: -0.0085
Episode_Reward/gait_feet_frc_perio: 1.6200
Episode_Reward/gait_feet_spd_perio: 0.4967
Episode_Reward/gait_feet_frc_support_perio: 0.5538
       Episode_Reward/ankle_torque: -0.0425
       Episode_Reward/ankle_action: -0.0030
    Episode_Reward/hip_roll_action: -0.9111
     Episode_Reward/hip_yaw_action: -0.6025
    Episode_Reward/feet_y_distance: -0.0145
--------------------------------------------------------------------------------
                   Total timesteps: 38535168
                    Iteration time: 3.69s
                      Time elapsed: 00:12:04
                               ETA: 04:56:04

################################################################################
                     [1m Learning iteration 196/5000 [0m                      

                       Computation: 53251 steps/s (collection: 2.195s, learning 1.497s)
             Mean action noise std: 0.58
          Mean value_function loss: 0.1429
               Mean surrogate loss: 0.0064
                 Mean entropy loss: 16.7956
                     Mean amp loss: 0.1491
            Mean amp_grad_pen loss: 0.2074
         Mean amp_policy_pred loss: -0.6446
         Mean amp_expert_pred loss: 0.6411
                Mean symmetry loss: 0.0030
                       Mean reward: 95.38
               Mean episode length: 977.98
Episode_Reward/track_lin_vel_xy_exp: 4.1506
Episode_Reward/track_ang_vel_z_exp: 0.2819
       Episode_Reward/lin_vel_z_l2: -0.0152
      Episode_Reward/ang_vel_xy_l2: -0.0320
             Episode_Reward/energy: -0.0439
         Episode_Reward/dof_acc_l2: -0.1368
     Episode_Reward/action_rate_l2: -0.2161
 Episode_Reward/undesired_contacts: -0.0001
Episode_Reward/body_orientation_l2: -0.0178
Episode_Reward/flat_orientation_l2: -0.0107
Episode_Reward/termination_penalty: -0.0152
         Episode_Reward/feet_slide: -0.0141
         Episode_Reward/feet_force: -0.0152
      Episode_Reward/feet_too_near: -0.0087
       Episode_Reward/feet_stumble: 0.0000
     Episode_Reward/dof_pos_limits: -0.0364
Episode_Reward/joint_deviation_hip: -0.0208
Episode_Reward/joint_deviation_arms: -0.0031
Episode_Reward/joint_deviation_legs: -0.0022
Episode_Reward/joint_deviation_waist: -0.0087
Episode_Reward/gait_feet_frc_perio: 1.6036
Episode_Reward/gait_feet_spd_perio: 0.4856
Episode_Reward/gait_feet_frc_support_perio: 0.5474
       Episode_Reward/ankle_torque: -0.0430
       Episode_Reward/ankle_action: -0.0030
    Episode_Reward/hip_roll_action: -0.9161
     Episode_Reward/hip_yaw_action: -0.5976
    Episode_Reward/feet_y_distance: -0.0175
--------------------------------------------------------------------------------
                   Total timesteps: 38731776
                    Iteration time: 3.69s
                      Time elapsed: 00:12:08
                               ETA: 04:56:01

################################################################################
                     [1m Learning iteration 197/5000 [0m                      

                       Computation: 53724 steps/s (collection: 2.184s, learning 1.476s)
             Mean action noise std: 0.58
          Mean value_function loss: 0.1419
               Mean surrogate loss: 0.0072
                 Mean entropy loss: 16.7270
                     Mean amp loss: 0.1534
            Mean amp_grad_pen loss: 0.2067
         Mean amp_policy_pred loss: -0.6358
         Mean amp_expert_pred loss: 0.6385
                Mean symmetry loss: 0.0029
                       Mean reward: 95.82
               Mean episode length: 974.51
Episode_Reward/track_lin_vel_xy_exp: 4.1740
Episode_Reward/track_ang_vel_z_exp: 0.2763
       Episode_Reward/lin_vel_z_l2: -0.0147
      Episode_Reward/ang_vel_xy_l2: -0.0321
             Episode_Reward/energy: -0.0426
         Episode_Reward/dof_acc_l2: -0.1309
     Episode_Reward/action_rate_l2: -0.2144
 Episode_Reward/undesired_contacts: -0.0000
Episode_Reward/body_orientation_l2: -0.0186
Episode_Reward/flat_orientation_l2: -0.0111
Episode_Reward/termination_penalty: -0.0193
         Episode_Reward/feet_slide: -0.0141
         Episode_Reward/feet_force: -0.0151
      Episode_Reward/feet_too_near: -0.0093
       Episode_Reward/feet_stumble: 0.0000
     Episode_Reward/dof_pos_limits: -0.0358
Episode_Reward/joint_deviation_hip: -0.0200
Episode_Reward/joint_deviation_arms: -0.0030
Episode_Reward/joint_deviation_legs: -0.0021
Episode_Reward/joint_deviation_waist: -0.0087
Episode_Reward/gait_feet_frc_perio: 1.6077
Episode_Reward/gait_feet_spd_perio: 0.4979
Episode_Reward/gait_feet_frc_support_perio: 0.5523
       Episode_Reward/ankle_torque: -0.0415
       Episode_Reward/ankle_action: -0.0030
    Episode_Reward/hip_roll_action: -0.8847
     Episode_Reward/hip_yaw_action: -0.5949
    Episode_Reward/feet_y_distance: -0.0156
--------------------------------------------------------------------------------
                   Total timesteps: 38928384
                    Iteration time: 3.66s
                      Time elapsed: 00:12:11
                               ETA: 04:55:56

################################################################################
                     [1m Learning iteration 198/5000 [0m                      

                       Computation: 53543 steps/s (collection: 2.189s, learning 1.483s)
             Mean action noise std: 0.58
          Mean value_function loss: 0.1220
               Mean surrogate loss: 0.0054
                 Mean entropy loss: 16.6218
                     Mean amp loss: 0.1609
            Mean amp_grad_pen loss: 0.2151
         Mean amp_policy_pred loss: -0.6249
         Mean amp_expert_pred loss: 0.6253
                Mean symmetry loss: 0.0027
                       Mean reward: 93.84
               Mean episode length: 961.82
Episode_Reward/track_lin_vel_xy_exp: 4.1299
Episode_Reward/track_ang_vel_z_exp: 0.2799
       Episode_Reward/lin_vel_z_l2: -0.0148
      Episode_Reward/ang_vel_xy_l2: -0.0314
             Episode_Reward/energy: -0.0437
         Episode_Reward/dof_acc_l2: -0.1299
     Episode_Reward/action_rate_l2: -0.2126
 Episode_Reward/undesired_contacts: -0.0001
Episode_Reward/body_orientation_l2: -0.0172
Episode_Reward/flat_orientation_l2: -0.0103
Episode_Reward/termination_penalty: -0.0203
         Episode_Reward/feet_slide: -0.0139
         Episode_Reward/feet_force: -0.0149
      Episode_Reward/feet_too_near: -0.0086
       Episode_Reward/feet_stumble: 0.0000
     Episode_Reward/dof_pos_limits: -0.0364
Episode_Reward/joint_deviation_hip: -0.0221
Episode_Reward/joint_deviation_arms: -0.0033
Episode_Reward/joint_deviation_legs: -0.0023
Episode_Reward/joint_deviation_waist: -0.0095
Episode_Reward/gait_feet_frc_perio: 1.5824
Episode_Reward/gait_feet_spd_perio: 0.4848
Episode_Reward/gait_feet_frc_support_perio: 0.5404
       Episode_Reward/ankle_torque: -0.0426
       Episode_Reward/ankle_action: -0.0030
    Episode_Reward/hip_roll_action: -0.9109
     Episode_Reward/hip_yaw_action: -0.5919
    Episode_Reward/feet_y_distance: -0.0162
--------------------------------------------------------------------------------
                   Total timesteps: 39124992
                    Iteration time: 3.67s
                      Time elapsed: 00:12:15
                               ETA: 04:55:52

################################################################################
                     [1m Learning iteration 199/5000 [0m                      

                       Computation: 53890 steps/s (collection: 2.188s, learning 1.461s)
             Mean action noise std: 0.58
          Mean value_function loss: 0.1766
               Mean surrogate loss: 0.0086
                 Mean entropy loss: 16.5249
                     Mean amp loss: 0.1586
            Mean amp_grad_pen loss: 0.2105
         Mean amp_policy_pred loss: -0.6297
         Mean amp_expert_pred loss: 0.6273
                Mean symmetry loss: 0.0032
                       Mean reward: 94.93
               Mean episode length: 957.24
Episode_Reward/track_lin_vel_xy_exp: 4.1765
Episode_Reward/track_ang_vel_z_exp: 0.2817
       Episode_Reward/lin_vel_z_l2: -0.0146
      Episode_Reward/ang_vel_xy_l2: -0.0316
             Episode_Reward/energy: -0.0440
         Episode_Reward/dof_acc_l2: -0.1280
     Episode_Reward/action_rate_l2: -0.2134
 Episode_Reward/undesired_contacts: -0.0000
Episode_Reward/body_orientation_l2: -0.0175
Episode_Reward/flat_orientation_l2: -0.0105
Episode_Reward/termination_penalty: -0.0159
         Episode_Reward/feet_slide: -0.0141
         Episode_Reward/feet_force: -0.0143
      Episode_Reward/feet_too_near: -0.0094
       Episode_Reward/feet_stumble: 0.0000
     Episode_Reward/dof_pos_limits: -0.0371
Episode_Reward/joint_deviation_hip: -0.0208
Episode_Reward/joint_deviation_arms: -0.0031
Episode_Reward/joint_deviation_legs: -0.0022
Episode_Reward/joint_deviation_waist: -0.0087
Episode_Reward/gait_feet_frc_perio: 1.6131
Episode_Reward/gait_feet_spd_perio: 0.4947
Episode_Reward/gait_feet_frc_support_perio: 0.5528
       Episode_Reward/ankle_torque: -0.0432
       Episode_Reward/ankle_action: -0.0030
    Episode_Reward/hip_roll_action: -0.9130
     Episode_Reward/hip_yaw_action: -0.5959
    Episode_Reward/feet_y_distance: -0.0143
--------------------------------------------------------------------------------
                   Total timesteps: 39321600
                    Iteration time: 3.65s
                      Time elapsed: 00:12:19
                               ETA: 04:55:47

################################################################################
                     [1m Learning iteration 200/5000 [0m                      

                       Computation: 53530 steps/s (collection: 2.185s, learning 1.488s)
             Mean action noise std: 0.58
          Mean value_function loss: 0.1399
               Mean surrogate loss: 0.0054
                 Mean entropy loss: 16.4652
                     Mean amp loss: 0.1621
            Mean amp_grad_pen loss: 0.2153
         Mean amp_policy_pred loss: -0.6208
         Mean amp_expert_pred loss: 0.6255
                Mean symmetry loss: 0.0027
                       Mean reward: 92.96
               Mean episode length: 941.45
Episode_Reward/track_lin_vel_xy_exp: 4.1452
Episode_Reward/track_ang_vel_z_exp: 0.2892
       Episode_Reward/lin_vel_z_l2: -0.0147
      Episode_Reward/ang_vel_xy_l2: -0.0313
             Episode_Reward/energy: -0.0424
         Episode_Reward/dof_acc_l2: -0.1321
     Episode_Reward/action_rate_l2: -0.2092
 Episode_Reward/undesired_contacts: -0.0001
Episode_Reward/body_orientation_l2: -0.0186
Episode_Reward/flat_orientation_l2: -0.0112
Episode_Reward/termination_penalty: -0.0228
         Episode_Reward/feet_slide: -0.0137
         Episode_Reward/feet_force: -0.0147
      Episode_Reward/feet_too_near: -0.0091
       Episode_Reward/feet_stumble: 0.0000
     Episode_Reward/dof_pos_limits: -0.0356
Episode_Reward/joint_deviation_hip: -0.0227
Episode_Reward/joint_deviation_arms: -0.0034
Episode_Reward/joint_deviation_legs: -0.0024
Episode_Reward/joint_deviation_waist: -0.0097
Episode_Reward/gait_feet_frc_perio: 1.5775
Episode_Reward/gait_feet_spd_perio: 0.4949
Episode_Reward/gait_feet_frc_support_perio: 0.5414
       Episode_Reward/ankle_torque: -0.0409
       Episode_Reward/ankle_action: -0.0030
    Episode_Reward/hip_roll_action: -0.8736
     Episode_Reward/hip_yaw_action: -0.5844
    Episode_Reward/feet_y_distance: -0.0156
--------------------------------------------------------------------------------
                   Total timesteps: 39518208
                    Iteration time: 3.67s
                      Time elapsed: 00:12:22
                               ETA: 04:55:43

################################################################################
                     [1m Learning iteration 201/5000 [0m                      

                       Computation: 53459 steps/s (collection: 2.182s, learning 1.496s)
             Mean action noise std: 0.57
          Mean value_function loss: 0.1321
               Mean surrogate loss: 0.0075
                 Mean entropy loss: 16.3479
                     Mean amp loss: 0.1681
            Mean amp_grad_pen loss: 0.2121
         Mean amp_policy_pred loss: -0.6149
         Mean amp_expert_pred loss: 0.6131
                Mean symmetry loss: 0.0030
                       Mean reward: 96.06
               Mean episode length: 980.74
Episode_Reward/track_lin_vel_xy_exp: 4.1893
Episode_Reward/track_ang_vel_z_exp: 0.2914
       Episode_Reward/lin_vel_z_l2: -0.0145
      Episode_Reward/ang_vel_xy_l2: -0.0311
             Episode_Reward/energy: -0.0435
         Episode_Reward/dof_acc_l2: -0.1276
     Episode_Reward/action_rate_l2: -0.2109
 Episode_Reward/undesired_contacts: -0.0000
Episode_Reward/body_orientation_l2: -0.0169
Episode_Reward/flat_orientation_l2: -0.0102
Episode_Reward/termination_penalty: -0.0178
         Episode_Reward/feet_slide: -0.0137
         Episode_Reward/feet_force: -0.0144
      Episode_Reward/feet_too_near: -0.0096
       Episode_Reward/feet_stumble: 0.0000
     Episode_Reward/dof_pos_limits: -0.0371
Episode_Reward/joint_deviation_hip: -0.0237
Episode_Reward/joint_deviation_arms: -0.0035
Episode_Reward/joint_deviation_legs: -0.0025
Episode_Reward/joint_deviation_waist: -0.0101
Episode_Reward/gait_feet_frc_perio: 1.5931
Episode_Reward/gait_feet_spd_perio: 0.4951
Episode_Reward/gait_feet_frc_support_perio: 0.5447
       Episode_Reward/ankle_torque: -0.0427
       Episode_Reward/ankle_action: -0.0030
    Episode_Reward/hip_roll_action: -0.9063
     Episode_Reward/hip_yaw_action: -0.5908
    Episode_Reward/feet_y_distance: -0.0146
--------------------------------------------------------------------------------
                   Total timesteps: 39714816
                    Iteration time: 3.68s
                      Time elapsed: 00:12:26
                               ETA: 04:55:38

################################################################################
                     [1m Learning iteration 202/5000 [0m                      

                       Computation: 53335 steps/s (collection: 2.193s, learning 1.493s)
             Mean action noise std: 0.57
          Mean value_function loss: 0.1456
               Mean surrogate loss: 0.0057
                 Mean entropy loss: 16.2689
                     Mean amp loss: 0.1648
            Mean amp_grad_pen loss: 0.2165
         Mean amp_policy_pred loss: -0.6171
         Mean amp_expert_pred loss: 0.6201
                Mean symmetry loss: 0.0027
                       Mean reward: 97.96
               Mean episode length: 975.38
Episode_Reward/track_lin_vel_xy_exp: 4.2247
Episode_Reward/track_ang_vel_z_exp: 0.2920
       Episode_Reward/lin_vel_z_l2: -0.0147
      Episode_Reward/ang_vel_xy_l2: -0.0312
             Episode_Reward/energy: -0.0429
         Episode_Reward/dof_acc_l2: -0.1283
     Episode_Reward/action_rate_l2: -0.2105
 Episode_Reward/undesired_contacts: -0.0000
Episode_Reward/body_orientation_l2: -0.0179
Episode_Reward/flat_orientation_l2: -0.0107
Episode_Reward/termination_penalty: -0.0193
         Episode_Reward/feet_slide: -0.0135
         Episode_Reward/feet_force: -0.0142
      Episode_Reward/feet_too_near: -0.0092
       Episode_Reward/feet_stumble: 0.0000
     Episode_Reward/dof_pos_limits: -0.0365
Episode_Reward/joint_deviation_hip: -0.0219
Episode_Reward/joint_deviation_arms: -0.0033
Episode_Reward/joint_deviation_legs: -0.0023
Episode_Reward/joint_deviation_waist: -0.0093
Episode_Reward/gait_feet_frc_perio: 1.6073
Episode_Reward/gait_feet_spd_perio: 0.5081
Episode_Reward/gait_feet_frc_support_perio: 0.5518
       Episode_Reward/ankle_torque: -0.0419
       Episode_Reward/ankle_action: -0.0030
    Episode_Reward/hip_roll_action: -0.8878
     Episode_Reward/hip_yaw_action: -0.5888
    Episode_Reward/feet_y_distance: -0.0158
--------------------------------------------------------------------------------
                   Total timesteps: 39911424
                    Iteration time: 3.69s
                      Time elapsed: 00:12:30
                               ETA: 04:55:34

################################################################################
                     [1m Learning iteration 203/5000 [0m                      

                       Computation: 53376 steps/s (collection: 2.183s, learning 1.500s)
             Mean action noise std: 0.57
          Mean value_function loss: 0.1363
               Mean surrogate loss: 0.0046
                 Mean entropy loss: 16.1546
                     Mean amp loss: 0.1742
            Mean amp_grad_pen loss: 0.2192
         Mean amp_policy_pred loss: -0.6044
         Mean amp_expert_pred loss: 0.6046
                Mean symmetry loss: 0.0027
                       Mean reward: 94.80
               Mean episode length: 955.21
Episode_Reward/track_lin_vel_xy_exp: 4.2536
Episode_Reward/track_ang_vel_z_exp: 0.2995
       Episode_Reward/lin_vel_z_l2: -0.0146
      Episode_Reward/ang_vel_xy_l2: -0.0311
             Episode_Reward/energy: -0.0439
         Episode_Reward/dof_acc_l2: -0.1313
     Episode_Reward/action_rate_l2: -0.2121
 Episode_Reward/undesired_contacts: -0.0000
Episode_Reward/body_orientation_l2: -0.0171
Episode_Reward/flat_orientation_l2: -0.0103
Episode_Reward/termination_penalty: -0.0150
         Episode_Reward/feet_slide: -0.0139
         Episode_Reward/feet_force: -0.0146
      Episode_Reward/feet_too_near: -0.0097
       Episode_Reward/feet_stumble: 0.0000
     Episode_Reward/dof_pos_limits: -0.0374
Episode_Reward/joint_deviation_hip: -0.0260
Episode_Reward/joint_deviation_arms: -0.0038
Episode_Reward/joint_deviation_legs: -0.0028
Episode_Reward/joint_deviation_waist: -0.0109
Episode_Reward/gait_feet_frc_perio: 1.6016
Episode_Reward/gait_feet_spd_perio: 0.4995
Episode_Reward/gait_feet_frc_support_perio: 0.5481
       Episode_Reward/ankle_torque: -0.0428
       Episode_Reward/ankle_action: -0.0030
    Episode_Reward/hip_roll_action: -0.9103
     Episode_Reward/hip_yaw_action: -0.5957
    Episode_Reward/feet_y_distance: -0.0152
--------------------------------------------------------------------------------
                   Total timesteps: 40108032
                    Iteration time: 3.68s
                      Time elapsed: 00:12:34
                               ETA: 04:55:30

################################################################################
                     [1m Learning iteration 204/5000 [0m                      

                       Computation: 53371 steps/s (collection: 2.187s, learning 1.496s)
             Mean action noise std: 0.57
          Mean value_function loss: 0.1776
               Mean surrogate loss: 0.0045
                 Mean entropy loss: 16.0519
                     Mean amp loss: 0.1593
            Mean amp_grad_pen loss: 0.2101
         Mean amp_policy_pred loss: -0.6295
         Mean amp_expert_pred loss: 0.6239
                Mean symmetry loss: 0.0027
                       Mean reward: 96.60
               Mean episode length: 950.72
Episode_Reward/track_lin_vel_xy_exp: 4.1703
Episode_Reward/track_ang_vel_z_exp: 0.2872
       Episode_Reward/lin_vel_z_l2: -0.0141
      Episode_Reward/ang_vel_xy_l2: -0.0304
             Episode_Reward/energy: -0.0428
         Episode_Reward/dof_acc_l2: -0.1231
     Episode_Reward/action_rate_l2: -0.2053
 Episode_Reward/undesired_contacts: -0.0001
Episode_Reward/body_orientation_l2: -0.0172
Episode_Reward/flat_orientation_l2: -0.0103
Episode_Reward/termination_penalty: -0.0219
         Episode_Reward/feet_slide: -0.0133
         Episode_Reward/feet_force: -0.0140
      Episode_Reward/feet_too_near: -0.0100
       Episode_Reward/feet_stumble: 0.0000
     Episode_Reward/dof_pos_limits: -0.0365
Episode_Reward/joint_deviation_hip: -0.0189
Episode_Reward/joint_deviation_arms: -0.0028
Episode_Reward/joint_deviation_legs: -0.0020
Episode_Reward/joint_deviation_waist: -0.0079
Episode_Reward/gait_feet_frc_perio: 1.6073
Episode_Reward/gait_feet_spd_perio: 0.5109
Episode_Reward/gait_feet_frc_support_perio: 0.5526
       Episode_Reward/ankle_torque: -0.0418
       Episode_Reward/ankle_action: -0.0030
    Episode_Reward/hip_roll_action: -0.8811
     Episode_Reward/hip_yaw_action: -0.5792
    Episode_Reward/feet_y_distance: -0.0122
--------------------------------------------------------------------------------
                   Total timesteps: 40304640
                    Iteration time: 3.68s
                      Time elapsed: 00:12:37
                               ETA: 04:55:26

################################################################################
                     [1m Learning iteration 205/5000 [0m                      

                       Computation: 53494 steps/s (collection: 2.190s, learning 1.486s)
             Mean action noise std: 0.57
          Mean value_function loss: 0.1758
               Mean surrogate loss: 0.0076
                 Mean entropy loss: 15.9887
                     Mean amp loss: 0.1592
            Mean amp_grad_pen loss: 0.2124
         Mean amp_policy_pred loss: -0.6260
         Mean amp_expert_pred loss: 0.6316
                Mean symmetry loss: 0.0027
                       Mean reward: 95.87
               Mean episode length: 948.13
Episode_Reward/track_lin_vel_xy_exp: 4.1562
Episode_Reward/track_ang_vel_z_exp: 0.2874
       Episode_Reward/lin_vel_z_l2: -0.0140
      Episode_Reward/ang_vel_xy_l2: -0.0301
             Episode_Reward/energy: -0.0418
         Episode_Reward/dof_acc_l2: -0.1194
     Episode_Reward/action_rate_l2: -0.2032
 Episode_Reward/undesired_contacts: -0.0001
Episode_Reward/body_orientation_l2: -0.0172
Episode_Reward/flat_orientation_l2: -0.0103
Episode_Reward/termination_penalty: -0.0218
         Episode_Reward/feet_slide: -0.0133
         Episode_Reward/feet_force: -0.0139
      Episode_Reward/feet_too_near: -0.0098
       Episode_Reward/feet_stumble: 0.0000
     Episode_Reward/dof_pos_limits: -0.0361
Episode_Reward/joint_deviation_hip: -0.0198
Episode_Reward/joint_deviation_arms: -0.0029
Episode_Reward/joint_deviation_legs: -0.0021
Episode_Reward/joint_deviation_waist: -0.0085
Episode_Reward/gait_feet_frc_perio: 1.5906
Episode_Reward/gait_feet_spd_perio: 0.5090
Episode_Reward/gait_feet_frc_support_perio: 0.5479
       Episode_Reward/ankle_torque: -0.0406
       Episode_Reward/ankle_action: -0.0029
    Episode_Reward/hip_roll_action: -0.8564
     Episode_Reward/hip_yaw_action: -0.5703
    Episode_Reward/feet_y_distance: -0.0137
--------------------------------------------------------------------------------
                   Total timesteps: 40501248
                    Iteration time: 3.68s
                      Time elapsed: 00:12:41
                               ETA: 04:55:22

################################################################################
                     [1m Learning iteration 206/5000 [0m                      

                       Computation: 53237 steps/s (collection: 2.186s, learning 1.507s)
             Mean action noise std: 0.56
          Mean value_function loss: 0.1643
               Mean surrogate loss: 0.0064
                 Mean entropy loss: 15.9044
                     Mean amp loss: 0.1702
            Mean amp_grad_pen loss: 0.2157
         Mean amp_policy_pred loss: -0.6148
         Mean amp_expert_pred loss: 0.6099
                Mean symmetry loss: 0.0027
                       Mean reward: 93.92
               Mean episode length: 930.60
Episode_Reward/track_lin_vel_xy_exp: 4.1730
Episode_Reward/track_ang_vel_z_exp: 0.2885
       Episode_Reward/lin_vel_z_l2: -0.0145
      Episode_Reward/ang_vel_xy_l2: -0.0302
             Episode_Reward/energy: -0.0429
         Episode_Reward/dof_acc_l2: -0.1263
     Episode_Reward/action_rate_l2: -0.2040
 Episode_Reward/undesired_contacts: -0.0001
Episode_Reward/body_orientation_l2: -0.0178
Episode_Reward/flat_orientation_l2: -0.0107
Episode_Reward/termination_penalty: -0.0194
         Episode_Reward/feet_slide: -0.0136
         Episode_Reward/feet_force: -0.0142
      Episode_Reward/feet_too_near: -0.0100
       Episode_Reward/feet_stumble: 0.0000
     Episode_Reward/dof_pos_limits: -0.0365
Episode_Reward/joint_deviation_hip: -0.0193
Episode_Reward/joint_deviation_arms: -0.0028
Episode_Reward/joint_deviation_legs: -0.0020
Episode_Reward/joint_deviation_waist: -0.0082
Episode_Reward/gait_feet_frc_perio: 1.6122
Episode_Reward/gait_feet_spd_perio: 0.5145
Episode_Reward/gait_feet_frc_support_perio: 0.5557
       Episode_Reward/ankle_torque: -0.0414
       Episode_Reward/ankle_action: -0.0030
    Episode_Reward/hip_roll_action: -0.8797
     Episode_Reward/hip_yaw_action: -0.5773
    Episode_Reward/feet_y_distance: -0.0142
--------------------------------------------------------------------------------
                   Total timesteps: 40697856
                    Iteration time: 3.69s
                      Time elapsed: 00:12:45
                               ETA: 04:55:19

################################################################################
                     [1m Learning iteration 207/5000 [0m                      

                       Computation: 53432 steps/s (collection: 2.183s, learning 1.497s)
             Mean action noise std: 0.56
          Mean value_function loss: 0.1660
               Mean surrogate loss: 0.0096
                 Mean entropy loss: 15.8273
                     Mean amp loss: 0.1640
            Mean amp_grad_pen loss: 0.2115
         Mean amp_policy_pred loss: -0.6221
         Mean amp_expert_pred loss: 0.6218
                Mean symmetry loss: 0.0029
                       Mean reward: 99.83
               Mean episode length: 976.42
Episode_Reward/track_lin_vel_xy_exp: 4.2851
Episode_Reward/track_ang_vel_z_exp: 0.2999
       Episode_Reward/lin_vel_z_l2: -0.0146
      Episode_Reward/ang_vel_xy_l2: -0.0304
             Episode_Reward/energy: -0.0449
         Episode_Reward/dof_acc_l2: -0.1265
     Episode_Reward/action_rate_l2: -0.2088
 Episode_Reward/undesired_contacts: -0.0000
Episode_Reward/body_orientation_l2: -0.0166
Episode_Reward/flat_orientation_l2: -0.0100
Episode_Reward/termination_penalty: -0.0104
         Episode_Reward/feet_slide: -0.0138
         Episode_Reward/feet_force: -0.0140
      Episode_Reward/feet_too_near: -0.0094
       Episode_Reward/feet_stumble: 0.0000
     Episode_Reward/dof_pos_limits: -0.0383
Episode_Reward/joint_deviation_hip: -0.0219
Episode_Reward/joint_deviation_arms: -0.0032
Episode_Reward/joint_deviation_legs: -0.0023
Episode_Reward/joint_deviation_waist: -0.0092
Episode_Reward/gait_feet_frc_perio: 1.6397
Episode_Reward/gait_feet_spd_perio: 0.5199
Episode_Reward/gait_feet_frc_support_perio: 0.5632
       Episode_Reward/ankle_torque: -0.0434
       Episode_Reward/ankle_action: -0.0030
    Episode_Reward/hip_roll_action: -0.9233
     Episode_Reward/hip_yaw_action: -0.5893
    Episode_Reward/feet_y_distance: -0.0156
--------------------------------------------------------------------------------
                   Total timesteps: 40894464
                    Iteration time: 3.68s
                      Time elapsed: 00:12:48
                               ETA: 04:55:14

################################################################################
                     [1m Learning iteration 208/5000 [0m                      

                       Computation: 53312 steps/s (collection: 2.193s, learning 1.495s)
             Mean action noise std: 0.56
          Mean value_function loss: 0.1666
               Mean surrogate loss: 0.0060
                 Mean entropy loss: 15.7744
                     Mean amp loss: 0.1631
            Mean amp_grad_pen loss: 0.2142
         Mean amp_policy_pred loss: -0.6209
         Mean amp_expert_pred loss: 0.6256
                Mean symmetry loss: 0.0027
                       Mean reward: 96.37
               Mean episode length: 952.76
Episode_Reward/track_lin_vel_xy_exp: 4.1593
Episode_Reward/track_ang_vel_z_exp: 0.2867
       Episode_Reward/lin_vel_z_l2: -0.0142
      Episode_Reward/ang_vel_xy_l2: -0.0299
             Episode_Reward/energy: -0.0428
         Episode_Reward/dof_acc_l2: -0.1230
     Episode_Reward/action_rate_l2: -0.2011
 Episode_Reward/undesired_contacts: -0.0001
Episode_Reward/body_orientation_l2: -0.0172
Episode_Reward/flat_orientation_l2: -0.0103
Episode_Reward/termination_penalty: -0.0202
         Episode_Reward/feet_slide: -0.0135
         Episode_Reward/feet_force: -0.0136
      Episode_Reward/feet_too_near: -0.0094
       Episode_Reward/feet_stumble: 0.0000
     Episode_Reward/dof_pos_limits: -0.0365
Episode_Reward/joint_deviation_hip: -0.0223
Episode_Reward/joint_deviation_arms: -0.0033
Episode_Reward/joint_deviation_legs: -0.0023
Episode_Reward/joint_deviation_waist: -0.0090
Episode_Reward/gait_feet_frc_perio: 1.5838
Episode_Reward/gait_feet_spd_perio: 0.5057
Episode_Reward/gait_feet_frc_support_perio: 0.5456
       Episode_Reward/ankle_torque: -0.0411
       Episode_Reward/ankle_action: -0.0029
    Episode_Reward/hip_roll_action: -0.8706
     Episode_Reward/hip_yaw_action: -0.5695
    Episode_Reward/feet_y_distance: -0.0154
--------------------------------------------------------------------------------
                   Total timesteps: 41091072
                    Iteration time: 3.69s
                      Time elapsed: 00:12:52
                               ETA: 04:55:11

################################################################################
                     [1m Learning iteration 209/5000 [0m                      

                       Computation: 53465 steps/s (collection: 2.184s, learning 1.493s)
             Mean action noise std: 0.56
          Mean value_function loss: 0.1299
               Mean surrogate loss: 0.0057
                 Mean entropy loss: 15.6960
                     Mean amp loss: 0.1667
            Mean amp_grad_pen loss: 0.2122
         Mean amp_policy_pred loss: -0.6215
         Mean amp_expert_pred loss: 0.6129
                Mean symmetry loss: 0.0026
                       Mean reward: 97.66
               Mean episode length: 956.00
Episode_Reward/track_lin_vel_xy_exp: 4.1987
Episode_Reward/track_ang_vel_z_exp: 0.3004
       Episode_Reward/lin_vel_z_l2: -0.0144
      Episode_Reward/ang_vel_xy_l2: -0.0296
             Episode_Reward/energy: -0.0420
         Episode_Reward/dof_acc_l2: -0.1262
     Episode_Reward/action_rate_l2: -0.2014
 Episode_Reward/undesired_contacts: -0.0001
Episode_Reward/body_orientation_l2: -0.0176
Episode_Reward/flat_orientation_l2: -0.0106
Episode_Reward/termination_penalty: -0.0163
         Episode_Reward/feet_slide: -0.0134
         Episode_Reward/feet_force: -0.0143
      Episode_Reward/feet_too_near: -0.0098
       Episode_Reward/feet_stumble: 0.0000
     Episode_Reward/dof_pos_limits: -0.0362
Episode_Reward/joint_deviation_hip: -0.0254
Episode_Reward/joint_deviation_arms: -0.0037
Episode_Reward/joint_deviation_legs: -0.0026
Episode_Reward/joint_deviation_waist: -0.0105
Episode_Reward/gait_feet_frc_perio: 1.5780
Episode_Reward/gait_feet_spd_perio: 0.5073
Episode_Reward/gait_feet_frc_support_perio: 0.5424
       Episode_Reward/ankle_torque: -0.0403
       Episode_Reward/ankle_action: -0.0030
    Episode_Reward/hip_roll_action: -0.8556
     Episode_Reward/hip_yaw_action: -0.5702
    Episode_Reward/feet_y_distance: -0.0149
--------------------------------------------------------------------------------
                   Total timesteps: 41287680
                    Iteration time: 3.68s
                      Time elapsed: 00:12:56
                               ETA: 04:55:06

################################################################################
                     [1m Learning iteration 210/5000 [0m                      

                       Computation: 53354 steps/s (collection: 2.185s, learning 1.500s)
             Mean action noise std: 0.56
          Mean value_function loss: 0.1276
               Mean surrogate loss: 0.0045
                 Mean entropy loss: 15.5775
                     Mean amp loss: 0.1584
            Mean amp_grad_pen loss: 0.2119
         Mean amp_policy_pred loss: -0.6313
         Mean amp_expert_pred loss: 0.6281
                Mean symmetry loss: 0.0028
                       Mean reward: 96.47
               Mean episode length: 940.98
Episode_Reward/track_lin_vel_xy_exp: 4.1422
Episode_Reward/track_ang_vel_z_exp: 0.2802
       Episode_Reward/lin_vel_z_l2: -0.0144
      Episode_Reward/ang_vel_xy_l2: -0.0295
             Episode_Reward/energy: -0.0449
         Episode_Reward/dof_acc_l2: -0.1235
     Episode_Reward/action_rate_l2: -0.1998
 Episode_Reward/undesired_contacts: -0.0001
Episode_Reward/body_orientation_l2: -0.0168
Episode_Reward/flat_orientation_l2: -0.0101
Episode_Reward/termination_penalty: -0.0170
         Episode_Reward/feet_slide: -0.0133
         Episode_Reward/feet_force: -0.0133
      Episode_Reward/feet_too_near: -0.0094
       Episode_Reward/feet_stumble: 0.0000
     Episode_Reward/dof_pos_limits: -0.0377
Episode_Reward/joint_deviation_hip: -0.0173
Episode_Reward/joint_deviation_arms: -0.0025
Episode_Reward/joint_deviation_legs: -0.0018
Episode_Reward/joint_deviation_waist: -0.0071
Episode_Reward/gait_feet_frc_perio: 1.6222
Episode_Reward/gait_feet_spd_perio: 0.5160
Episode_Reward/gait_feet_frc_support_perio: 0.5580
       Episode_Reward/ankle_torque: -0.0429
       Episode_Reward/ankle_action: -0.0030
    Episode_Reward/hip_roll_action: -0.9127
     Episode_Reward/hip_yaw_action: -0.5686
    Episode_Reward/feet_y_distance: -0.0131
--------------------------------------------------------------------------------
                   Total timesteps: 41484288
                    Iteration time: 3.68s
                      Time elapsed: 00:12:59
                               ETA: 04:55:03

################################################################################
                     [1m Learning iteration 211/5000 [0m                      

                       Computation: 53360 steps/s (collection: 2.194s, learning 1.490s)
             Mean action noise std: 0.55
          Mean value_function loss: 0.1490
               Mean surrogate loss: 0.0052
                 Mean entropy loss: 15.4995
                     Mean amp loss: 0.1773
            Mean amp_grad_pen loss: 0.2192
         Mean amp_policy_pred loss: -0.6026
         Mean amp_expert_pred loss: 0.6025
                Mean symmetry loss: 0.0026
                       Mean reward: 100.50
               Mean episode length: 981.53
Episode_Reward/track_lin_vel_xy_exp: 4.1978
Episode_Reward/track_ang_vel_z_exp: 0.2902
       Episode_Reward/lin_vel_z_l2: -0.0147
      Episode_Reward/ang_vel_xy_l2: -0.0295
             Episode_Reward/energy: -0.0443
         Episode_Reward/dof_acc_l2: -0.1221
     Episode_Reward/action_rate_l2: -0.2011
 Episode_Reward/undesired_contacts: -0.0000
Episode_Reward/body_orientation_l2: -0.0169
Episode_Reward/flat_orientation_l2: -0.0101
Episode_Reward/termination_penalty: -0.0154
         Episode_Reward/feet_slide: -0.0137
         Episode_Reward/feet_force: -0.0134
      Episode_Reward/feet_too_near: -0.0105
       Episode_Reward/feet_stumble: 0.0000
     Episode_Reward/dof_pos_limits: -0.0381
Episode_Reward/joint_deviation_hip: -0.0212
Episode_Reward/joint_deviation_arms: -0.0031
Episode_Reward/joint_deviation_legs: -0.0022
Episode_Reward/joint_deviation_waist: -0.0088
Episode_Reward/gait_feet_frc_perio: 1.6194
Episode_Reward/gait_feet_spd_perio: 0.5177
Episode_Reward/gait_feet_frc_support_perio: 0.5572
       Episode_Reward/ankle_torque: -0.0426
       Episode_Reward/ankle_action: -0.0030
    Episode_Reward/hip_roll_action: -0.9046
     Episode_Reward/hip_yaw_action: -0.5750
    Episode_Reward/feet_y_distance: -0.0124
--------------------------------------------------------------------------------
                   Total timesteps: 41680896
                    Iteration time: 3.68s
                      Time elapsed: 00:13:03
                               ETA: 04:54:59

################################################################################
                     [1m Learning iteration 212/5000 [0m                      

                       Computation: 53595 steps/s (collection: 2.198s, learning 1.470s)
             Mean action noise std: 0.55
          Mean value_function loss: 0.1370
               Mean surrogate loss: 0.0070
                 Mean entropy loss: 15.4077
                     Mean amp loss: 0.1748
            Mean amp_grad_pen loss: 0.2170
         Mean amp_policy_pred loss: -0.6092
         Mean amp_expert_pred loss: 0.6037
                Mean symmetry loss: 0.0027
                       Mean reward: 97.36
               Mean episode length: 944.01
Episode_Reward/track_lin_vel_xy_exp: 4.1592
Episode_Reward/track_ang_vel_z_exp: 0.2992
       Episode_Reward/lin_vel_z_l2: -0.0140
      Episode_Reward/ang_vel_xy_l2: -0.0289
             Episode_Reward/energy: -0.0421
         Episode_Reward/dof_acc_l2: -0.1194
     Episode_Reward/action_rate_l2: -0.1959
 Episode_Reward/undesired_contacts: -0.0001
Episode_Reward/body_orientation_l2: -0.0172
Episode_Reward/flat_orientation_l2: -0.0103
Episode_Reward/termination_penalty: -0.0256
         Episode_Reward/feet_slide: -0.0130
         Episode_Reward/feet_force: -0.0134
      Episode_Reward/feet_too_near: -0.0102
       Episode_Reward/feet_stumble: 0.0000
     Episode_Reward/dof_pos_limits: -0.0367
Episode_Reward/joint_deviation_hip: -0.0207
Episode_Reward/joint_deviation_arms: -0.0030
Episode_Reward/joint_deviation_legs: -0.0021
Episode_Reward/joint_deviation_waist: -0.0085
Episode_Reward/gait_feet_frc_perio: 1.5948
Episode_Reward/gait_feet_spd_perio: 0.5242
Episode_Reward/gait_feet_frc_support_perio: 0.5515
       Episode_Reward/ankle_torque: -0.0406
       Episode_Reward/ankle_action: -0.0029
    Episode_Reward/hip_roll_action: -0.8560
     Episode_Reward/hip_yaw_action: -0.5608
    Episode_Reward/feet_y_distance: -0.0148
--------------------------------------------------------------------------------
                   Total timesteps: 41877504
                    Iteration time: 3.67s
                      Time elapsed: 00:13:07
                               ETA: 04:54:54

################################################################################
                     [1m Learning iteration 213/5000 [0m                      

                       Computation: 53148 steps/s (collection: 2.208s, learning 1.491s)
             Mean action noise std: 0.55
          Mean value_function loss: 0.1244
               Mean surrogate loss: 0.0061
                 Mean entropy loss: 15.3487
                     Mean amp loss: 0.1764
            Mean amp_grad_pen loss: 0.2188
         Mean amp_policy_pred loss: -0.6012
         Mean amp_expert_pred loss: 0.6066
                Mean symmetry loss: 0.0026
                       Mean reward: 98.49
               Mean episode length: 956.76
Episode_Reward/track_lin_vel_xy_exp: 4.1797
Episode_Reward/track_ang_vel_z_exp: 0.2870
       Episode_Reward/lin_vel_z_l2: -0.0144
      Episode_Reward/ang_vel_xy_l2: -0.0291
             Episode_Reward/energy: -0.0436
         Episode_Reward/dof_acc_l2: -0.1217
     Episode_Reward/action_rate_l2: -0.1966
 Episode_Reward/undesired_contacts: -0.0001
Episode_Reward/body_orientation_l2: -0.0171
Episode_Reward/flat_orientation_l2: -0.0103
Episode_Reward/termination_penalty: -0.0176
         Episode_Reward/feet_slide: -0.0133
         Episode_Reward/feet_force: -0.0137
      Episode_Reward/feet_too_near: -0.0098
       Episode_Reward/feet_stumble: 0.0000
     Episode_Reward/dof_pos_limits: -0.0373
Episode_Reward/joint_deviation_hip: -0.0205
Episode_Reward/joint_deviation_arms: -0.0030
Episode_Reward/joint_deviation_legs: -0.0021
Episode_Reward/joint_deviation_waist: -0.0084
Episode_Reward/gait_feet_frc_perio: 1.6122
Episode_Reward/gait_feet_spd_perio: 0.5221
Episode_Reward/gait_feet_frc_support_perio: 0.5559
       Episode_Reward/ankle_torque: -0.0417
       Episode_Reward/ankle_action: -0.0030
    Episode_Reward/hip_roll_action: -0.8838
     Episode_Reward/hip_yaw_action: -0.5658
    Episode_Reward/feet_y_distance: -0.0146
--------------------------------------------------------------------------------
                   Total timesteps: 42074112
                    Iteration time: 3.70s
                      Time elapsed: 00:13:10
                               ETA: 04:54:51

################################################################################
                     [1m Learning iteration 214/5000 [0m                      

                       Computation: 53266 steps/s (collection: 2.207s, learning 1.484s)
             Mean action noise std: 0.55
          Mean value_function loss: 0.1412
               Mean surrogate loss: 0.0070
                 Mean entropy loss: 15.2521
                     Mean amp loss: 0.1810
            Mean amp_grad_pen loss: 0.2195
         Mean amp_policy_pred loss: -0.5967
         Mean amp_expert_pred loss: 0.5971
                Mean symmetry loss: 0.0028
                       Mean reward: 95.45
               Mean episode length: 926.92
Episode_Reward/track_lin_vel_xy_exp: 4.1524
Episode_Reward/track_ang_vel_z_exp: 0.2840
       Episode_Reward/lin_vel_z_l2: -0.0143
      Episode_Reward/ang_vel_xy_l2: -0.0287
             Episode_Reward/energy: -0.0441
         Episode_Reward/dof_acc_l2: -0.1218
     Episode_Reward/action_rate_l2: -0.1952
 Episode_Reward/undesired_contacts: -0.0000
Episode_Reward/body_orientation_l2: -0.0173
Episode_Reward/flat_orientation_l2: -0.0104
Episode_Reward/termination_penalty: -0.0148
         Episode_Reward/feet_slide: -0.0135
         Episode_Reward/feet_force: -0.0136
      Episode_Reward/feet_too_near: -0.0098
       Episode_Reward/feet_stumble: 0.0000
     Episode_Reward/dof_pos_limits: -0.0371
Episode_Reward/joint_deviation_hip: -0.0173
Episode_Reward/joint_deviation_arms: -0.0025
Episode_Reward/joint_deviation_legs: -0.0018
Episode_Reward/joint_deviation_waist: -0.0071
Episode_Reward/gait_feet_frc_perio: 1.6235
Episode_Reward/gait_feet_spd_perio: 0.5250
Episode_Reward/gait_feet_frc_support_perio: 0.5600
       Episode_Reward/ankle_torque: -0.0416
       Episode_Reward/ankle_action: -0.0030
    Episode_Reward/hip_roll_action: -0.8857
     Episode_Reward/hip_yaw_action: -0.5621
    Episode_Reward/feet_y_distance: -0.0122
--------------------------------------------------------------------------------
                   Total timesteps: 42270720
                    Iteration time: 3.69s
                      Time elapsed: 00:13:14
                               ETA: 04:54:47

################################################################################
                     [1m Learning iteration 215/5000 [0m                      

                       Computation: 53188 steps/s (collection: 2.204s, learning 1.492s)
             Mean action noise std: 0.55
          Mean value_function loss: 0.1193
               Mean surrogate loss: 0.0053
                 Mean entropy loss: 15.1582
                     Mean amp loss: 0.1748
            Mean amp_grad_pen loss: 0.2170
         Mean amp_policy_pred loss: -0.6076
         Mean amp_expert_pred loss: 0.6030
                Mean symmetry loss: 0.0026
                       Mean reward: 96.53
               Mean episode length: 934.79
Episode_Reward/track_lin_vel_xy_exp: 4.1580
Episode_Reward/track_ang_vel_z_exp: 0.2958
       Episode_Reward/lin_vel_z_l2: -0.0144
      Episode_Reward/ang_vel_xy_l2: -0.0285
             Episode_Reward/energy: -0.0422
         Episode_Reward/dof_acc_l2: -0.1199
     Episode_Reward/action_rate_l2: -0.1928
 Episode_Reward/undesired_contacts: -0.0001
Episode_Reward/body_orientation_l2: -0.0173
Episode_Reward/flat_orientation_l2: -0.0104
Episode_Reward/termination_penalty: -0.0216
         Episode_Reward/feet_slide: -0.0131
         Episode_Reward/feet_force: -0.0139
      Episode_Reward/feet_too_near: -0.0107
       Episode_Reward/feet_stumble: 0.0000
     Episode_Reward/dof_pos_limits: -0.0365
Episode_Reward/joint_deviation_hip: -0.0241
Episode_Reward/joint_deviation_arms: -0.0034
Episode_Reward/joint_deviation_legs: -0.0025
Episode_Reward/joint_deviation_waist: -0.0097
Episode_Reward/gait_feet_frc_perio: 1.5709
Episode_Reward/gait_feet_spd_perio: 0.5113
Episode_Reward/gait_feet_frc_support_perio: 0.5410
       Episode_Reward/ankle_torque: -0.0404
       Episode_Reward/ankle_action: -0.0029
    Episode_Reward/hip_roll_action: -0.8551
     Episode_Reward/hip_yaw_action: -0.5560
    Episode_Reward/feet_y_distance: -0.0135
--------------------------------------------------------------------------------
                   Total timesteps: 42467328
                    Iteration time: 3.70s
                      Time elapsed: 00:13:18
                               ETA: 04:54:43

################################################################################
                     [1m Learning iteration 216/5000 [0m                      

                       Computation: 52976 steps/s (collection: 2.212s, learning 1.499s)
             Mean action noise std: 0.54
          Mean value_function loss: 0.1210
               Mean surrogate loss: 0.0057
                 Mean entropy loss: 15.0382
                     Mean amp loss: 0.1697
            Mean amp_grad_pen loss: 0.2124
         Mean amp_policy_pred loss: -0.6146
         Mean amp_expert_pred loss: 0.6130
                Mean symmetry loss: 0.0028
                       Mean reward: 98.97
               Mean episode length: 943.19
Episode_Reward/track_lin_vel_xy_exp: 4.2445
Episode_Reward/track_ang_vel_z_exp: 0.2931
       Episode_Reward/lin_vel_z_l2: -0.0144
      Episode_Reward/ang_vel_xy_l2: -0.0285
             Episode_Reward/energy: -0.0446
         Episode_Reward/dof_acc_l2: -0.1205
     Episode_Reward/action_rate_l2: -0.1970
 Episode_Reward/undesired_contacts: -0.0001
Episode_Reward/body_orientation_l2: -0.0164
Episode_Reward/flat_orientation_l2: -0.0099
Episode_Reward/termination_penalty: -0.0169
         Episode_Reward/feet_slide: -0.0134
         Episode_Reward/feet_force: -0.0134
      Episode_Reward/feet_too_near: -0.0106
       Episode_Reward/feet_stumble: 0.0000
     Episode_Reward/dof_pos_limits: -0.0382
Episode_Reward/joint_deviation_hip: -0.0184
Episode_Reward/joint_deviation_arms: -0.0026
Episode_Reward/joint_deviation_legs: -0.0019
Episode_Reward/joint_deviation_waist: -0.0075
Episode_Reward/gait_feet_frc_perio: 1.6482
Episode_Reward/gait_feet_spd_perio: 0.5398
Episode_Reward/gait_feet_frc_support_perio: 0.5702
       Episode_Reward/ankle_torque: -0.0422
       Episode_Reward/ankle_action: -0.0030
    Episode_Reward/hip_roll_action: -0.9010
     Episode_Reward/hip_yaw_action: -0.5694
    Episode_Reward/feet_y_distance: -0.0130
--------------------------------------------------------------------------------
                   Total timesteps: 42663936
                    Iteration time: 3.71s
                      Time elapsed: 00:13:21
                               ETA: 04:54:40

################################################################################
                     [1m Learning iteration 217/5000 [0m                      

                       Computation: 53381 steps/s (collection: 2.186s, learning 1.497s)
             Mean action noise std: 0.54
          Mean value_function loss: 0.0934
               Mean surrogate loss: 0.0063
                 Mean entropy loss: 14.9066
                     Mean amp loss: 0.1575
            Mean amp_grad_pen loss: 0.2084
         Mean amp_policy_pred loss: -0.6345
         Mean amp_expert_pred loss: 0.6342
                Mean symmetry loss: 0.0026
                       Mean reward: 100.34
               Mean episode length: 965.36
Episode_Reward/track_lin_vel_xy_exp: 4.2680
Episode_Reward/track_ang_vel_z_exp: 0.2998
       Episode_Reward/lin_vel_z_l2: -0.0150
      Episode_Reward/ang_vel_xy_l2: -0.0290
             Episode_Reward/energy: -0.0451
         Episode_Reward/dof_acc_l2: -0.1252
     Episode_Reward/action_rate_l2: -0.1976
 Episode_Reward/undesired_contacts: -0.0000
Episode_Reward/body_orientation_l2: -0.0176
Episode_Reward/flat_orientation_l2: -0.0106
Episode_Reward/termination_penalty: -0.0089
         Episode_Reward/feet_slide: -0.0136
         Episode_Reward/feet_force: -0.0138
      Episode_Reward/feet_too_near: -0.0095
       Episode_Reward/feet_stumble: 0.0000
     Episode_Reward/dof_pos_limits: -0.0384
Episode_Reward/joint_deviation_hip: -0.0207
Episode_Reward/joint_deviation_arms: -0.0029
Episode_Reward/joint_deviation_legs: -0.0021
Episode_Reward/joint_deviation_waist: -0.0082
Episode_Reward/gait_feet_frc_perio: 1.6465
Episode_Reward/gait_feet_spd_perio: 0.5359
Episode_Reward/gait_feet_frc_support_perio: 0.5682
       Episode_Reward/ankle_torque: -0.0425
       Episode_Reward/ankle_action: -0.0030
    Episode_Reward/hip_roll_action: -0.9055
     Episode_Reward/hip_yaw_action: -0.5710
    Episode_Reward/feet_y_distance: -0.0132
--------------------------------------------------------------------------------
                   Total timesteps: 42860544
                    Iteration time: 3.68s
                      Time elapsed: 00:13:25
                               ETA: 04:54:36

################################################################################
                     [1m Learning iteration 218/5000 [0m                      

                       Computation: 53504 steps/s (collection: 2.182s, learning 1.492s)
             Mean action noise std: 0.54
          Mean value_function loss: 0.1187
               Mean surrogate loss: 0.0073
                 Mean entropy loss: 14.7757
                     Mean amp loss: 0.1670
            Mean amp_grad_pen loss: 0.2134
         Mean amp_policy_pred loss: -0.6173
         Mean amp_expert_pred loss: 0.6225
                Mean symmetry loss: 0.0025
                       Mean reward: 105.33
               Mean episode length: 991.79
Episode_Reward/track_lin_vel_xy_exp: 4.3155
Episode_Reward/track_ang_vel_z_exp: 0.3059
       Episode_Reward/lin_vel_z_l2: -0.0140
      Episode_Reward/ang_vel_xy_l2: -0.0283
             Episode_Reward/energy: -0.0437
         Episode_Reward/dof_acc_l2: -0.1181
     Episode_Reward/action_rate_l2: -0.1962
 Episode_Reward/undesired_contacts: -0.0001
Episode_Reward/body_orientation_l2: -0.0167
Episode_Reward/flat_orientation_l2: -0.0100
Episode_Reward/termination_penalty: -0.0114
         Episode_Reward/feet_slide: -0.0132
         Episode_Reward/feet_force: -0.0133
      Episode_Reward/feet_too_near: -0.0112
       Episode_Reward/feet_stumble: 0.0000
     Episode_Reward/dof_pos_limits: -0.0380
Episode_Reward/joint_deviation_hip: -0.0231
Episode_Reward/joint_deviation_arms: -0.0033
Episode_Reward/joint_deviation_legs: -0.0024
Episode_Reward/joint_deviation_waist: -0.0093
Episode_Reward/gait_feet_frc_perio: 1.6351
Episode_Reward/gait_feet_spd_perio: 0.5398
Episode_Reward/gait_feet_frc_support_perio: 0.5656
       Episode_Reward/ankle_torque: -0.0417
       Episode_Reward/ankle_action: -0.0030
    Episode_Reward/hip_roll_action: -0.8855
     Episode_Reward/hip_yaw_action: -0.5692
    Episode_Reward/feet_y_distance: -0.0125
--------------------------------------------------------------------------------
                   Total timesteps: 43057152
                    Iteration time: 3.67s
                      Time elapsed: 00:13:29
                               ETA: 04:54:32

################################################################################
                     [1m Learning iteration 219/5000 [0m                      

                       Computation: 53510 steps/s (collection: 2.194s, learning 1.481s)
             Mean action noise std: 0.53
          Mean value_function loss: 0.1024
               Mean surrogate loss: 0.0058
                 Mean entropy loss: 14.6584
                     Mean amp loss: 0.1653
            Mean amp_grad_pen loss: 0.2118
         Mean amp_policy_pred loss: -0.6227
         Mean amp_expert_pred loss: 0.6183
                Mean symmetry loss: 0.0026
                       Mean reward: 99.03
               Mean episode length: 938.77
Episode_Reward/track_lin_vel_xy_exp: 4.1763
Episode_Reward/track_ang_vel_z_exp: 0.2920
       Episode_Reward/lin_vel_z_l2: -0.0142
      Episode_Reward/ang_vel_xy_l2: -0.0282
             Episode_Reward/energy: -0.0434
         Episode_Reward/dof_acc_l2: -0.1206
     Episode_Reward/action_rate_l2: -0.1902
 Episode_Reward/undesired_contacts: -0.0001
Episode_Reward/body_orientation_l2: -0.0173
Episode_Reward/flat_orientation_l2: -0.0104
Episode_Reward/termination_penalty: -0.0188
         Episode_Reward/feet_slide: -0.0130
         Episode_Reward/feet_force: -0.0133
      Episode_Reward/feet_too_near: -0.0103
       Episode_Reward/feet_stumble: 0.0000
     Episode_Reward/dof_pos_limits: -0.0372
Episode_Reward/joint_deviation_hip: -0.0175
Episode_Reward/joint_deviation_arms: -0.0025
Episode_Reward/joint_deviation_legs: -0.0018
Episode_Reward/joint_deviation_waist: -0.0071
Episode_Reward/gait_feet_frc_perio: 1.6276
Episode_Reward/gait_feet_spd_perio: 0.5399
Episode_Reward/gait_feet_frc_support_perio: 0.5638
       Episode_Reward/ankle_torque: -0.0410
       Episode_Reward/ankle_action: -0.0030
    Episode_Reward/hip_roll_action: -0.8708
     Episode_Reward/hip_yaw_action: -0.5542
    Episode_Reward/feet_y_distance: -0.0132
--------------------------------------------------------------------------------
                   Total timesteps: 43253760
                    Iteration time: 3.67s
                      Time elapsed: 00:13:33
                               ETA: 04:54:28

################################################################################
                     [1m Learning iteration 220/5000 [0m                      

                       Computation: 53462 steps/s (collection: 2.186s, learning 1.491s)
             Mean action noise std: 0.53
          Mean value_function loss: 0.1095
               Mean surrogate loss: 0.0054
                 Mean entropy loss: 14.5272
                     Mean amp loss: 0.1678
            Mean amp_grad_pen loss: 0.2133
         Mean amp_policy_pred loss: -0.6160
         Mean amp_expert_pred loss: 0.6171
                Mean symmetry loss: 0.0026
                       Mean reward: 100.96
               Mean episode length: 960.18
Episode_Reward/track_lin_vel_xy_exp: 4.2942
Episode_Reward/track_ang_vel_z_exp: 0.3134
       Episode_Reward/lin_vel_z_l2: -0.0144
      Episode_Reward/ang_vel_xy_l2: -0.0282
             Episode_Reward/energy: -0.0429
         Episode_Reward/dof_acc_l2: -0.1239
     Episode_Reward/action_rate_l2: -0.1928
 Episode_Reward/undesired_contacts: -0.0000
Episode_Reward/body_orientation_l2: -0.0172
Episode_Reward/flat_orientation_l2: -0.0103
Episode_Reward/termination_penalty: -0.0099
         Episode_Reward/feet_slide: -0.0133
         Episode_Reward/feet_force: -0.0137
      Episode_Reward/feet_too_near: -0.0110
       Episode_Reward/feet_stumble: 0.0000
     Episode_Reward/dof_pos_limits: -0.0371
Episode_Reward/joint_deviation_hip: -0.0267
Episode_Reward/joint_deviation_arms: -0.0038
Episode_Reward/joint_deviation_legs: -0.0028
Episode_Reward/joint_deviation_waist: -0.0105
Episode_Reward/gait_feet_frc_perio: 1.6058
Episode_Reward/gait_feet_spd_perio: 0.5328
Episode_Reward/gait_feet_frc_support_perio: 0.5554
       Episode_Reward/ankle_torque: -0.0403
       Episode_Reward/ankle_action: -0.0030
    Episode_Reward/hip_roll_action: -0.8629
     Episode_Reward/hip_yaw_action: -0.5618
    Episode_Reward/feet_y_distance: -0.0144
--------------------------------------------------------------------------------
                   Total timesteps: 43450368
                    Iteration time: 3.68s
                      Time elapsed: 00:13:36
                               ETA: 04:54:23

################################################################################
                     [1m Learning iteration 221/5000 [0m                      

                       Computation: 53648 steps/s (collection: 2.181s, learning 1.484s)
             Mean action noise std: 0.53
          Mean value_function loss: 0.1168
               Mean surrogate loss: 0.0060
                 Mean entropy loss: 14.4114
                     Mean amp loss: 0.1726
            Mean amp_grad_pen loss: 0.2143
         Mean amp_policy_pred loss: -0.6128
         Mean amp_expert_pred loss: 0.6082
                Mean symmetry loss: 0.0026
                       Mean reward: 104.75
               Mean episode length: 986.69
Episode_Reward/track_lin_vel_xy_exp: 4.2442
Episode_Reward/track_ang_vel_z_exp: 0.3013
       Episode_Reward/lin_vel_z_l2: -0.0145
      Episode_Reward/ang_vel_xy_l2: -0.0281
             Episode_Reward/energy: -0.0454
         Episode_Reward/dof_acc_l2: -0.1184
     Episode_Reward/action_rate_l2: -0.1926
 Episode_Reward/undesired_contacts: -0.0000
Episode_Reward/body_orientation_l2: -0.0172
Episode_Reward/flat_orientation_l2: -0.0103
Episode_Reward/termination_penalty: -0.0099
         Episode_Reward/feet_slide: -0.0135
         Episode_Reward/feet_force: -0.0132
      Episode_Reward/feet_too_near: -0.0105
       Episode_Reward/feet_stumble: 0.0000
     Episode_Reward/dof_pos_limits: -0.0380
Episode_Reward/joint_deviation_hip: -0.0186
Episode_Reward/joint_deviation_arms: -0.0027
Episode_Reward/joint_deviation_legs: -0.0019
Episode_Reward/joint_deviation_waist: -0.0072
Episode_Reward/gait_feet_frc_perio: 1.6553
Episode_Reward/gait_feet_spd_perio: 0.5449
Episode_Reward/gait_feet_frc_support_perio: 0.5728
       Episode_Reward/ankle_torque: -0.0421
       Episode_Reward/ankle_action: -0.0030
    Episode_Reward/hip_roll_action: -0.9028
     Episode_Reward/hip_yaw_action: -0.5621
    Episode_Reward/feet_y_distance: -0.0121
--------------------------------------------------------------------------------
                   Total timesteps: 43646976
                    Iteration time: 3.66s
                      Time elapsed: 00:13:40
                               ETA: 04:54:19

################################################################################
                     [1m Learning iteration 222/5000 [0m                      

                       Computation: 53179 steps/s (collection: 2.197s, learning 1.500s)
             Mean action noise std: 0.53
          Mean value_function loss: 0.0920
               Mean surrogate loss: 0.0066
                 Mean entropy loss: 14.2887
                     Mean amp loss: 0.1619
            Mean amp_grad_pen loss: 0.2087
         Mean amp_policy_pred loss: -0.6299
         Mean amp_expert_pred loss: 0.6217
                Mean symmetry loss: 0.0024
                       Mean reward: 103.38
               Mean episode length: 990.59
Episode_Reward/track_lin_vel_xy_exp: 4.2736
Episode_Reward/track_ang_vel_z_exp: 0.3167
       Episode_Reward/lin_vel_z_l2: -0.0146
      Episode_Reward/ang_vel_xy_l2: -0.0277
             Episode_Reward/energy: -0.0450
         Episode_Reward/dof_acc_l2: -0.1186
     Episode_Reward/action_rate_l2: -0.1919
 Episode_Reward/undesired_contacts: -0.0000
Episode_Reward/body_orientation_l2: -0.0161
Episode_Reward/flat_orientation_l2: -0.0097
Episode_Reward/termination_penalty: -0.0109
         Episode_Reward/feet_slide: -0.0133
         Episode_Reward/feet_force: -0.0136
      Episode_Reward/feet_too_near: -0.0101
       Episode_Reward/feet_stumble: 0.0000
     Episode_Reward/dof_pos_limits: -0.0383
Episode_Reward/joint_deviation_hip: -0.0259
Episode_Reward/joint_deviation_arms: -0.0037
Episode_Reward/joint_deviation_legs: -0.0027
Episode_Reward/joint_deviation_waist: -0.0101
Episode_Reward/gait_feet_frc_perio: 1.6091
Episode_Reward/gait_feet_spd_perio: 0.5312
Episode_Reward/gait_feet_frc_support_perio: 0.5559
       Episode_Reward/ankle_torque: -0.0418
       Episode_Reward/ankle_action: -0.0030
    Episode_Reward/hip_roll_action: -0.9003
     Episode_Reward/hip_yaw_action: -0.5608
    Episode_Reward/feet_y_distance: -0.0150
--------------------------------------------------------------------------------
                   Total timesteps: 43843584
                    Iteration time: 3.70s
                      Time elapsed: 00:13:44
                               ETA: 04:54:15

################################################################################
                     [1m Learning iteration 223/5000 [0m                      

                       Computation: 53263 steps/s (collection: 2.188s, learning 1.503s)
             Mean action noise std: 0.52
          Mean value_function loss: 0.1248
               Mean surrogate loss: 0.0063
                 Mean entropy loss: 14.1484
                     Mean amp loss: 0.1738
            Mean amp_grad_pen loss: 0.2138
         Mean amp_policy_pred loss: -0.6142
         Mean amp_expert_pred loss: 0.6161
                Mean symmetry loss: 0.0024
                       Mean reward: 102.28
               Mean episode length: 963.65
Episode_Reward/track_lin_vel_xy_exp: 4.2736
Episode_Reward/track_ang_vel_z_exp: 0.3068
       Episode_Reward/lin_vel_z_l2: -0.0145
      Episode_Reward/ang_vel_xy_l2: -0.0278
             Episode_Reward/energy: -0.0447
         Episode_Reward/dof_acc_l2: -0.1171
     Episode_Reward/action_rate_l2: -0.1903
 Episode_Reward/undesired_contacts: -0.0000
Episode_Reward/body_orientation_l2: -0.0172
Episode_Reward/flat_orientation_l2: -0.0103
Episode_Reward/termination_penalty: -0.0129
         Episode_Reward/feet_slide: -0.0134
         Episode_Reward/feet_force: -0.0133
      Episode_Reward/feet_too_near: -0.0111
       Episode_Reward/feet_stumble: 0.0000
     Episode_Reward/dof_pos_limits: -0.0382
Episode_Reward/joint_deviation_hip: -0.0197
Episode_Reward/joint_deviation_arms: -0.0028
Episode_Reward/joint_deviation_legs: -0.0020
Episode_Reward/joint_deviation_waist: -0.0078
Episode_Reward/gait_feet_frc_perio: 1.6530
Episode_Reward/gait_feet_spd_perio: 0.5524
Episode_Reward/gait_feet_frc_support_perio: 0.5741
       Episode_Reward/ankle_torque: -0.0417
       Episode_Reward/ankle_action: -0.0030
    Episode_Reward/hip_roll_action: -0.8890
     Episode_Reward/hip_yaw_action: -0.5591
    Episode_Reward/feet_y_distance: -0.0134
--------------------------------------------------------------------------------
                   Total timesteps: 44040192
                    Iteration time: 3.69s
                      Time elapsed: 00:13:47
                               ETA: 04:54:12

################################################################################
                     [1m Learning iteration 224/5000 [0m                      

                       Computation: 53053 steps/s (collection: 2.191s, learning 1.515s)
             Mean action noise std: 0.52
          Mean value_function loss: 0.0925
               Mean surrogate loss: 0.0088
                 Mean entropy loss: 14.0934
                     Mean amp loss: 0.1676
            Mean amp_grad_pen loss: 0.2145
         Mean amp_policy_pred loss: -0.6144
         Mean amp_expert_pred loss: 0.6229
                Mean symmetry loss: 0.0024
                       Mean reward: 101.89
               Mean episode length: 956.42
Episode_Reward/track_lin_vel_xy_exp: 4.2834
Episode_Reward/track_ang_vel_z_exp: 0.3019
       Episode_Reward/lin_vel_z_l2: -0.0141
      Episode_Reward/ang_vel_xy_l2: -0.0276
             Episode_Reward/energy: -0.0444
         Episode_Reward/dof_acc_l2: -0.1182
     Episode_Reward/action_rate_l2: -0.1891
 Episode_Reward/undesired_contacts: -0.0000
Episode_Reward/body_orientation_l2: -0.0175
Episode_Reward/flat_orientation_l2: -0.0105
Episode_Reward/termination_penalty: -0.0113
         Episode_Reward/feet_slide: -0.0134
         Episode_Reward/feet_force: -0.0130
      Episode_Reward/feet_too_near: -0.0119
       Episode_Reward/feet_stumble: 0.0000
     Episode_Reward/dof_pos_limits: -0.0378
Episode_Reward/joint_deviation_hip: -0.0175
Episode_Reward/joint_deviation_arms: -0.0024
Episode_Reward/joint_deviation_legs: -0.0018
Episode_Reward/joint_deviation_waist: -0.0069
Episode_Reward/gait_feet_frc_perio: 1.6668
Episode_Reward/gait_feet_spd_perio: 0.5597
Episode_Reward/gait_feet_frc_support_perio: 0.5796
       Episode_Reward/ankle_torque: -0.0409
       Episode_Reward/ankle_action: -0.0030
    Episode_Reward/hip_roll_action: -0.8760
     Episode_Reward/hip_yaw_action: -0.5564
    Episode_Reward/feet_y_distance: -0.0117
--------------------------------------------------------------------------------
                   Total timesteps: 44236800
                    Iteration time: 3.71s
                      Time elapsed: 00:13:51
                               ETA: 04:54:08

################################################################################
                     [1m Learning iteration 225/5000 [0m                      

                       Computation: 53214 steps/s (collection: 2.202s, learning 1.493s)
             Mean action noise std: 0.52
          Mean value_function loss: 0.0938
               Mean surrogate loss: 0.0074
                 Mean entropy loss: 13.9974
                     Mean amp loss: 0.1681
            Mean amp_grad_pen loss: 0.2164
         Mean amp_policy_pred loss: -0.6158
         Mean amp_expert_pred loss: 0.6186
                Mean symmetry loss: 0.0023
                       Mean reward: 103.04
               Mean episode length: 971.88
Episode_Reward/track_lin_vel_xy_exp: 4.3181
Episode_Reward/track_ang_vel_z_exp: 0.3044
       Episode_Reward/lin_vel_z_l2: -0.0140
      Episode_Reward/ang_vel_xy_l2: -0.0273
             Episode_Reward/energy: -0.0446
         Episode_Reward/dof_acc_l2: -0.1186
     Episode_Reward/action_rate_l2: -0.1896
 Episode_Reward/undesired_contacts: -0.0000
Episode_Reward/body_orientation_l2: -0.0162
Episode_Reward/flat_orientation_l2: -0.0097
Episode_Reward/termination_penalty: -0.0061
         Episode_Reward/feet_slide: -0.0134
         Episode_Reward/feet_force: -0.0134
      Episode_Reward/feet_too_near: -0.0121
       Episode_Reward/feet_stumble: 0.0000
     Episode_Reward/dof_pos_limits: -0.0380
Episode_Reward/joint_deviation_hip: -0.0223
Episode_Reward/joint_deviation_arms: -0.0031
Episode_Reward/joint_deviation_legs: -0.0023
Episode_Reward/joint_deviation_waist: -0.0087
Episode_Reward/gait_feet_frc_perio: 1.6424
Episode_Reward/gait_feet_spd_perio: 0.5517
Episode_Reward/gait_feet_frc_support_perio: 0.5717
       Episode_Reward/ankle_torque: -0.0411
       Episode_Reward/ankle_action: -0.0030
    Episode_Reward/hip_roll_action: -0.8863
     Episode_Reward/hip_yaw_action: -0.5576
    Episode_Reward/feet_y_distance: -0.0119
--------------------------------------------------------------------------------
                   Total timesteps: 44433408
                    Iteration time: 3.69s
                      Time elapsed: 00:13:55
                               ETA: 04:54:04

################################################################################
                     [1m Learning iteration 226/5000 [0m                      

                       Computation: 53105 steps/s (collection: 2.190s, learning 1.513s)
             Mean action noise std: 0.52
          Mean value_function loss: 0.1132
               Mean surrogate loss: 0.0054
                 Mean entropy loss: 13.8692
                     Mean amp loss: 0.1696
            Mean amp_grad_pen loss: 0.2154
         Mean amp_policy_pred loss: -0.6140
         Mean amp_expert_pred loss: 0.6134
                Mean symmetry loss: 0.0023
                       Mean reward: 105.09
               Mean episode length: 980.14
Episode_Reward/track_lin_vel_xy_exp: 4.2653
Episode_Reward/track_ang_vel_z_exp: 0.3100
       Episode_Reward/lin_vel_z_l2: -0.0135
      Episode_Reward/ang_vel_xy_l2: -0.0266
             Episode_Reward/energy: -0.0437
         Episode_Reward/dof_acc_l2: -0.1158
     Episode_Reward/action_rate_l2: -0.1854
 Episode_Reward/undesired_contacts: -0.0000
Episode_Reward/body_orientation_l2: -0.0156
Episode_Reward/flat_orientation_l2: -0.0094
Episode_Reward/termination_penalty: -0.0104
         Episode_Reward/feet_slide: -0.0131
         Episode_Reward/feet_force: -0.0128
      Episode_Reward/feet_too_near: -0.0116
       Episode_Reward/feet_stumble: 0.0000
     Episode_Reward/dof_pos_limits: -0.0379
Episode_Reward/joint_deviation_hip: -0.0209
Episode_Reward/joint_deviation_arms: -0.0029
Episode_Reward/joint_deviation_legs: -0.0021
Episode_Reward/joint_deviation_waist: -0.0082
Episode_Reward/gait_feet_frc_perio: 1.6238
Episode_Reward/gait_feet_spd_perio: 0.5512
Episode_Reward/gait_feet_frc_support_perio: 0.5661
       Episode_Reward/ankle_torque: -0.0403
       Episode_Reward/ankle_action: -0.0029
    Episode_Reward/hip_roll_action: -0.8713
     Episode_Reward/hip_yaw_action: -0.5487
    Episode_Reward/feet_y_distance: -0.0117
--------------------------------------------------------------------------------
                   Total timesteps: 44630016
                    Iteration time: 3.70s
                      Time elapsed: 00:13:58
                               ETA: 04:54:01

################################################################################
                     [1m Learning iteration 227/5000 [0m                      

                       Computation: 53568 steps/s (collection: 2.188s, learning 1.483s)
             Mean action noise std: 0.52
          Mean value_function loss: 0.0845
               Mean surrogate loss: 0.0073
                 Mean entropy loss: 13.7614
                     Mean amp loss: 0.1759
            Mean amp_grad_pen loss: 0.2190
         Mean amp_policy_pred loss: -0.6032
         Mean amp_expert_pred loss: 0.6056
                Mean symmetry loss: 0.0024
                       Mean reward: 106.31
               Mean episode length: 984.99
Episode_Reward/track_lin_vel_xy_exp: 4.3531
Episode_Reward/track_ang_vel_z_exp: 0.3147
       Episode_Reward/lin_vel_z_l2: -0.0142
      Episode_Reward/ang_vel_xy_l2: -0.0269
             Episode_Reward/energy: -0.0445
         Episode_Reward/dof_acc_l2: -0.1198
     Episode_Reward/action_rate_l2: -0.1882
 Episode_Reward/undesired_contacts: -0.0000
Episode_Reward/body_orientation_l2: -0.0164
Episode_Reward/flat_orientation_l2: -0.0098
Episode_Reward/termination_penalty: -0.0072
         Episode_Reward/feet_slide: -0.0133
         Episode_Reward/feet_force: -0.0131
      Episode_Reward/feet_too_near: -0.0114
       Episode_Reward/feet_stumble: 0.0000
     Episode_Reward/dof_pos_limits: -0.0386
Episode_Reward/joint_deviation_hip: -0.0232
Episode_Reward/joint_deviation_arms: -0.0033
Episode_Reward/joint_deviation_legs: -0.0024
Episode_Reward/joint_deviation_waist: -0.0089
Episode_Reward/gait_feet_frc_perio: 1.6448
Episode_Reward/gait_feet_spd_perio: 0.5574
Episode_Reward/gait_feet_frc_support_perio: 0.5714
       Episode_Reward/ankle_torque: -0.0410
       Episode_Reward/ankle_action: -0.0030
    Episode_Reward/hip_roll_action: -0.8847
     Episode_Reward/hip_yaw_action: -0.5547
    Episode_Reward/feet_y_distance: -0.0134
--------------------------------------------------------------------------------
                   Total timesteps: 44826624
                    Iteration time: 3.67s
                      Time elapsed: 00:14:02
                               ETA: 04:53:57

################################################################################
                     [1m Learning iteration 228/5000 [0m                      

                       Computation: 53798 steps/s (collection: 2.191s, learning 1.463s)
             Mean action noise std: 0.51
          Mean value_function loss: 0.0977
               Mean surrogate loss: 0.0067
                 Mean entropy loss: 13.6475
                     Mean amp loss: 0.1802
            Mean amp_grad_pen loss: 0.2229
         Mean amp_policy_pred loss: -0.5996
         Mean amp_expert_pred loss: 0.5956
                Mean symmetry loss: 0.0023
                       Mean reward: 104.58
               Mean episode length: 974.90
Episode_Reward/track_lin_vel_xy_exp: 4.2950
Episode_Reward/track_ang_vel_z_exp: 0.2967
       Episode_Reward/lin_vel_z_l2: -0.0137
      Episode_Reward/ang_vel_xy_l2: -0.0265
             Episode_Reward/energy: -0.0442
         Episode_Reward/dof_acc_l2: -0.1094
     Episode_Reward/action_rate_l2: -0.1847
 Episode_Reward/undesired_contacts: -0.0000
Episode_Reward/body_orientation_l2: -0.0160
Episode_Reward/flat_orientation_l2: -0.0096
Episode_Reward/termination_penalty: -0.0111
         Episode_Reward/feet_slide: -0.0130
         Episode_Reward/feet_force: -0.0124
      Episode_Reward/feet_too_near: -0.0123
       Episode_Reward/feet_stumble: 0.0000
     Episode_Reward/dof_pos_limits: -0.0385
Episode_Reward/joint_deviation_hip: -0.0190
Episode_Reward/joint_deviation_arms: -0.0027
Episode_Reward/joint_deviation_legs: -0.0019
Episode_Reward/joint_deviation_waist: -0.0072
Episode_Reward/gait_feet_frc_perio: 1.6551
Episode_Reward/gait_feet_spd_perio: 0.5650
Episode_Reward/gait_feet_frc_support_perio: 0.5779
       Episode_Reward/ankle_torque: -0.0408
       Episode_Reward/ankle_action: -0.0030
    Episode_Reward/hip_roll_action: -0.8764
     Episode_Reward/hip_yaw_action: -0.5494
    Episode_Reward/feet_y_distance: -0.0104
--------------------------------------------------------------------------------
                   Total timesteps: 45023232
                    Iteration time: 3.65s
                      Time elapsed: 00:14:06
                               ETA: 04:53:52

################################################################################
                     [1m Learning iteration 229/5000 [0m                      

                       Computation: 53597 steps/s (collection: 2.186s, learning 1.482s)
             Mean action noise std: 0.51
          Mean value_function loss: 0.1086
               Mean surrogate loss: 0.0065
                 Mean entropy loss: 13.5291
                     Mean amp loss: 0.1876
            Mean amp_grad_pen loss: 0.2217
         Mean amp_policy_pred loss: -0.5873
         Mean amp_expert_pred loss: 0.5871
                Mean symmetry loss: 0.0023
                       Mean reward: 102.03
               Mean episode length: 949.93
Episode_Reward/track_lin_vel_xy_exp: 4.2867
Episode_Reward/track_ang_vel_z_exp: 0.3065
       Episode_Reward/lin_vel_z_l2: -0.0137
      Episode_Reward/ang_vel_xy_l2: -0.0261
             Episode_Reward/energy: -0.0451
         Episode_Reward/dof_acc_l2: -0.1164
     Episode_Reward/action_rate_l2: -0.1832
 Episode_Reward/undesired_contacts: -0.0000
Episode_Reward/body_orientation_l2: -0.0151
Episode_Reward/flat_orientation_l2: -0.0091
Episode_Reward/termination_penalty: -0.0094
         Episode_Reward/feet_slide: -0.0132
         Episode_Reward/feet_force: -0.0125
      Episode_Reward/feet_too_near: -0.0110
       Episode_Reward/feet_stumble: 0.0000
     Episode_Reward/dof_pos_limits: -0.0385
Episode_Reward/joint_deviation_hip: -0.0213
Episode_Reward/joint_deviation_arms: -0.0030
Episode_Reward/joint_deviation_legs: -0.0022
Episode_Reward/joint_deviation_waist: -0.0082
Episode_Reward/gait_feet_frc_perio: 1.6302
Episode_Reward/gait_feet_spd_perio: 0.5520
Episode_Reward/gait_feet_frc_support_perio: 0.5678
       Episode_Reward/ankle_torque: -0.0410
       Episode_Reward/ankle_action: -0.0029
    Episode_Reward/hip_roll_action: -0.8875
     Episode_Reward/hip_yaw_action: -0.5451
    Episode_Reward/feet_y_distance: -0.0127
--------------------------------------------------------------------------------
                   Total timesteps: 45219840
                    Iteration time: 3.67s
                      Time elapsed: 00:14:09
                               ETA: 04:53:48

################################################################################
                     [1m Learning iteration 230/5000 [0m                      

                       Computation: 53258 steps/s (collection: 2.194s, learning 1.498s)
             Mean action noise std: 0.51
          Mean value_function loss: 0.0927
               Mean surrogate loss: 0.0085
                 Mean entropy loss: 13.4652
                     Mean amp loss: 0.1805
            Mean amp_grad_pen loss: 0.2218
         Mean amp_policy_pred loss: -0.6043
         Mean amp_expert_pred loss: 0.5900
                Mean symmetry loss: 0.0023
                       Mean reward: 104.84
               Mean episode length: 976.23
Episode_Reward/track_lin_vel_xy_exp: 4.3489
Episode_Reward/track_ang_vel_z_exp: 0.3105
       Episode_Reward/lin_vel_z_l2: -0.0137
      Episode_Reward/ang_vel_xy_l2: -0.0265
             Episode_Reward/energy: -0.0441
         Episode_Reward/dof_acc_l2: -0.1144
     Episode_Reward/action_rate_l2: -0.1845
 Episode_Reward/undesired_contacts: -0.0000
Episode_Reward/body_orientation_l2: -0.0166
Episode_Reward/flat_orientation_l2: -0.0100
Episode_Reward/termination_penalty: -0.0058
         Episode_Reward/feet_slide: -0.0130
         Episode_Reward/feet_force: -0.0126
      Episode_Reward/feet_too_near: -0.0114
       Episode_Reward/feet_stumble: 0.0000
     Episode_Reward/dof_pos_limits: -0.0379
Episode_Reward/joint_deviation_hip: -0.0244
Episode_Reward/joint_deviation_arms: -0.0034
Episode_Reward/joint_deviation_legs: -0.0025
Episode_Reward/joint_deviation_waist: -0.0093
Episode_Reward/gait_feet_frc_perio: 1.6376
Episode_Reward/gait_feet_spd_perio: 0.5597
Episode_Reward/gait_feet_frc_support_perio: 0.5693
       Episode_Reward/ankle_torque: -0.0402
       Episode_Reward/ankle_action: -0.0030
    Episode_Reward/hip_roll_action: -0.8684
     Episode_Reward/hip_yaw_action: -0.5485
    Episode_Reward/feet_y_distance: -0.0126
--------------------------------------------------------------------------------
                   Total timesteps: 45416448
                    Iteration time: 3.69s
                      Time elapsed: 00:14:13
                               ETA: 04:53:44

################################################################################
                     [1m Learning iteration 231/5000 [0m                      

                       Computation: 53113 steps/s (collection: 2.194s, learning 1.508s)
             Mean action noise std: 0.51
          Mean value_function loss: 0.0876
               Mean surrogate loss: 0.0077
                 Mean entropy loss: 13.3809
                     Mean amp loss: 0.1834
            Mean amp_grad_pen loss: 0.2189
         Mean amp_policy_pred loss: -0.5938
         Mean amp_expert_pred loss: 0.5931
                Mean symmetry loss: 0.0023
                       Mean reward: 104.91
               Mean episode length: 969.38
Episode_Reward/track_lin_vel_xy_exp: 4.3143
Episode_Reward/track_ang_vel_z_exp: 0.3031
       Episode_Reward/lin_vel_z_l2: -0.0136
      Episode_Reward/ang_vel_xy_l2: -0.0261
             Episode_Reward/energy: -0.0451
         Episode_Reward/dof_acc_l2: -0.1140
     Episode_Reward/action_rate_l2: -0.1824
 Episode_Reward/undesired_contacts: -0.0000
Episode_Reward/body_orientation_l2: -0.0160
Episode_Reward/flat_orientation_l2: -0.0096
Episode_Reward/termination_penalty: -0.0078
         Episode_Reward/feet_slide: -0.0130
         Episode_Reward/feet_force: -0.0128
      Episode_Reward/feet_too_near: -0.0119
       Episode_Reward/feet_stumble: 0.0000
     Episode_Reward/dof_pos_limits: -0.0383
Episode_Reward/joint_deviation_hip: -0.0193
Episode_Reward/joint_deviation_arms: -0.0027
Episode_Reward/joint_deviation_legs: -0.0019
Episode_Reward/joint_deviation_waist: -0.0073
Episode_Reward/gait_feet_frc_perio: 1.6569
Episode_Reward/gait_feet_spd_perio: 0.5674
Episode_Reward/gait_feet_frc_support_perio: 0.5778
       Episode_Reward/ankle_torque: -0.0407
       Episode_Reward/ankle_action: -0.0030
    Episode_Reward/hip_roll_action: -0.8803
     Episode_Reward/hip_yaw_action: -0.5439
    Episode_Reward/feet_y_distance: -0.0128
--------------------------------------------------------------------------------
                   Total timesteps: 45613056
                    Iteration time: 3.70s
                      Time elapsed: 00:14:17
                               ETA: 04:53:41

################################################################################
                     [1m Learning iteration 232/5000 [0m                      

                       Computation: 53582 steps/s (collection: 2.189s, learning 1.480s)
             Mean action noise std: 0.51
          Mean value_function loss: 0.0798
               Mean surrogate loss: 0.0068
                 Mean entropy loss: 13.2800
                     Mean amp loss: 0.1818
            Mean amp_grad_pen loss: 0.2218
         Mean amp_policy_pred loss: -0.5962
         Mean amp_expert_pred loss: 0.5948
                Mean symmetry loss: 0.0023
                       Mean reward: 107.13
               Mean episode length: 985.10
Episode_Reward/track_lin_vel_xy_exp: 4.3336
Episode_Reward/track_ang_vel_z_exp: 0.3140
       Episode_Reward/lin_vel_z_l2: -0.0138
      Episode_Reward/ang_vel_xy_l2: -0.0260
             Episode_Reward/energy: -0.0459
         Episode_Reward/dof_acc_l2: -0.1125
     Episode_Reward/action_rate_l2: -0.1823
 Episode_Reward/undesired_contacts: -0.0000
Episode_Reward/body_orientation_l2: -0.0156
Episode_Reward/flat_orientation_l2: -0.0094
Episode_Reward/termination_penalty: -0.0077
         Episode_Reward/feet_slide: -0.0129
         Episode_Reward/feet_force: -0.0127
      Episode_Reward/feet_too_near: -0.0118
       Episode_Reward/feet_stumble: 0.0000
     Episode_Reward/dof_pos_limits: -0.0390
Episode_Reward/joint_deviation_hip: -0.0196
Episode_Reward/joint_deviation_arms: -0.0027
Episode_Reward/joint_deviation_legs: -0.0020
Episode_Reward/joint_deviation_waist: -0.0073
Episode_Reward/gait_feet_frc_perio: 1.6665
Episode_Reward/gait_feet_spd_perio: 0.5729
Episode_Reward/gait_feet_frc_support_perio: 0.5813
       Episode_Reward/ankle_torque: -0.0411
       Episode_Reward/ankle_action: -0.0030
    Episode_Reward/hip_roll_action: -0.8930
     Episode_Reward/hip_yaw_action: -0.5452
    Episode_Reward/feet_y_distance: -0.0135
--------------------------------------------------------------------------------
                   Total timesteps: 45809664
                    Iteration time: 3.67s
                      Time elapsed: 00:14:20
                               ETA: 04:53:36

################################################################################
                     [1m Learning iteration 233/5000 [0m                      

                       Computation: 53400 steps/s (collection: 2.197s, learning 1.485s)
             Mean action noise std: 0.50
          Mean value_function loss: 0.1108
               Mean surrogate loss: 0.0063
                 Mean entropy loss: 13.1729
                     Mean amp loss: 0.1847
            Mean amp_grad_pen loss: 0.2208
         Mean amp_policy_pred loss: -0.5957
         Mean amp_expert_pred loss: 0.5881
                Mean symmetry loss: 0.0023
                       Mean reward: 108.08
               Mean episode length: 988.43
Episode_Reward/track_lin_vel_xy_exp: 4.3851
Episode_Reward/track_ang_vel_z_exp: 0.3169
       Episode_Reward/lin_vel_z_l2: -0.0138
      Episode_Reward/ang_vel_xy_l2: -0.0261
             Episode_Reward/energy: -0.0457
         Episode_Reward/dof_acc_l2: -0.1089
     Episode_Reward/action_rate_l2: -0.1827
 Episode_Reward/undesired_contacts: -0.0000
Episode_Reward/body_orientation_l2: -0.0153
Episode_Reward/flat_orientation_l2: -0.0092
Episode_Reward/termination_penalty: -0.0059
         Episode_Reward/feet_slide: -0.0131
         Episode_Reward/feet_force: -0.0124
      Episode_Reward/feet_too_near: -0.0118
       Episode_Reward/feet_stumble: 0.0000
     Episode_Reward/dof_pos_limits: -0.0388
Episode_Reward/joint_deviation_hip: -0.0216
Episode_Reward/joint_deviation_arms: -0.0030
Episode_Reward/joint_deviation_legs: -0.0022
Episode_Reward/joint_deviation_waist: -0.0079
Episode_Reward/gait_feet_frc_perio: 1.6632
Episode_Reward/gait_feet_spd_perio: 0.5740
Episode_Reward/gait_feet_frc_support_perio: 0.5816
       Episode_Reward/ankle_torque: -0.0409
       Episode_Reward/ankle_action: -0.0030
    Episode_Reward/hip_roll_action: -0.8915
     Episode_Reward/hip_yaw_action: -0.5472
    Episode_Reward/feet_y_distance: -0.0130
--------------------------------------------------------------------------------
                   Total timesteps: 46006272
                    Iteration time: 3.68s
                      Time elapsed: 00:14:24
                               ETA: 04:53:32

################################################################################
                     [1m Learning iteration 234/5000 [0m                      

                       Computation: 53391 steps/s (collection: 2.187s, learning 1.495s)
             Mean action noise std: 0.50
          Mean value_function loss: 0.1192
               Mean surrogate loss: 0.0078
                 Mean entropy loss: 13.0811
                     Mean amp loss: 0.1742
            Mean amp_grad_pen loss: 0.2161
         Mean amp_policy_pred loss: -0.6122
         Mean amp_expert_pred loss: 0.6027
                Mean symmetry loss: 0.0025
                       Mean reward: 105.74
               Mean episode length: 970.60
Episode_Reward/track_lin_vel_xy_exp: 4.2967
Episode_Reward/track_ang_vel_z_exp: 0.3048
       Episode_Reward/lin_vel_z_l2: -0.0135
      Episode_Reward/ang_vel_xy_l2: -0.0254
             Episode_Reward/energy: -0.0444
         Episode_Reward/dof_acc_l2: -0.1101
     Episode_Reward/action_rate_l2: -0.1788
 Episode_Reward/undesired_contacts: -0.0001
Episode_Reward/body_orientation_l2: -0.0161
Episode_Reward/flat_orientation_l2: -0.0096
Episode_Reward/termination_penalty: -0.0144
         Episode_Reward/feet_slide: -0.0128
         Episode_Reward/feet_force: -0.0125
      Episode_Reward/feet_too_near: -0.0125
       Episode_Reward/feet_stumble: 0.0000
     Episode_Reward/dof_pos_limits: -0.0378
Episode_Reward/joint_deviation_hip: -0.0184
Episode_Reward/joint_deviation_arms: -0.0026
Episode_Reward/joint_deviation_legs: -0.0018
Episode_Reward/joint_deviation_waist: -0.0067
Episode_Reward/gait_feet_frc_perio: 1.6547
Episode_Reward/gait_feet_spd_perio: 0.5769
Episode_Reward/gait_feet_frc_support_perio: 0.5802
       Episode_Reward/ankle_torque: -0.0395
       Episode_Reward/ankle_action: -0.0030
    Episode_Reward/hip_roll_action: -0.8547
     Episode_Reward/hip_yaw_action: -0.5344
    Episode_Reward/feet_y_distance: -0.0105
--------------------------------------------------------------------------------
                   Total timesteps: 46202880
                    Iteration time: 3.68s
                      Time elapsed: 00:14:28
                               ETA: 04:53:28

################################################################################
                     [1m Learning iteration 235/5000 [0m                      

                       Computation: 53483 steps/s (collection: 2.185s, learning 1.491s)
             Mean action noise std: 0.50
          Mean value_function loss: 0.1314
               Mean surrogate loss: 0.0065
                 Mean entropy loss: 13.0291
                     Mean amp loss: 0.1694
            Mean amp_grad_pen loss: 0.2154
         Mean amp_policy_pred loss: -0.6172
         Mean amp_expert_pred loss: 0.6121
                Mean symmetry loss: 0.0023
                       Mean reward: 106.52
               Mean episode length: 967.81
Episode_Reward/track_lin_vel_xy_exp: 4.2629
Episode_Reward/track_ang_vel_z_exp: 0.3128
       Episode_Reward/lin_vel_z_l2: -0.0137
      Episode_Reward/ang_vel_xy_l2: -0.0251
             Episode_Reward/energy: -0.0450
         Episode_Reward/dof_acc_l2: -0.1087
     Episode_Reward/action_rate_l2: -0.1756
 Episode_Reward/undesired_contacts: -0.0001
Episode_Reward/body_orientation_l2: -0.0155
Episode_Reward/flat_orientation_l2: -0.0093
Episode_Reward/termination_penalty: -0.0168
         Episode_Reward/feet_slide: -0.0128
         Episode_Reward/feet_force: -0.0120
      Episode_Reward/feet_too_near: -0.0109
       Episode_Reward/feet_stumble: 0.0000
     Episode_Reward/dof_pos_limits: -0.0376
Episode_Reward/joint_deviation_hip: -0.0211
Episode_Reward/joint_deviation_arms: -0.0029
Episode_Reward/joint_deviation_legs: -0.0021
Episode_Reward/joint_deviation_waist: -0.0082
Episode_Reward/gait_feet_frc_perio: 1.6172
Episode_Reward/gait_feet_spd_perio: 0.5563
Episode_Reward/gait_feet_frc_support_perio: 0.5645
       Episode_Reward/ankle_torque: -0.0395
       Episode_Reward/ankle_action: -0.0029
    Episode_Reward/hip_roll_action: -0.8695
     Episode_Reward/hip_yaw_action: -0.5282
    Episode_Reward/feet_y_distance: -0.0134
--------------------------------------------------------------------------------
                   Total timesteps: 46399488
                    Iteration time: 3.68s
                      Time elapsed: 00:14:31
                               ETA: 04:53:24

################################################################################
                     [1m Learning iteration 236/5000 [0m                      

                       Computation: 53820 steps/s (collection: 2.193s, learning 1.460s)
             Mean action noise std: 0.50
          Mean value_function loss: 0.0770
               Mean surrogate loss: 0.0058
                 Mean entropy loss: 12.9122
                     Mean amp loss: 0.1834
            Mean amp_grad_pen loss: 0.2230
         Mean amp_policy_pred loss: -0.5909
         Mean amp_expert_pred loss: 0.5971
                Mean symmetry loss: 0.0023
                       Mean reward: 109.59
               Mean episode length: 990.06
Episode_Reward/track_lin_vel_xy_exp: 4.4043
Episode_Reward/track_ang_vel_z_exp: 0.3255
       Episode_Reward/lin_vel_z_l2: -0.0137
      Episode_Reward/ang_vel_xy_l2: -0.0255
             Episode_Reward/energy: -0.0435
         Episode_Reward/dof_acc_l2: -0.1070
     Episode_Reward/action_rate_l2: -0.1787
 Episode_Reward/undesired_contacts: -0.0000
Episode_Reward/body_orientation_l2: -0.0159
Episode_Reward/flat_orientation_l2: -0.0095
Episode_Reward/termination_penalty: -0.0063
         Episode_Reward/feet_slide: -0.0128
         Episode_Reward/feet_force: -0.0124
      Episode_Reward/feet_too_near: -0.0124
       Episode_Reward/feet_stumble: 0.0000
     Episode_Reward/dof_pos_limits: -0.0376
Episode_Reward/joint_deviation_hip: -0.0259
Episode_Reward/joint_deviation_arms: -0.0035
Episode_Reward/joint_deviation_legs: -0.0026
Episode_Reward/joint_deviation_waist: -0.0097
Episode_Reward/gait_feet_frc_perio: 1.6355
Episode_Reward/gait_feet_spd_perio: 0.5768
Episode_Reward/gait_feet_frc_support_perio: 0.5734
       Episode_Reward/ankle_torque: -0.0385
       Episode_Reward/ankle_action: -0.0030
    Episode_Reward/hip_roll_action: -0.8385
     Episode_Reward/hip_yaw_action: -0.5356
    Episode_Reward/feet_y_distance: -0.0142
--------------------------------------------------------------------------------
                   Total timesteps: 46596096
                    Iteration time: 3.65s
                      Time elapsed: 00:14:35
                               ETA: 04:53:20

################################################################################
                     [1m Learning iteration 237/5000 [0m                      

                       Computation: 53364 steps/s (collection: 2.187s, learning 1.497s)
             Mean action noise std: 0.50
          Mean value_function loss: 0.1122
               Mean surrogate loss: 0.0064
                 Mean entropy loss: 12.8065
                     Mean amp loss: 0.1845
            Mean amp_grad_pen loss: 0.2223
         Mean amp_policy_pred loss: -0.5958
         Mean amp_expert_pred loss: 0.5893
                Mean symmetry loss: 0.0022
                       Mean reward: 106.78
               Mean episode length: 975.63
Episode_Reward/track_lin_vel_xy_exp: 4.3493
Episode_Reward/track_ang_vel_z_exp: 0.3112
       Episode_Reward/lin_vel_z_l2: -0.0132
      Episode_Reward/ang_vel_xy_l2: -0.0250
             Episode_Reward/energy: -0.0446
         Episode_Reward/dof_acc_l2: -0.1074
     Episode_Reward/action_rate_l2: -0.1768
 Episode_Reward/undesired_contacts: -0.0000
Episode_Reward/body_orientation_l2: -0.0150
Episode_Reward/flat_orientation_l2: -0.0090
Episode_Reward/termination_penalty: -0.0065
         Episode_Reward/feet_slide: -0.0126
         Episode_Reward/feet_force: -0.0120
      Episode_Reward/feet_too_near: -0.0129
       Episode_Reward/feet_stumble: 0.0000
     Episode_Reward/dof_pos_limits: -0.0382
Episode_Reward/joint_deviation_hip: -0.0202
Episode_Reward/joint_deviation_arms: -0.0028
Episode_Reward/joint_deviation_legs: -0.0020
Episode_Reward/joint_deviation_waist: -0.0075
Episode_Reward/gait_feet_frc_perio: 1.6572
Episode_Reward/gait_feet_spd_perio: 0.5849
Episode_Reward/gait_feet_frc_support_perio: 0.5802
       Episode_Reward/ankle_torque: -0.0392
       Episode_Reward/ankle_action: -0.0030
    Episode_Reward/hip_roll_action: -0.8552
     Episode_Reward/hip_yaw_action: -0.5324
    Episode_Reward/feet_y_distance: -0.0129
--------------------------------------------------------------------------------
                   Total timesteps: 46792704
                    Iteration time: 3.68s
                      Time elapsed: 00:14:39
                               ETA: 04:53:16

################################################################################
                     [1m Learning iteration 238/5000 [0m                      

                       Computation: 53404 steps/s (collection: 2.187s, learning 1.494s)
             Mean action noise std: 0.49
          Mean value_function loss: 0.0889
               Mean surrogate loss: 0.0066
                 Mean entropy loss: 12.7341
                     Mean amp loss: 0.1881
            Mean amp_grad_pen loss: 0.2219
         Mean amp_policy_pred loss: -0.5860
         Mean amp_expert_pred loss: 0.5890
                Mean symmetry loss: 0.0022
                       Mean reward: 105.78
               Mean episode length: 962.62
Episode_Reward/track_lin_vel_xy_exp: 4.3158
Episode_Reward/track_ang_vel_z_exp: 0.3261
       Episode_Reward/lin_vel_z_l2: -0.0130
      Episode_Reward/ang_vel_xy_l2: -0.0248
             Episode_Reward/energy: -0.0422
         Episode_Reward/dof_acc_l2: -0.1081
     Episode_Reward/action_rate_l2: -0.1728
 Episode_Reward/undesired_contacts: -0.0000
Episode_Reward/body_orientation_l2: -0.0152
Episode_Reward/flat_orientation_l2: -0.0091
Episode_Reward/termination_penalty: -0.0115
         Episode_Reward/feet_slide: -0.0124
         Episode_Reward/feet_force: -0.0124
      Episode_Reward/feet_too_near: -0.0130
       Episode_Reward/feet_stumble: 0.0000
     Episode_Reward/dof_pos_limits: -0.0367
Episode_Reward/joint_deviation_hip: -0.0252
Episode_Reward/joint_deviation_arms: -0.0034
Episode_Reward/joint_deviation_legs: -0.0025
Episode_Reward/joint_deviation_waist: -0.0092
Episode_Reward/gait_feet_frc_perio: 1.6010
Episode_Reward/gait_feet_spd_perio: 0.5690
Episode_Reward/gait_feet_frc_support_perio: 0.5623
       Episode_Reward/ankle_torque: -0.0372
       Episode_Reward/ankle_action: -0.0029
    Episode_Reward/hip_roll_action: -0.8110
     Episode_Reward/hip_yaw_action: -0.5216
    Episode_Reward/feet_y_distance: -0.0134
--------------------------------------------------------------------------------
                   Total timesteps: 46989312
                    Iteration time: 3.68s
                      Time elapsed: 00:14:42
                               ETA: 04:53:12

################################################################################
                     [1m Learning iteration 239/5000 [0m                      

                       Computation: 52928 steps/s (collection: 2.208s, learning 1.507s)
             Mean action noise std: 0.49
          Mean value_function loss: 0.1086
               Mean surrogate loss: 0.0060
                 Mean entropy loss: 12.6082
                     Mean amp loss: 0.1935
            Mean amp_grad_pen loss: 0.2262
         Mean amp_policy_pred loss: -0.5802
         Mean amp_expert_pred loss: 0.5796
                Mean symmetry loss: 0.0021
                       Mean reward: 109.76
               Mean episode length: 995.45
Episode_Reward/track_lin_vel_xy_exp: 4.3397
Episode_Reward/track_ang_vel_z_exp: 0.3119
       Episode_Reward/lin_vel_z_l2: -0.0139
      Episode_Reward/ang_vel_xy_l2: -0.0253
             Episode_Reward/energy: -0.0462
         Episode_Reward/dof_acc_l2: -0.1079
     Episode_Reward/action_rate_l2: -0.1755
 Episode_Reward/undesired_contacts: -0.0000
Episode_Reward/body_orientation_l2: -0.0162
Episode_Reward/flat_orientation_l2: -0.0097
Episode_Reward/termination_penalty: -0.0065
         Episode_Reward/feet_slide: -0.0131
         Episode_Reward/feet_force: -0.0122
      Episode_Reward/feet_too_near: -0.0126
       Episode_Reward/feet_stumble: 0.0000
     Episode_Reward/dof_pos_limits: -0.0383
Episode_Reward/joint_deviation_hip: -0.0169
Episode_Reward/joint_deviation_arms: -0.0023
Episode_Reward/joint_deviation_legs: -0.0017
Episode_Reward/joint_deviation_waist: -0.0062
Episode_Reward/gait_feet_frc_perio: 1.6894
Episode_Reward/gait_feet_spd_perio: 0.5918
Episode_Reward/gait_feet_frc_support_perio: 0.5932
       Episode_Reward/ankle_torque: -0.0396
       Episode_Reward/ankle_action: -0.0030
    Episode_Reward/hip_roll_action: -0.8719
     Episode_Reward/hip_yaw_action: -0.5323
    Episode_Reward/feet_y_distance: -0.0122
--------------------------------------------------------------------------------
                   Total timesteps: 47185920
                    Iteration time: 3.71s
                      Time elapsed: 00:14:46
                               ETA: 04:53:09

################################################################################
                     [1m Learning iteration 240/5000 [0m                      

                       Computation: 53469 steps/s (collection: 2.191s, learning 1.486s)
             Mean action noise std: 0.49
          Mean value_function loss: 0.0982
               Mean surrogate loss: 0.0067
                 Mean entropy loss: 12.5280
                     Mean amp loss: 0.1919
            Mean amp_grad_pen loss: 0.2223
         Mean amp_policy_pred loss: -0.5854
         Mean amp_expert_pred loss: 0.5800
                Mean symmetry loss: 0.0022
                       Mean reward: 103.50
               Mean episode length: 945.44
Episode_Reward/track_lin_vel_xy_exp: 4.2546
Episode_Reward/track_ang_vel_z_exp: 0.3040
       Episode_Reward/lin_vel_z_l2: -0.0132
      Episode_Reward/ang_vel_xy_l2: -0.0244
             Episode_Reward/energy: -0.0442
         Episode_Reward/dof_acc_l2: -0.1055
     Episode_Reward/action_rate_l2: -0.1702
 Episode_Reward/undesired_contacts: -0.0000
Episode_Reward/body_orientation_l2: -0.0154
Episode_Reward/flat_orientation_l2: -0.0092
Episode_Reward/termination_penalty: -0.0161
         Episode_Reward/feet_slide: -0.0127
         Episode_Reward/feet_force: -0.0118
      Episode_Reward/feet_too_near: -0.0122
       Episode_Reward/feet_stumble: 0.0000
     Episode_Reward/dof_pos_limits: -0.0376
Episode_Reward/joint_deviation_hip: -0.0191
Episode_Reward/joint_deviation_arms: -0.0026
Episode_Reward/joint_deviation_legs: -0.0019
Episode_Reward/joint_deviation_waist: -0.0070
Episode_Reward/gait_feet_frc_perio: 1.6290
Episode_Reward/gait_feet_spd_perio: 0.5756
Episode_Reward/gait_feet_frc_support_perio: 0.5728
       Episode_Reward/ankle_torque: -0.0383
       Episode_Reward/ankle_action: -0.0029
    Episode_Reward/hip_roll_action: -0.8373
     Episode_Reward/hip_yaw_action: -0.5162
    Episode_Reward/feet_y_distance: -0.0119
--------------------------------------------------------------------------------
                   Total timesteps: 47382528
                    Iteration time: 3.68s
                      Time elapsed: 00:14:50
                               ETA: 04:53:05

################################################################################
                     [1m Learning iteration 241/5000 [0m                      

                       Computation: 53282 steps/s (collection: 2.189s, learning 1.501s)
             Mean action noise std: 0.49
          Mean value_function loss: 0.1024
               Mean surrogate loss: 0.0070
                 Mean entropy loss: 12.4326
                     Mean amp loss: 0.1871
            Mean amp_grad_pen loss: 0.2210
         Mean amp_policy_pred loss: -0.5941
         Mean amp_expert_pred loss: 0.5841
                Mean symmetry loss: 0.0022
                       Mean reward: 109.85
               Mean episode length: 990.32
Episode_Reward/track_lin_vel_xy_exp: 4.3532
Episode_Reward/track_ang_vel_z_exp: 0.3105
       Episode_Reward/lin_vel_z_l2: -0.0132
      Episode_Reward/ang_vel_xy_l2: -0.0245
             Episode_Reward/energy: -0.0440
         Episode_Reward/dof_acc_l2: -0.1044
     Episode_Reward/action_rate_l2: -0.1725
 Episode_Reward/undesired_contacts: -0.0000
Episode_Reward/body_orientation_l2: -0.0147
Episode_Reward/flat_orientation_l2: -0.0088
Episode_Reward/termination_penalty: -0.0091
         Episode_Reward/feet_slide: -0.0127
         Episode_Reward/feet_force: -0.0121
      Episode_Reward/feet_too_near: -0.0120
       Episode_Reward/feet_stumble: 0.0000
     Episode_Reward/dof_pos_limits: -0.0378
Episode_Reward/joint_deviation_hip: -0.0233
Episode_Reward/joint_deviation_arms: -0.0032
Episode_Reward/joint_deviation_legs: -0.0023
Episode_Reward/joint_deviation_waist: -0.0085
Episode_Reward/gait_feet_frc_perio: 1.6314
Episode_Reward/gait_feet_spd_perio: 0.5811
Episode_Reward/gait_feet_frc_support_perio: 0.5754
       Episode_Reward/ankle_torque: -0.0384
       Episode_Reward/ankle_action: -0.0029
    Episode_Reward/hip_roll_action: -0.8424
     Episode_Reward/hip_yaw_action: -0.5250
    Episode_Reward/feet_y_distance: -0.0141
--------------------------------------------------------------------------------
                   Total timesteps: 47579136
                    Iteration time: 3.69s
                      Time elapsed: 00:14:54
                               ETA: 04:53:01

################################################################################
                     [1m Learning iteration 242/5000 [0m                      

                       Computation: 53276 steps/s (collection: 2.189s, learning 1.502s)
             Mean action noise std: 0.49
          Mean value_function loss: 0.0766
               Mean surrogate loss: 0.0086
                 Mean entropy loss: 12.3193
                     Mean amp loss: 0.1817
            Mean amp_grad_pen loss: 0.2179
         Mean amp_policy_pred loss: -0.5999
         Mean amp_expert_pred loss: 0.5952
                Mean symmetry loss: 0.0022
                       Mean reward: 109.35
               Mean episode length: 983.29
Episode_Reward/track_lin_vel_xy_exp: 4.4123
Episode_Reward/track_ang_vel_z_exp: 0.3409
       Episode_Reward/lin_vel_z_l2: -0.0129
      Episode_Reward/ang_vel_xy_l2: -0.0242
             Episode_Reward/energy: -0.0432
         Episode_Reward/dof_acc_l2: -0.1028
     Episode_Reward/action_rate_l2: -0.1720
 Episode_Reward/undesired_contacts: -0.0000
Episode_Reward/body_orientation_l2: -0.0144
Episode_Reward/flat_orientation_l2: -0.0087
Episode_Reward/termination_penalty: -0.0038
         Episode_Reward/feet_slide: -0.0123
         Episode_Reward/feet_force: -0.0118
      Episode_Reward/feet_too_near: -0.0123
       Episode_Reward/feet_stumble: 0.0000
     Episode_Reward/dof_pos_limits: -0.0374
Episode_Reward/joint_deviation_hip: -0.0276
Episode_Reward/joint_deviation_arms: -0.0037
Episode_Reward/joint_deviation_legs: -0.0027
Episode_Reward/joint_deviation_waist: -0.0098
Episode_Reward/gait_feet_frc_perio: 1.6117
Episode_Reward/gait_feet_spd_perio: 0.5841
Episode_Reward/gait_feet_frc_support_perio: 0.5693
       Episode_Reward/ankle_torque: -0.0376
       Episode_Reward/ankle_action: -0.0029
    Episode_Reward/hip_roll_action: -0.8238
     Episode_Reward/hip_yaw_action: -0.5225
    Episode_Reward/feet_y_distance: -0.0156
--------------------------------------------------------------------------------
                   Total timesteps: 47775744
                    Iteration time: 3.69s
                      Time elapsed: 00:14:57
                               ETA: 04:52:57

################################################################################
                     [1m Learning iteration 243/5000 [0m                      

                       Computation: 53135 steps/s (collection: 2.186s, learning 1.514s)
             Mean action noise std: 0.48
          Mean value_function loss: 0.0972
               Mean surrogate loss: 0.0093
                 Mean entropy loss: 12.2169
                     Mean amp loss: 0.1721
            Mean amp_grad_pen loss: 0.2151
         Mean amp_policy_pred loss: -0.6150
         Mean amp_expert_pred loss: 0.6098
                Mean symmetry loss: 0.0023
                       Mean reward: 108.29
               Mean episode length: 984.72
Episode_Reward/track_lin_vel_xy_exp: 4.2583
Episode_Reward/track_ang_vel_z_exp: 0.3189
       Episode_Reward/lin_vel_z_l2: -0.0131
      Episode_Reward/ang_vel_xy_l2: -0.0242
             Episode_Reward/energy: -0.0437
         Episode_Reward/dof_acc_l2: -0.1032
     Episode_Reward/action_rate_l2: -0.1677
 Episode_Reward/undesired_contacts: -0.0000
Episode_Reward/body_orientation_l2: -0.0148
Episode_Reward/flat_orientation_l2: -0.0089
Episode_Reward/termination_penalty: -0.0122
         Episode_Reward/feet_slide: -0.0124
         Episode_Reward/feet_force: -0.0115
      Episode_Reward/feet_too_near: -0.0121
       Episode_Reward/feet_stumble: 0.0000
     Episode_Reward/dof_pos_limits: -0.0365
Episode_Reward/joint_deviation_hip: -0.0233
Episode_Reward/joint_deviation_arms: -0.0031
Episode_Reward/joint_deviation_legs: -0.0023
Episode_Reward/joint_deviation_waist: -0.0083
Episode_Reward/gait_feet_frc_perio: 1.6066
Episode_Reward/gait_feet_spd_perio: 0.5712
Episode_Reward/gait_feet_frc_support_perio: 0.5651
       Episode_Reward/ankle_torque: -0.0368
       Episode_Reward/ankle_action: -0.0029
    Episode_Reward/hip_roll_action: -0.8186
     Episode_Reward/hip_yaw_action: -0.5112
    Episode_Reward/feet_y_distance: -0.0117
--------------------------------------------------------------------------------
                   Total timesteps: 47972352
                    Iteration time: 3.70s
                      Time elapsed: 00:15:01
                               ETA: 04:52:54

################################################################################
                     [1m Learning iteration 244/5000 [0m                      

                       Computation: 53642 steps/s (collection: 2.186s, learning 1.479s)
             Mean action noise std: 0.48
          Mean value_function loss: 0.1050
               Mean surrogate loss: 0.0061
                 Mean entropy loss: 12.1024
                     Mean amp loss: 0.1745
            Mean amp_grad_pen loss: 0.2186
         Mean amp_policy_pred loss: -0.6104
         Mean amp_expert_pred loss: 0.6048
                Mean symmetry loss: 0.0021
                       Mean reward: 107.13
               Mean episode length: 963.38
Episode_Reward/track_lin_vel_xy_exp: 4.2952
Episode_Reward/track_ang_vel_z_exp: 0.3248
       Episode_Reward/lin_vel_z_l2: -0.0131
      Episode_Reward/ang_vel_xy_l2: -0.0239
             Episode_Reward/energy: -0.0445
         Episode_Reward/dof_acc_l2: -0.1035
     Episode_Reward/action_rate_l2: -0.1673
 Episode_Reward/undesired_contacts: -0.0000
Episode_Reward/body_orientation_l2: -0.0145
Episode_Reward/flat_orientation_l2: -0.0087
Episode_Reward/termination_penalty: -0.0116
         Episode_Reward/feet_slide: -0.0123
         Episode_Reward/feet_force: -0.0115
      Episode_Reward/feet_too_near: -0.0123
       Episode_Reward/feet_stumble: 0.0000
     Episode_Reward/dof_pos_limits: -0.0372
Episode_Reward/joint_deviation_hip: -0.0209
Episode_Reward/joint_deviation_arms: -0.0028
Episode_Reward/joint_deviation_legs: -0.0020
Episode_Reward/joint_deviation_waist: -0.0075
Episode_Reward/gait_feet_frc_perio: 1.6279
Episode_Reward/gait_feet_spd_perio: 0.5830
Episode_Reward/gait_feet_frc_support_perio: 0.5726
       Episode_Reward/ankle_torque: -0.0377
       Episode_Reward/ankle_action: -0.0029
    Episode_Reward/hip_roll_action: -0.8328
     Episode_Reward/hip_yaw_action: -0.5123
    Episode_Reward/feet_y_distance: -0.0136
--------------------------------------------------------------------------------
                   Total timesteps: 48168960
                    Iteration time: 3.67s
                      Time elapsed: 00:15:05
                               ETA: 04:52:49

################################################################################
                     [1m Learning iteration 245/5000 [0m                      

                       Computation: 53171 steps/s (collection: 2.194s, learning 1.503s)
             Mean action noise std: 0.48
          Mean value_function loss: 0.0679
               Mean surrogate loss: 0.0066
                 Mean entropy loss: 11.9920
                     Mean amp loss: 0.1871
            Mean amp_grad_pen loss: 0.2230
         Mean amp_policy_pred loss: -0.5907
         Mean amp_expert_pred loss: 0.5901
                Mean symmetry loss: 0.0021
                       Mean reward: 110.27
               Mean episode length: 980.99
Episode_Reward/track_lin_vel_xy_exp: 4.3555
Episode_Reward/track_ang_vel_z_exp: 0.3331
       Episode_Reward/lin_vel_z_l2: -0.0129
      Episode_Reward/ang_vel_xy_l2: -0.0240
             Episode_Reward/energy: -0.0450
         Episode_Reward/dof_acc_l2: -0.1027
     Episode_Reward/action_rate_l2: -0.1690
 Episode_Reward/undesired_contacts: -0.0000
Episode_Reward/body_orientation_l2: -0.0145
Episode_Reward/flat_orientation_l2: -0.0087
Episode_Reward/termination_penalty: -0.0058
         Episode_Reward/feet_slide: -0.0123
         Episode_Reward/feet_force: -0.0116
      Episode_Reward/feet_too_near: -0.0128
       Episode_Reward/feet_stumble: 0.0000
     Episode_Reward/dof_pos_limits: -0.0378
Episode_Reward/joint_deviation_hip: -0.0218
Episode_Reward/joint_deviation_arms: -0.0029
Episode_Reward/joint_deviation_legs: -0.0021
Episode_Reward/joint_deviation_waist: -0.0078
Episode_Reward/gait_feet_frc_perio: 1.6445
Episode_Reward/gait_feet_spd_perio: 0.5909
Episode_Reward/gait_feet_frc_support_perio: 0.5781
       Episode_Reward/ankle_torque: -0.0378
       Episode_Reward/ankle_action: -0.0029
    Episode_Reward/hip_roll_action: -0.8379
     Episode_Reward/hip_yaw_action: -0.5163
    Episode_Reward/feet_y_distance: -0.0122
--------------------------------------------------------------------------------
                   Total timesteps: 48365568
                    Iteration time: 3.70s
                      Time elapsed: 00:15:08
                               ETA: 04:52:46

################################################################################
                     [1m Learning iteration 246/5000 [0m                      

                       Computation: 53610 steps/s (collection: 2.186s, learning 1.482s)
             Mean action noise std: 0.48
          Mean value_function loss: 0.1058
               Mean surrogate loss: 0.0056
                 Mean entropy loss: 11.8718
                     Mean amp loss: 0.1863
            Mean amp_grad_pen loss: 0.2201
         Mean amp_policy_pred loss: -0.5924
         Mean amp_expert_pred loss: 0.5909
                Mean symmetry loss: 0.0021
                       Mean reward: 108.01
               Mean episode length: 971.71
Episode_Reward/track_lin_vel_xy_exp: 4.2900
Episode_Reward/track_ang_vel_z_exp: 0.3240
       Episode_Reward/lin_vel_z_l2: -0.0132
      Episode_Reward/ang_vel_xy_l2: -0.0233
             Episode_Reward/energy: -0.0449
         Episode_Reward/dof_acc_l2: -0.1042
     Episode_Reward/action_rate_l2: -0.1646
 Episode_Reward/undesired_contacts: -0.0000
Episode_Reward/body_orientation_l2: -0.0139
Episode_Reward/flat_orientation_l2: -0.0083
Episode_Reward/termination_penalty: -0.0110
         Episode_Reward/feet_slide: -0.0122
         Episode_Reward/feet_force: -0.0116
      Episode_Reward/feet_too_near: -0.0114
       Episode_Reward/feet_stumble: 0.0000
     Episode_Reward/dof_pos_limits: -0.0369
Episode_Reward/joint_deviation_hip: -0.0263
Episode_Reward/joint_deviation_arms: -0.0035
Episode_Reward/joint_deviation_legs: -0.0026
Episode_Reward/joint_deviation_waist: -0.0093
Episode_Reward/gait_feet_frc_perio: 1.5834
Episode_Reward/gait_feet_spd_perio: 0.5660
Episode_Reward/gait_feet_frc_support_perio: 0.5566
       Episode_Reward/ankle_torque: -0.0373
       Episode_Reward/ankle_action: -0.0028
    Episode_Reward/hip_roll_action: -0.8358
     Episode_Reward/hip_yaw_action: -0.5079
    Episode_Reward/feet_y_distance: -0.0147
--------------------------------------------------------------------------------
                   Total timesteps: 48562176
                    Iteration time: 3.67s
                      Time elapsed: 00:15:12
                               ETA: 04:52:41

################################################################################
                     [1m Learning iteration 247/5000 [0m                      

                       Computation: 53282 steps/s (collection: 2.191s, learning 1.499s)
             Mean action noise std: 0.47
          Mean value_function loss: 0.0756
               Mean surrogate loss: 0.0078
                 Mean entropy loss: 11.7792
                     Mean amp loss: 0.1871
            Mean amp_grad_pen loss: 0.2194
         Mean amp_policy_pred loss: -0.5966
         Mean amp_expert_pred loss: 0.5863
                Mean symmetry loss: 0.0020
                       Mean reward: 109.93
               Mean episode length: 975.36
Episode_Reward/track_lin_vel_xy_exp: 4.3780
Episode_Reward/track_ang_vel_z_exp: 0.3296
       Episode_Reward/lin_vel_z_l2: -0.0128
      Episode_Reward/ang_vel_xy_l2: -0.0239
             Episode_Reward/energy: -0.0449
         Episode_Reward/dof_acc_l2: -0.1033
     Episode_Reward/action_rate_l2: -0.1673
 Episode_Reward/undesired_contacts: -0.0000
Episode_Reward/body_orientation_l2: -0.0149
Episode_Reward/flat_orientation_l2: -0.0090
Episode_Reward/termination_penalty: -0.0057
         Episode_Reward/feet_slide: -0.0125
         Episode_Reward/feet_force: -0.0117
      Episode_Reward/feet_too_near: -0.0128
       Episode_Reward/feet_stumble: 0.0000
     Episode_Reward/dof_pos_limits: -0.0376
Episode_Reward/joint_deviation_hip: -0.0195
Episode_Reward/joint_deviation_arms: -0.0026
Episode_Reward/joint_deviation_legs: -0.0019
Episode_Reward/joint_deviation_waist: -0.0070
Episode_Reward/gait_feet_frc_perio: 1.6680
Episode_Reward/gait_feet_spd_perio: 0.6040
Episode_Reward/gait_feet_frc_support_perio: 0.5886
       Episode_Reward/ankle_torque: -0.0373
       Episode_Reward/ankle_action: -0.0030
    Episode_Reward/hip_roll_action: -0.8289
     Episode_Reward/hip_yaw_action: -0.5124
    Episode_Reward/feet_y_distance: -0.0120
--------------------------------------------------------------------------------
                   Total timesteps: 48758784
                    Iteration time: 3.69s
                      Time elapsed: 00:15:16
                               ETA: 04:52:38

################################################################################
                     [1m Learning iteration 248/5000 [0m                      

                       Computation: 53324 steps/s (collection: 2.192s, learning 1.495s)
             Mean action noise std: 0.47
          Mean value_function loss: 0.0930
               Mean surrogate loss: 0.0097
                 Mean entropy loss: 11.6647
                     Mean amp loss: 0.1864
            Mean amp_grad_pen loss: 0.2154
         Mean amp_policy_pred loss: -0.5970
         Mean amp_expert_pred loss: 0.5979
                Mean symmetry loss: 0.0022
                       Mean reward: 109.56
               Mean episode length: 974.34
Episode_Reward/track_lin_vel_xy_exp: 4.3937
Episode_Reward/track_ang_vel_z_exp: 0.3174
       Episode_Reward/lin_vel_z_l2: -0.0125
      Episode_Reward/ang_vel_xy_l2: -0.0233
             Episode_Reward/energy: -0.0446
         Episode_Reward/dof_acc_l2: -0.0993
     Episode_Reward/action_rate_l2: -0.1662
 Episode_Reward/undesired_contacts: -0.0000
Episode_Reward/body_orientation_l2: -0.0137
Episode_Reward/flat_orientation_l2: -0.0082
Episode_Reward/termination_penalty: -0.0056
         Episode_Reward/feet_slide: -0.0121
         Episode_Reward/feet_force: -0.0115
      Episode_Reward/feet_too_near: -0.0126
       Episode_Reward/feet_stumble: 0.0000
     Episode_Reward/dof_pos_limits: -0.0378
Episode_Reward/joint_deviation_hip: -0.0228
Episode_Reward/joint_deviation_arms: -0.0031
Episode_Reward/joint_deviation_legs: -0.0022
Episode_Reward/joint_deviation_waist: -0.0079
Episode_Reward/gait_feet_frc_perio: 1.6415
Episode_Reward/gait_feet_spd_perio: 0.6008
Episode_Reward/gait_feet_frc_support_perio: 0.5790
       Episode_Reward/ankle_torque: -0.0373
       Episode_Reward/ankle_action: -0.0029
    Episode_Reward/hip_roll_action: -0.8291
     Episode_Reward/hip_yaw_action: -0.5123
    Episode_Reward/feet_y_distance: -0.0127
--------------------------------------------------------------------------------
                   Total timesteps: 48955392
                    Iteration time: 3.69s
                      Time elapsed: 00:15:19
                               ETA: 04:52:34

################################################################################
                     [1m Learning iteration 249/5000 [0m                      

                       Computation: 53508 steps/s (collection: 2.188s, learning 1.487s)
             Mean action noise std: 0.47
          Mean value_function loss: 0.0706
               Mean surrogate loss: 0.0105
                 Mean entropy loss: 11.6173
                     Mean amp loss: 0.1813
            Mean amp_grad_pen loss: 0.2164
         Mean amp_policy_pred loss: -0.6022
         Mean amp_expert_pred loss: 0.5970
                Mean symmetry loss: 0.0019
                       Mean reward: 111.06
               Mean episode length: 987.57
Episode_Reward/track_lin_vel_xy_exp: 4.3914
Episode_Reward/track_ang_vel_z_exp: 0.3250
       Episode_Reward/lin_vel_z_l2: -0.0129
      Episode_Reward/ang_vel_xy_l2: -0.0235
             Episode_Reward/energy: -0.0450
         Episode_Reward/dof_acc_l2: -0.0989
     Episode_Reward/action_rate_l2: -0.1655
 Episode_Reward/undesired_contacts: -0.0000
Episode_Reward/body_orientation_l2: -0.0147
Episode_Reward/flat_orientation_l2: -0.0088
Episode_Reward/termination_penalty: -0.0069
         Episode_Reward/feet_slide: -0.0122
         Episode_Reward/feet_force: -0.0112
      Episode_Reward/feet_too_near: -0.0131
       Episode_Reward/feet_stumble: 0.0000
     Episode_Reward/dof_pos_limits: -0.0377
Episode_Reward/joint_deviation_hip: -0.0205
Episode_Reward/joint_deviation_arms: -0.0027
Episode_Reward/joint_deviation_legs: -0.0020
Episode_Reward/joint_deviation_waist: -0.0072
Episode_Reward/gait_feet_frc_perio: 1.6598
Episode_Reward/gait_feet_spd_perio: 0.6079
Episode_Reward/gait_feet_frc_support_perio: 0.5865
       Episode_Reward/ankle_torque: -0.0371
       Episode_Reward/ankle_action: -0.0029
    Episode_Reward/hip_roll_action: -0.8264
     Episode_Reward/hip_yaw_action: -0.5107
    Episode_Reward/feet_y_distance: -0.0127
--------------------------------------------------------------------------------
                   Total timesteps: 49152000
                    Iteration time: 3.67s
                      Time elapsed: 00:15:23
                               ETA: 04:52:30

################################################################################
                     [1m Learning iteration 250/5000 [0m                      

                       Computation: 53680 steps/s (collection: 2.190s, learning 1.472s)
             Mean action noise std: 0.47
          Mean value_function loss: 0.1061
               Mean surrogate loss: 0.0054
                 Mean entropy loss: 11.5202
                     Mean amp loss: 0.1766
            Mean amp_grad_pen loss: 0.2173
         Mean amp_policy_pred loss: -0.6103
         Mean amp_expert_pred loss: 0.6010
                Mean symmetry loss: 0.0019
                       Mean reward: 109.77
               Mean episode length: 976.01
Episode_Reward/track_lin_vel_xy_exp: 4.3055
Episode_Reward/track_ang_vel_z_exp: 0.3245
       Episode_Reward/lin_vel_z_l2: -0.0125
      Episode_Reward/ang_vel_xy_l2: -0.0228
             Episode_Reward/energy: -0.0432
         Episode_Reward/dof_acc_l2: -0.0975
     Episode_Reward/action_rate_l2: -0.1604
 Episode_Reward/undesired_contacts: -0.0000
Episode_Reward/body_orientation_l2: -0.0140
Episode_Reward/flat_orientation_l2: -0.0084
Episode_Reward/termination_penalty: -0.0107
         Episode_Reward/feet_slide: -0.0116
         Episode_Reward/feet_force: -0.0111
      Episode_Reward/feet_too_near: -0.0126
       Episode_Reward/feet_stumble: 0.0000
     Episode_Reward/dof_pos_limits: -0.0367
Episode_Reward/joint_deviation_hip: -0.0207
Episode_Reward/joint_deviation_arms: -0.0028
Episode_Reward/joint_deviation_legs: -0.0020
Episode_Reward/joint_deviation_waist: -0.0073
Episode_Reward/gait_feet_frc_perio: 1.6166
Episode_Reward/gait_feet_spd_perio: 0.5977
Episode_Reward/gait_feet_frc_support_perio: 0.5716
       Episode_Reward/ankle_torque: -0.0361
       Episode_Reward/ankle_action: -0.0028
    Episode_Reward/hip_roll_action: -0.8003
     Episode_Reward/hip_yaw_action: -0.4960
    Episode_Reward/feet_y_distance: -0.0121
--------------------------------------------------------------------------------
                   Total timesteps: 49348608
                    Iteration time: 3.66s
                      Time elapsed: 00:15:27
                               ETA: 04:52:25

################################################################################
                     [1m Learning iteration 251/5000 [0m                      

                       Computation: 53258 steps/s (collection: 2.188s, learning 1.504s)
             Mean action noise std: 0.47
          Mean value_function loss: 0.0755
               Mean surrogate loss: 0.0064
                 Mean entropy loss: 11.4025
                     Mean amp loss: 0.1785
            Mean amp_grad_pen loss: 0.2140
         Mean amp_policy_pred loss: -0.6053
         Mean amp_expert_pred loss: 0.6005
                Mean symmetry loss: 0.0019
                       Mean reward: 110.78
               Mean episode length: 984.34
Episode_Reward/track_lin_vel_xy_exp: 4.3967
Episode_Reward/track_ang_vel_z_exp: 0.3362
       Episode_Reward/lin_vel_z_l2: -0.0129
      Episode_Reward/ang_vel_xy_l2: -0.0234
             Episode_Reward/energy: -0.0448
         Episode_Reward/dof_acc_l2: -0.1000
     Episode_Reward/action_rate_l2: -0.1634
 Episode_Reward/undesired_contacts: -0.0000
Episode_Reward/body_orientation_l2: -0.0145
Episode_Reward/flat_orientation_l2: -0.0087
Episode_Reward/termination_penalty: -0.0061
         Episode_Reward/feet_slide: -0.0121
         Episode_Reward/feet_force: -0.0119
      Episode_Reward/feet_too_near: -0.0127
       Episode_Reward/feet_stumble: 0.0000
     Episode_Reward/dof_pos_limits: -0.0374
Episode_Reward/joint_deviation_hip: -0.0232
Episode_Reward/joint_deviation_arms: -0.0031
Episode_Reward/joint_deviation_legs: -0.0023
Episode_Reward/joint_deviation_waist: -0.0081
Episode_Reward/gait_feet_frc_perio: 1.6440
Episode_Reward/gait_feet_spd_perio: 0.6024
Episode_Reward/gait_feet_frc_support_perio: 0.5814
       Episode_Reward/ankle_torque: -0.0368
       Episode_Reward/ankle_action: -0.0029
    Episode_Reward/hip_roll_action: -0.8239
     Episode_Reward/hip_yaw_action: -0.5069
    Episode_Reward/feet_y_distance: -0.0133
--------------------------------------------------------------------------------
                   Total timesteps: 49545216
                    Iteration time: 3.69s
                      Time elapsed: 00:15:30
                               ETA: 04:52:22

################################################################################
                     [1m Learning iteration 252/5000 [0m                      

                       Computation: 53320 steps/s (collection: 2.186s, learning 1.501s)
             Mean action noise std: 0.47
          Mean value_function loss: 0.0698
               Mean surrogate loss: 0.0086
                 Mean entropy loss: 11.2964
                     Mean amp loss: 0.1713
            Mean amp_grad_pen loss: 0.2167
         Mean amp_policy_pred loss: -0.6132
         Mean amp_expert_pred loss: 0.6099
                Mean symmetry loss: 0.0019
                       Mean reward: 110.53
               Mean episode length: 988.40
Episode_Reward/track_lin_vel_xy_exp: 4.3660
Episode_Reward/track_ang_vel_z_exp: 0.3273
       Episode_Reward/lin_vel_z_l2: -0.0126
      Episode_Reward/ang_vel_xy_l2: -0.0227
             Episode_Reward/energy: -0.0444
         Episode_Reward/dof_acc_l2: -0.0979
     Episode_Reward/action_rate_l2: -0.1610
 Episode_Reward/undesired_contacts: -0.0000
Episode_Reward/body_orientation_l2: -0.0138
Episode_Reward/flat_orientation_l2: -0.0083
Episode_Reward/termination_penalty: -0.0064
         Episode_Reward/feet_slide: -0.0119
         Episode_Reward/feet_force: -0.0113
      Episode_Reward/feet_too_near: -0.0128
       Episode_Reward/feet_stumble: 0.0000
     Episode_Reward/dof_pos_limits: -0.0371
Episode_Reward/joint_deviation_hip: -0.0244
Episode_Reward/joint_deviation_arms: -0.0033
Episode_Reward/joint_deviation_legs: -0.0024
Episode_Reward/joint_deviation_waist: -0.0087
Episode_Reward/gait_feet_frc_perio: 1.6191
Episode_Reward/gait_feet_spd_perio: 0.5978
Episode_Reward/gait_feet_frc_support_perio: 0.5732
       Episode_Reward/ankle_torque: -0.0362
       Episode_Reward/ankle_action: -0.0029
    Episode_Reward/hip_roll_action: -0.8138
     Episode_Reward/hip_yaw_action: -0.5009
    Episode_Reward/feet_y_distance: -0.0127
--------------------------------------------------------------------------------
                   Total timesteps: 49741824
                    Iteration time: 3.69s
                      Time elapsed: 00:15:34
                               ETA: 04:52:18

################################################################################
                     [1m Learning iteration 253/5000 [0m                      

                       Computation: 53642 steps/s (collection: 2.190s, learning 1.475s)
             Mean action noise std: 0.46
          Mean value_function loss: 0.1023
               Mean surrogate loss: 0.0060
                 Mean entropy loss: 11.1937
                     Mean amp loss: 0.1829
            Mean amp_grad_pen loss: 0.2207
         Mean amp_policy_pred loss: -0.5975
         Mean amp_expert_pred loss: 0.5942
                Mean symmetry loss: 0.0019
                       Mean reward: 110.10
               Mean episode length: 984.23
Episode_Reward/track_lin_vel_xy_exp: 4.3680
Episode_Reward/track_ang_vel_z_exp: 0.3236
       Episode_Reward/lin_vel_z_l2: -0.0127
      Episode_Reward/ang_vel_xy_l2: -0.0229
             Episode_Reward/energy: -0.0456
         Episode_Reward/dof_acc_l2: -0.0999
     Episode_Reward/action_rate_l2: -0.1601
 Episode_Reward/undesired_contacts: -0.0000
Episode_Reward/body_orientation_l2: -0.0132
Episode_Reward/flat_orientation_l2: -0.0079
Episode_Reward/termination_penalty: -0.0079
         Episode_Reward/feet_slide: -0.0122
         Episode_Reward/feet_force: -0.0112
      Episode_Reward/feet_too_near: -0.0114
       Episode_Reward/feet_stumble: 0.0000
     Episode_Reward/dof_pos_limits: -0.0373
Episode_Reward/joint_deviation_hip: -0.0235
Episode_Reward/joint_deviation_arms: -0.0032
Episode_Reward/joint_deviation_legs: -0.0023
Episode_Reward/joint_deviation_waist: -0.0084
Episode_Reward/gait_feet_frc_perio: 1.6209
Episode_Reward/gait_feet_spd_perio: 0.5941
Episode_Reward/gait_feet_frc_support_perio: 0.5745
       Episode_Reward/ankle_torque: -0.0366
       Episode_Reward/ankle_action: -0.0029
    Episode_Reward/hip_roll_action: -0.8320
     Episode_Reward/hip_yaw_action: -0.5006
    Episode_Reward/feet_y_distance: -0.0137
--------------------------------------------------------------------------------
                   Total timesteps: 49938432
                    Iteration time: 3.67s
                      Time elapsed: 00:15:38
                               ETA: 04:52:14

################################################################################
                     [1m Learning iteration 254/5000 [0m                      

                       Computation: 53386 steps/s (collection: 2.185s, learning 1.497s)
             Mean action noise std: 0.46
          Mean value_function loss: 0.0892
               Mean surrogate loss: 0.0078
                 Mean entropy loss: 11.0866
                     Mean amp loss: 0.1916
            Mean amp_grad_pen loss: 0.2246
         Mean amp_policy_pred loss: -0.5834
         Mean amp_expert_pred loss: 0.5868
                Mean symmetry loss: 0.0019
                       Mean reward: 112.42
               Mean episode length: 992.20
Episode_Reward/track_lin_vel_xy_exp: 4.3852
Episode_Reward/track_ang_vel_z_exp: 0.3381
       Episode_Reward/lin_vel_z_l2: -0.0126
      Episode_Reward/ang_vel_xy_l2: -0.0228
             Episode_Reward/energy: -0.0460
         Episode_Reward/dof_acc_l2: -0.1001
     Episode_Reward/action_rate_l2: -0.1608
 Episode_Reward/undesired_contacts: -0.0000
Episode_Reward/body_orientation_l2: -0.0131
Episode_Reward/flat_orientation_l2: -0.0079
Episode_Reward/termination_penalty: -0.0060
         Episode_Reward/feet_slide: -0.0119
         Episode_Reward/feet_force: -0.0114
      Episode_Reward/feet_too_near: -0.0125
       Episode_Reward/feet_stumble: 0.0000
     Episode_Reward/dof_pos_limits: -0.0378
Episode_Reward/joint_deviation_hip: -0.0219
Episode_Reward/joint_deviation_arms: -0.0029
Episode_Reward/joint_deviation_legs: -0.0021
Episode_Reward/joint_deviation_waist: -0.0077
Episode_Reward/gait_feet_frc_perio: 1.6472
Episode_Reward/gait_feet_spd_perio: 0.6069
Episode_Reward/gait_feet_frc_support_perio: 0.5822
       Episode_Reward/ankle_torque: -0.0366
       Episode_Reward/ankle_action: -0.0029
    Episode_Reward/hip_roll_action: -0.8295
     Episode_Reward/hip_yaw_action: -0.5018
    Episode_Reward/feet_y_distance: -0.0126
--------------------------------------------------------------------------------
                   Total timesteps: 50135040
                    Iteration time: 3.68s
                      Time elapsed: 00:15:41
                               ETA: 04:52:10

################################################################################
                     [1m Learning iteration 255/5000 [0m                      

                       Computation: 53414 steps/s (collection: 2.185s, learning 1.496s)
             Mean action noise std: 0.46
          Mean value_function loss: 0.0963
               Mean surrogate loss: 0.0094
                 Mean entropy loss: 11.0080
                     Mean amp loss: 0.1970
            Mean amp_grad_pen loss: 0.2268
         Mean amp_policy_pred loss: -0.5729
         Mean amp_expert_pred loss: 0.5823
                Mean symmetry loss: 0.0019
                       Mean reward: 108.71
               Mean episode length: 970.87
Episode_Reward/track_lin_vel_xy_exp: 4.3699
Episode_Reward/track_ang_vel_z_exp: 0.3462
       Episode_Reward/lin_vel_z_l2: -0.0122
      Episode_Reward/ang_vel_xy_l2: -0.0226
             Episode_Reward/energy: -0.0435
         Episode_Reward/dof_acc_l2: -0.1008
     Episode_Reward/action_rate_l2: -0.1575
 Episode_Reward/undesired_contacts: -0.0000
Episode_Reward/body_orientation_l2: -0.0131
Episode_Reward/flat_orientation_l2: -0.0079
Episode_Reward/termination_penalty: -0.0088
         Episode_Reward/feet_slide: -0.0117
         Episode_Reward/feet_force: -0.0115
      Episode_Reward/feet_too_near: -0.0127
       Episode_Reward/feet_stumble: 0.0000
     Episode_Reward/dof_pos_limits: -0.0367
Episode_Reward/joint_deviation_hip: -0.0280
Episode_Reward/joint_deviation_arms: -0.0038
Episode_Reward/joint_deviation_legs: -0.0027
Episode_Reward/joint_deviation_waist: -0.0100
Episode_Reward/gait_feet_frc_perio: 1.5858
Episode_Reward/gait_feet_spd_perio: 0.5917
Episode_Reward/gait_feet_frc_support_perio: 0.5624
       Episode_Reward/ankle_torque: -0.0350
       Episode_Reward/ankle_action: -0.0028
    Episode_Reward/hip_roll_action: -0.7912
     Episode_Reward/hip_yaw_action: -0.4903
    Episode_Reward/feet_y_distance: -0.0151
--------------------------------------------------------------------------------
                   Total timesteps: 50331648
                    Iteration time: 3.68s
                      Time elapsed: 00:15:45
                               ETA: 04:52:06

################################################################################
                     [1m Learning iteration 256/5000 [0m                      

                       Computation: 53542 steps/s (collection: 2.191s, learning 1.481s)
             Mean action noise std: 0.46
          Mean value_function loss: 0.0667
               Mean surrogate loss: 0.0098
                 Mean entropy loss: 10.9291
                     Mean amp loss: 0.2050
            Mean amp_grad_pen loss: 0.2287
         Mean amp_policy_pred loss: -0.5653
         Mean amp_expert_pred loss: 0.5704
                Mean symmetry loss: 0.0019
                       Mean reward: 113.17
               Mean episode length: 990.18
Episode_Reward/track_lin_vel_xy_exp: 4.4093
Episode_Reward/track_ang_vel_z_exp: 0.3374
       Episode_Reward/lin_vel_z_l2: -0.0121
      Episode_Reward/ang_vel_xy_l2: -0.0226
             Episode_Reward/energy: -0.0443
         Episode_Reward/dof_acc_l2: -0.0960
     Episode_Reward/action_rate_l2: -0.1589
 Episode_Reward/undesired_contacts: -0.0000
Episode_Reward/body_orientation_l2: -0.0139
Episode_Reward/flat_orientation_l2: -0.0083
Episode_Reward/termination_penalty: -0.0065
         Episode_Reward/feet_slide: -0.0116
         Episode_Reward/feet_force: -0.0113
      Episode_Reward/feet_too_near: -0.0128
       Episode_Reward/feet_stumble: 0.0000
     Episode_Reward/dof_pos_limits: -0.0374
Episode_Reward/joint_deviation_hip: -0.0217
Episode_Reward/joint_deviation_arms: -0.0030
Episode_Reward/joint_deviation_legs: -0.0021
Episode_Reward/joint_deviation_waist: -0.0073
Episode_Reward/gait_feet_frc_perio: 1.6474
Episode_Reward/gait_feet_spd_perio: 0.6206
Episode_Reward/gait_feet_frc_support_perio: 0.5856
       Episode_Reward/ankle_torque: -0.0357
       Episode_Reward/ankle_action: -0.0029
    Episode_Reward/hip_roll_action: -0.7999
     Episode_Reward/hip_yaw_action: -0.4951
    Episode_Reward/feet_y_distance: -0.0147
--------------------------------------------------------------------------------
                   Total timesteps: 50528256
                    Iteration time: 3.67s
                      Time elapsed: 00:15:49
                               ETA: 04:52:02

################################################################################
                     [1m Learning iteration 257/5000 [0m                      

                       Computation: 53255 steps/s (collection: 2.188s, learning 1.504s)
             Mean action noise std: 0.46
          Mean value_function loss: 0.0910
               Mean surrogate loss: 0.0120
                 Mean entropy loss: 10.8630
                     Mean amp loss: 0.2050
            Mean amp_grad_pen loss: 0.2263
         Mean amp_policy_pred loss: -0.5675
         Mean amp_expert_pred loss: 0.5668
                Mean symmetry loss: 0.0021
                       Mean reward: 109.65
               Mean episode length: 978.15
Episode_Reward/track_lin_vel_xy_exp: 4.3227
Episode_Reward/track_ang_vel_z_exp: 0.3489
       Episode_Reward/lin_vel_z_l2: -0.0124
      Episode_Reward/ang_vel_xy_l2: -0.0221
             Episode_Reward/energy: -0.0448
         Episode_Reward/dof_acc_l2: -0.0945
     Episode_Reward/action_rate_l2: -0.1551
 Episode_Reward/undesired_contacts: -0.0000
Episode_Reward/body_orientation_l2: -0.0129
Episode_Reward/flat_orientation_l2: -0.0077
Episode_Reward/termination_penalty: -0.0083
         Episode_Reward/feet_slide: -0.0118
         Episode_Reward/feet_force: -0.0109
      Episode_Reward/feet_too_near: -0.0122
       Episode_Reward/feet_stumble: 0.0000
     Episode_Reward/dof_pos_limits: -0.0367
Episode_Reward/joint_deviation_hip: -0.0244
Episode_Reward/joint_deviation_arms: -0.0033
Episode_Reward/joint_deviation_legs: -0.0024
Episode_Reward/joint_deviation_waist: -0.0086
Episode_Reward/gait_feet_frc_perio: 1.5940
Episode_Reward/gait_feet_spd_perio: 0.5945
Episode_Reward/gait_feet_frc_support_perio: 0.5667
       Episode_Reward/ankle_torque: -0.0349
       Episode_Reward/ankle_action: -0.0028
    Episode_Reward/hip_roll_action: -0.7997
     Episode_Reward/hip_yaw_action: -0.4862
    Episode_Reward/feet_y_distance: -0.0125
--------------------------------------------------------------------------------
                   Total timesteps: 50724864
                    Iteration time: 3.69s
                      Time elapsed: 00:15:52
                               ETA: 04:51:58

################################################################################
                     [1m Learning iteration 258/5000 [0m                      

                       Computation: 53578 steps/s (collection: 2.182s, learning 1.488s)
             Mean action noise std: 0.46
          Mean value_function loss: 0.1116
               Mean surrogate loss: 0.0069
                 Mean entropy loss: 10.8264
                     Mean amp loss: 0.2027
            Mean amp_grad_pen loss: 0.2256
         Mean amp_policy_pred loss: -0.5688
         Mean amp_expert_pred loss: 0.5702
                Mean symmetry loss: 0.0018
                       Mean reward: 109.40
               Mean episode length: 960.63
Episode_Reward/track_lin_vel_xy_exp: 4.3187
Episode_Reward/track_ang_vel_z_exp: 0.3293
       Episode_Reward/lin_vel_z_l2: -0.0123
      Episode_Reward/ang_vel_xy_l2: -0.0220
             Episode_Reward/energy: -0.0456
         Episode_Reward/dof_acc_l2: -0.0984
     Episode_Reward/action_rate_l2: -0.1544
 Episode_Reward/undesired_contacts: -0.0000
Episode_Reward/body_orientation_l2: -0.0131
Episode_Reward/flat_orientation_l2: -0.0078
Episode_Reward/termination_penalty: -0.0108
         Episode_Reward/feet_slide: -0.0117
         Episode_Reward/feet_force: -0.0109
      Episode_Reward/feet_too_near: -0.0128
       Episode_Reward/feet_stumble: 0.0000
     Episode_Reward/dof_pos_limits: -0.0373
Episode_Reward/joint_deviation_hip: -0.0188
Episode_Reward/joint_deviation_arms: -0.0026
Episode_Reward/joint_deviation_legs: -0.0018
Episode_Reward/joint_deviation_waist: -0.0065
Episode_Reward/gait_feet_frc_perio: 1.6396
Episode_Reward/gait_feet_spd_perio: 0.6125
Episode_Reward/gait_feet_frc_support_perio: 0.5816
       Episode_Reward/ankle_torque: -0.0356
       Episode_Reward/ankle_action: -0.0028
    Episode_Reward/hip_roll_action: -0.8063
     Episode_Reward/hip_yaw_action: -0.4867
    Episode_Reward/feet_y_distance: -0.0118
--------------------------------------------------------------------------------
                   Total timesteps: 50921472
                    Iteration time: 3.67s
                      Time elapsed: 00:15:56
                               ETA: 04:51:54

################################################################################
                     [1m Learning iteration 259/5000 [0m                      

                       Computation: 53178 steps/s (collection: 2.196s, learning 1.501s)
             Mean action noise std: 0.46
          Mean value_function loss: 0.0879
               Mean surrogate loss: 0.0089
                 Mean entropy loss: 10.7738
                     Mean amp loss: 0.2096
            Mean amp_grad_pen loss: 0.2308
         Mean amp_policy_pred loss: -0.5558
         Mean amp_expert_pred loss: 0.5654
                Mean symmetry loss: 0.0018
                       Mean reward: 113.71
               Mean episode length: 992.79
Episode_Reward/track_lin_vel_xy_exp: 4.4007
Episode_Reward/track_ang_vel_z_exp: 0.3298
       Episode_Reward/lin_vel_z_l2: -0.0118
      Episode_Reward/ang_vel_xy_l2: -0.0220
             Episode_Reward/energy: -0.0442
         Episode_Reward/dof_acc_l2: -0.0990
     Episode_Reward/action_rate_l2: -0.1555
 Episode_Reward/undesired_contacts: -0.0000
Episode_Reward/body_orientation_l2: -0.0132
Episode_Reward/flat_orientation_l2: -0.0079
Episode_Reward/termination_penalty: -0.0039
         Episode_Reward/feet_slide: -0.0114
         Episode_Reward/feet_force: -0.0112
      Episode_Reward/feet_too_near: -0.0135
       Episode_Reward/feet_stumble: 0.0000
     Episode_Reward/dof_pos_limits: -0.0368
Episode_Reward/joint_deviation_hip: -0.0223
Episode_Reward/joint_deviation_arms: -0.0030
Episode_Reward/joint_deviation_legs: -0.0021
Episode_Reward/joint_deviation_waist: -0.0078
Episode_Reward/gait_feet_frc_perio: 1.6404
Episode_Reward/gait_feet_spd_perio: 0.6243
Episode_Reward/gait_feet_frc_support_perio: 0.5836
       Episode_Reward/ankle_torque: -0.0347
       Episode_Reward/ankle_action: -0.0029
    Episode_Reward/hip_roll_action: -0.7837
     Episode_Reward/hip_yaw_action: -0.4876
    Episode_Reward/feet_y_distance: -0.0128
--------------------------------------------------------------------------------
                   Total timesteps: 51118080
                    Iteration time: 3.70s
                      Time elapsed: 00:16:00
                               ETA: 04:51:50

################################################################################
                     [1m Learning iteration 260/5000 [0m                      

                       Computation: 53738 steps/s (collection: 2.185s, learning 1.473s)
             Mean action noise std: 0.45
          Mean value_function loss: 0.1024
               Mean surrogate loss: 0.0065
                 Mean entropy loss: 10.6999
                     Mean amp loss: 0.2068
            Mean amp_grad_pen loss: 0.2270
         Mean amp_policy_pred loss: -0.5655
         Mean amp_expert_pred loss: 0.5613
                Mean symmetry loss: 0.0018
                       Mean reward: 109.58
               Mean episode length: 965.28
Episode_Reward/track_lin_vel_xy_exp: 4.3319
Episode_Reward/track_ang_vel_z_exp: 0.3409
       Episode_Reward/lin_vel_z_l2: -0.0126
      Episode_Reward/ang_vel_xy_l2: -0.0221
             Episode_Reward/energy: -0.0465
         Episode_Reward/dof_acc_l2: -0.0968
     Episode_Reward/action_rate_l2: -0.1535
 Episode_Reward/undesired_contacts: -0.0000
Episode_Reward/body_orientation_l2: -0.0131
Episode_Reward/flat_orientation_l2: -0.0079
Episode_Reward/termination_penalty: -0.0086
         Episode_Reward/feet_slide: -0.0118
         Episode_Reward/feet_force: -0.0109
      Episode_Reward/feet_too_near: -0.0124
       Episode_Reward/feet_stumble: 0.0000
     Episode_Reward/dof_pos_limits: -0.0374
Episode_Reward/joint_deviation_hip: -0.0198
Episode_Reward/joint_deviation_arms: -0.0027
Episode_Reward/joint_deviation_legs: -0.0019
Episode_Reward/joint_deviation_waist: -0.0066
Episode_Reward/gait_feet_frc_perio: 1.6368
Episode_Reward/gait_feet_spd_perio: 0.6089
Episode_Reward/gait_feet_frc_support_perio: 0.5799
       Episode_Reward/ankle_torque: -0.0358
       Episode_Reward/ankle_action: -0.0029
    Episode_Reward/hip_roll_action: -0.8159
     Episode_Reward/hip_yaw_action: -0.4844
    Episode_Reward/feet_y_distance: -0.0126
--------------------------------------------------------------------------------
                   Total timesteps: 51314688
                    Iteration time: 3.66s
                      Time elapsed: 00:16:03
                               ETA: 04:51:46

################################################################################
                     [1m Learning iteration 261/5000 [0m                      

                       Computation: 53820 steps/s (collection: 2.184s, learning 1.469s)
             Mean action noise std: 0.45
          Mean value_function loss: 0.0962
               Mean surrogate loss: 0.0066
                 Mean entropy loss: 10.6694
                     Mean amp loss: 0.2012
            Mean amp_grad_pen loss: 0.2249
         Mean amp_policy_pred loss: -0.5739
         Mean amp_expert_pred loss: 0.5667
                Mean symmetry loss: 0.0019
                       Mean reward: 112.00
               Mean episode length: 986.95
Episode_Reward/track_lin_vel_xy_exp: 4.3532
Episode_Reward/track_ang_vel_z_exp: 0.3401
       Episode_Reward/lin_vel_z_l2: -0.0124
      Episode_Reward/ang_vel_xy_l2: -0.0219
             Episode_Reward/energy: -0.0451
         Episode_Reward/dof_acc_l2: -0.0947
     Episode_Reward/action_rate_l2: -0.1524
 Episode_Reward/undesired_contacts: -0.0000
Episode_Reward/body_orientation_l2: -0.0129
Episode_Reward/flat_orientation_l2: -0.0078
Episode_Reward/termination_penalty: -0.0092
         Episode_Reward/feet_slide: -0.0115
         Episode_Reward/feet_force: -0.0109
      Episode_Reward/feet_too_near: -0.0127
       Episode_Reward/feet_stumble: 0.0000
     Episode_Reward/dof_pos_limits: -0.0370
Episode_Reward/joint_deviation_hip: -0.0230
Episode_Reward/joint_deviation_arms: -0.0031
Episode_Reward/joint_deviation_legs: -0.0022
Episode_Reward/joint_deviation_waist: -0.0080
Episode_Reward/gait_feet_frc_perio: 1.6184
Episode_Reward/gait_feet_spd_perio: 0.6108
Episode_Reward/gait_feet_frc_support_perio: 0.5751
       Episode_Reward/ankle_torque: -0.0348
       Episode_Reward/ankle_action: -0.0028
    Episode_Reward/hip_roll_action: -0.7952
     Episode_Reward/hip_yaw_action: -0.4825
    Episode_Reward/feet_y_distance: -0.0130
--------------------------------------------------------------------------------
                   Total timesteps: 51511296
                    Iteration time: 3.65s
                      Time elapsed: 00:16:07
                               ETA: 04:51:42

################################################################################
                     [1m Learning iteration 262/5000 [0m                      

                       Computation: 53321 steps/s (collection: 2.188s, learning 1.499s)
             Mean action noise std: 0.45
          Mean value_function loss: 0.1042
               Mean surrogate loss: 0.0068
                 Mean entropy loss: 10.6059
                     Mean amp loss: 0.1963
            Mean amp_grad_pen loss: 0.2257
         Mean amp_policy_pred loss: -0.5789
         Mean amp_expert_pred loss: 0.5745
                Mean symmetry loss: 0.0020
                       Mean reward: 111.57
               Mean episode length: 978.33
Episode_Reward/track_lin_vel_xy_exp: 4.3742
Episode_Reward/track_ang_vel_z_exp: 0.3427
       Episode_Reward/lin_vel_z_l2: -0.0125
      Episode_Reward/ang_vel_xy_l2: -0.0219
             Episode_Reward/energy: -0.0470
         Episode_Reward/dof_acc_l2: -0.1005
     Episode_Reward/action_rate_l2: -0.1533
 Episode_Reward/undesired_contacts: -0.0000
Episode_Reward/body_orientation_l2: -0.0125
Episode_Reward/flat_orientation_l2: -0.0075
Episode_Reward/termination_penalty: -0.0097
         Episode_Reward/feet_slide: -0.0118
         Episode_Reward/feet_force: -0.0110
      Episode_Reward/feet_too_near: -0.0119
       Episode_Reward/feet_stumble: 0.0000
     Episode_Reward/dof_pos_limits: -0.0376
Episode_Reward/joint_deviation_hip: -0.0222
Episode_Reward/joint_deviation_arms: -0.0030
Episode_Reward/joint_deviation_legs: -0.0022
Episode_Reward/joint_deviation_waist: -0.0074
Episode_Reward/gait_feet_frc_perio: 1.6383
Episode_Reward/gait_feet_spd_perio: 0.6143
Episode_Reward/gait_feet_frc_support_perio: 0.5815
       Episode_Reward/ankle_torque: -0.0357
       Episode_Reward/ankle_action: -0.0028
    Episode_Reward/hip_roll_action: -0.8177
     Episode_Reward/hip_yaw_action: -0.4850
    Episode_Reward/feet_y_distance: -0.0136
--------------------------------------------------------------------------------
                   Total timesteps: 51707904
                    Iteration time: 3.69s
                      Time elapsed: 00:16:11
                               ETA: 04:51:38

################################################################################
                     [1m Learning iteration 263/5000 [0m                      

                       Computation: 53431 steps/s (collection: 2.185s, learning 1.495s)
             Mean action noise std: 0.45
          Mean value_function loss: 0.0953
               Mean surrogate loss: 0.0084
                 Mean entropy loss: 10.5478
                     Mean amp loss: 0.2122
            Mean amp_grad_pen loss: 0.2302
         Mean amp_policy_pred loss: -0.5534
         Mean amp_expert_pred loss: 0.5635
                Mean symmetry loss: 0.0019
                       Mean reward: 110.28
               Mean episode length: 965.38
Episode_Reward/track_lin_vel_xy_exp: 4.3879
Episode_Reward/track_ang_vel_z_exp: 0.3583
       Episode_Reward/lin_vel_z_l2: -0.0124
      Episode_Reward/ang_vel_xy_l2: -0.0216
             Episode_Reward/energy: -0.0474
         Episode_Reward/dof_acc_l2: -0.0940
     Episode_Reward/action_rate_l2: -0.1528
 Episode_Reward/undesired_contacts: -0.0000
Episode_Reward/body_orientation_l2: -0.0125
Episode_Reward/flat_orientation_l2: -0.0075
Episode_Reward/termination_penalty: -0.0046
         Episode_Reward/feet_slide: -0.0118
         Episode_Reward/feet_force: -0.0109
      Episode_Reward/feet_too_near: -0.0123
       Episode_Reward/feet_stumble: 0.0000
     Episode_Reward/dof_pos_limits: -0.0377
Episode_Reward/joint_deviation_hip: -0.0212
Episode_Reward/joint_deviation_arms: -0.0029
Episode_Reward/joint_deviation_legs: -0.0020
Episode_Reward/joint_deviation_waist: -0.0072
Episode_Reward/gait_feet_frc_perio: 1.6517
Episode_Reward/gait_feet_spd_perio: 0.6190
Episode_Reward/gait_feet_frc_support_perio: 0.5872
       Episode_Reward/ankle_torque: -0.0358
       Episode_Reward/ankle_action: -0.0029
    Episode_Reward/hip_roll_action: -0.8234
     Episode_Reward/hip_yaw_action: -0.4859
    Episode_Reward/feet_y_distance: -0.0127
--------------------------------------------------------------------------------
                   Total timesteps: 51904512
                    Iteration time: 3.68s
                      Time elapsed: 00:16:14
                               ETA: 04:51:34

################################################################################
                     [1m Learning iteration 264/5000 [0m                      

                       Computation: 53674 steps/s (collection: 2.189s, learning 1.474s)
             Mean action noise std: 0.45
          Mean value_function loss: 0.0755
               Mean surrogate loss: 0.0088
                 Mean entropy loss: 10.4492
                     Mean amp loss: 0.2037
            Mean amp_grad_pen loss: 0.2249
         Mean amp_policy_pred loss: -0.5739
         Mean amp_expert_pred loss: 0.5643
                Mean symmetry loss: 0.0020
                       Mean reward: 113.54
               Mean episode length: 986.87
Episode_Reward/track_lin_vel_xy_exp: 4.3145
Episode_Reward/track_ang_vel_z_exp: 0.3436
       Episode_Reward/lin_vel_z_l2: -0.0122
      Episode_Reward/ang_vel_xy_l2: -0.0211
             Episode_Reward/energy: -0.0468
         Episode_Reward/dof_acc_l2: -0.0938
     Episode_Reward/action_rate_l2: -0.1494
 Episode_Reward/undesired_contacts: -0.0000
Episode_Reward/body_orientation_l2: -0.0122
Episode_Reward/flat_orientation_l2: -0.0073
Episode_Reward/termination_penalty: -0.0082
         Episode_Reward/feet_slide: -0.0117
         Episode_Reward/feet_force: -0.0108
      Episode_Reward/feet_too_near: -0.0110
       Episode_Reward/feet_stumble: 0.0000
     Episode_Reward/dof_pos_limits: -0.0373
Episode_Reward/joint_deviation_hip: -0.0190
Episode_Reward/joint_deviation_arms: -0.0026
Episode_Reward/joint_deviation_legs: -0.0018
Episode_Reward/joint_deviation_waist: -0.0065
Episode_Reward/gait_feet_frc_perio: 1.6342
Episode_Reward/gait_feet_spd_perio: 0.6141
Episode_Reward/gait_feet_frc_support_perio: 0.5806
       Episode_Reward/ankle_torque: -0.0352
       Episode_Reward/ankle_action: -0.0028
    Episode_Reward/hip_roll_action: -0.8094
     Episode_Reward/hip_yaw_action: -0.4747
    Episode_Reward/feet_y_distance: -0.0117
--------------------------------------------------------------------------------
                   Total timesteps: 52101120
                    Iteration time: 3.66s
                      Time elapsed: 00:16:18
                               ETA: 04:51:30

################################################################################
                     [1m Learning iteration 265/5000 [0m                      

                       Computation: 53416 steps/s (collection: 2.185s, learning 1.496s)
             Mean action noise std: 0.45
          Mean value_function loss: 0.0740
               Mean surrogate loss: 0.0151
                 Mean entropy loss: 10.4084
                     Mean amp loss: 0.2041
            Mean amp_grad_pen loss: 0.2242
         Mean amp_policy_pred loss: -0.5671
         Mean amp_expert_pred loss: 0.5681
                Mean symmetry loss: 0.0021
                       Mean reward: 108.92
               Mean episode length: 957.12
Episode_Reward/track_lin_vel_xy_exp: 4.3502
Episode_Reward/track_ang_vel_z_exp: 0.3405
       Episode_Reward/lin_vel_z_l2: -0.0122
      Episode_Reward/ang_vel_xy_l2: -0.0214
             Episode_Reward/energy: -0.0452
         Episode_Reward/dof_acc_l2: -0.0929
     Episode_Reward/action_rate_l2: -0.1492
 Episode_Reward/undesired_contacts: -0.0000
Episode_Reward/body_orientation_l2: -0.0128
Episode_Reward/flat_orientation_l2: -0.0077
Episode_Reward/termination_penalty: -0.0076
         Episode_Reward/feet_slide: -0.0114
         Episode_Reward/feet_force: -0.0107
      Episode_Reward/feet_too_near: -0.0116
       Episode_Reward/feet_stumble: 0.0000
     Episode_Reward/dof_pos_limits: -0.0369
Episode_Reward/joint_deviation_hip: -0.0230
Episode_Reward/joint_deviation_arms: -0.0031
Episode_Reward/joint_deviation_legs: -0.0023
Episode_Reward/joint_deviation_waist: -0.0078
Episode_Reward/gait_feet_frc_perio: 1.6228
Episode_Reward/gait_feet_spd_perio: 0.6188
Episode_Reward/gait_feet_frc_support_perio: 0.5769
       Episode_Reward/ankle_torque: -0.0342
       Episode_Reward/ankle_action: -0.0028
    Episode_Reward/hip_roll_action: -0.7813
     Episode_Reward/hip_yaw_action: -0.4738
    Episode_Reward/feet_y_distance: -0.0147
--------------------------------------------------------------------------------
                   Total timesteps: 52297728
                    Iteration time: 3.68s
                      Time elapsed: 00:16:22
                               ETA: 04:51:26

################################################################################
                     [1m Learning iteration 266/5000 [0m                      

                       Computation: 53520 steps/s (collection: 2.193s, learning 1.481s)
             Mean action noise std: 0.45
          Mean value_function loss: 0.1063
               Mean surrogate loss: 0.0068
                 Mean entropy loss: 10.3684
                     Mean amp loss: 0.2061
            Mean amp_grad_pen loss: 0.2271
         Mean amp_policy_pred loss: -0.5659
         Mean amp_expert_pred loss: 0.5657
                Mean symmetry loss: 0.0017
                       Mean reward: 113.99
               Mean episode length: 984.21
Episode_Reward/track_lin_vel_xy_exp: 4.4178
Episode_Reward/track_ang_vel_z_exp: 0.3611
       Episode_Reward/lin_vel_z_l2: -0.0122
      Episode_Reward/ang_vel_xy_l2: -0.0214
             Episode_Reward/energy: -0.0451
         Episode_Reward/dof_acc_l2: -0.0967
     Episode_Reward/action_rate_l2: -0.1497
 Episode_Reward/undesired_contacts: -0.0000
Episode_Reward/body_orientation_l2: -0.0123
Episode_Reward/flat_orientation_l2: -0.0074
Episode_Reward/termination_penalty: -0.0049
         Episode_Reward/feet_slide: -0.0116
         Episode_Reward/feet_force: -0.0109
      Episode_Reward/feet_too_near: -0.0127
       Episode_Reward/feet_stumble: 0.0000
     Episode_Reward/dof_pos_limits: -0.0370
Episode_Reward/joint_deviation_hip: -0.0249
Episode_Reward/joint_deviation_arms: -0.0034
Episode_Reward/joint_deviation_legs: -0.0025
Episode_Reward/joint_deviation_waist: -0.0084
Episode_Reward/gait_feet_frc_perio: 1.6332
Episode_Reward/gait_feet_spd_perio: 0.6246
Episode_Reward/gait_feet_frc_support_perio: 0.5798
       Episode_Reward/ankle_torque: -0.0342
       Episode_Reward/ankle_action: -0.0029
    Episode_Reward/hip_roll_action: -0.7844
     Episode_Reward/hip_yaw_action: -0.4776
    Episode_Reward/feet_y_distance: -0.0144
--------------------------------------------------------------------------------
                   Total timesteps: 52494336
                    Iteration time: 3.67s
                      Time elapsed: 00:16:25
                               ETA: 04:51:22

################################################################################
                     [1m Learning iteration 267/5000 [0m                      

                       Computation: 53493 steps/s (collection: 2.189s, learning 1.487s)
             Mean action noise std: 0.45
          Mean value_function loss: 0.0845
               Mean surrogate loss: 0.0069
                 Mean entropy loss: 10.3049
                     Mean amp loss: 0.2161
            Mean amp_grad_pen loss: 0.2284
         Mean amp_policy_pred loss: -0.5533
         Mean amp_expert_pred loss: 0.5532
                Mean symmetry loss: 0.0018
                       Mean reward: 110.48
               Mean episode length: 955.63
Episode_Reward/track_lin_vel_xy_exp: 4.2962
Episode_Reward/track_ang_vel_z_exp: 0.3456
       Episode_Reward/lin_vel_z_l2: -0.0121
      Episode_Reward/ang_vel_xy_l2: -0.0212
             Episode_Reward/energy: -0.0450
         Episode_Reward/dof_acc_l2: -0.0924
     Episode_Reward/action_rate_l2: -0.1456
 Episode_Reward/undesired_contacts: -0.0000
Episode_Reward/body_orientation_l2: -0.0127
Episode_Reward/flat_orientation_l2: -0.0076
Episode_Reward/termination_penalty: -0.0116
         Episode_Reward/feet_slide: -0.0110
         Episode_Reward/feet_force: -0.0105
      Episode_Reward/feet_too_near: -0.0135
       Episode_Reward/feet_stumble: 0.0000
     Episode_Reward/dof_pos_limits: -0.0368
Episode_Reward/joint_deviation_hip: -0.0183
Episode_Reward/joint_deviation_arms: -0.0025
Episode_Reward/joint_deviation_legs: -0.0018
Episode_Reward/joint_deviation_waist: -0.0060
Episode_Reward/gait_feet_frc_perio: 1.6356
Episode_Reward/gait_feet_spd_perio: 0.6282
Episode_Reward/gait_feet_frc_support_perio: 0.5803
       Episode_Reward/ankle_torque: -0.0335
       Episode_Reward/ankle_action: -0.0028
    Episode_Reward/hip_roll_action: -0.7644
     Episode_Reward/hip_yaw_action: -0.4636
    Episode_Reward/feet_y_distance: -0.0124
--------------------------------------------------------------------------------
                   Total timesteps: 52690944
                    Iteration time: 3.68s
                      Time elapsed: 00:16:29
                               ETA: 04:51:18

################################################################################
                     [1m Learning iteration 268/5000 [0m                      

                       Computation: 53444 steps/s (collection: 2.186s, learning 1.493s)
             Mean action noise std: 0.44
          Mean value_function loss: 0.0828
               Mean surrogate loss: 0.0079
                 Mean entropy loss: 10.2110
                     Mean amp loss: 0.2046
            Mean amp_grad_pen loss: 0.2274
         Mean amp_policy_pred loss: -0.5695
         Mean amp_expert_pred loss: 0.5636
                Mean symmetry loss: 0.0019
                       Mean reward: 112.66
               Mean episode length: 973.06
Episode_Reward/track_lin_vel_xy_exp: 4.3743
Episode_Reward/track_ang_vel_z_exp: 0.3585
       Episode_Reward/lin_vel_z_l2: -0.0121
      Episode_Reward/ang_vel_xy_l2: -0.0214
             Episode_Reward/energy: -0.0466
         Episode_Reward/dof_acc_l2: -0.0903
     Episode_Reward/action_rate_l2: -0.1478
 Episode_Reward/undesired_contacts: -0.0000
Episode_Reward/body_orientation_l2: -0.0130
Episode_Reward/flat_orientation_l2: -0.0078
Episode_Reward/termination_penalty: -0.0061
         Episode_Reward/feet_slide: -0.0115
         Episode_Reward/feet_force: -0.0106
      Episode_Reward/feet_too_near: -0.0120
       Episode_Reward/feet_stumble: 0.0000
     Episode_Reward/dof_pos_limits: -0.0374
Episode_Reward/joint_deviation_hip: -0.0197
Episode_Reward/joint_deviation_arms: -0.0027
Episode_Reward/joint_deviation_legs: -0.0019
Episode_Reward/joint_deviation_waist: -0.0064
Episode_Reward/gait_feet_frc_perio: 1.6609
Episode_Reward/gait_feet_spd_perio: 0.6353
Episode_Reward/gait_feet_frc_support_perio: 0.5899
       Episode_Reward/ankle_torque: -0.0345
       Episode_Reward/ankle_action: -0.0029
    Episode_Reward/hip_roll_action: -0.7929
     Episode_Reward/hip_yaw_action: -0.4728
    Episode_Reward/feet_y_distance: -0.0118
--------------------------------------------------------------------------------
                   Total timesteps: 52887552
                    Iteration time: 3.68s
                      Time elapsed: 00:16:33
                               ETA: 04:51:14

################################################################################
                     [1m Learning iteration 269/5000 [0m                      

                       Computation: 53430 steps/s (collection: 2.188s, learning 1.492s)
             Mean action noise std: 0.44
          Mean value_function loss: 0.0976
               Mean surrogate loss: 0.0062
                 Mean entropy loss: 10.1599
                     Mean amp loss: 0.2031
            Mean amp_grad_pen loss: 0.2281
         Mean amp_policy_pred loss: -0.5729
         Mean amp_expert_pred loss: 0.5663
                Mean symmetry loss: 0.0020
                       Mean reward: 111.78
               Mean episode length: 977.69
Episode_Reward/track_lin_vel_xy_exp: 4.3095
Episode_Reward/track_ang_vel_z_exp: 0.3602
       Episode_Reward/lin_vel_z_l2: -0.0119
      Episode_Reward/ang_vel_xy_l2: -0.0206
             Episode_Reward/energy: -0.0433
         Episode_Reward/dof_acc_l2: -0.0930
     Episode_Reward/action_rate_l2: -0.1432
 Episode_Reward/undesired_contacts: -0.0000
Episode_Reward/body_orientation_l2: -0.0117
Episode_Reward/flat_orientation_l2: -0.0070
Episode_Reward/termination_penalty: -0.0087
         Episode_Reward/feet_slide: -0.0112
         Episode_Reward/feet_force: -0.0106
      Episode_Reward/feet_too_near: -0.0109
       Episode_Reward/feet_stumble: 0.0000
     Episode_Reward/dof_pos_limits: -0.0353
Episode_Reward/joint_deviation_hip: -0.0298
Episode_Reward/joint_deviation_arms: -0.0041
Episode_Reward/joint_deviation_legs: -0.0029
Episode_Reward/joint_deviation_waist: -0.0098
Episode_Reward/gait_feet_frc_perio: 1.5352
Episode_Reward/gait_feet_spd_perio: 0.5890
Episode_Reward/gait_feet_frc_support_perio: 0.5473
       Episode_Reward/ankle_torque: -0.0326
       Episode_Reward/ankle_action: -0.0027
    Episode_Reward/hip_roll_action: -0.7504
     Episode_Reward/hip_yaw_action: -0.4575
    Episode_Reward/feet_y_distance: -0.0138
--------------------------------------------------------------------------------
                   Total timesteps: 53084160
                    Iteration time: 3.68s
                      Time elapsed: 00:16:37
                               ETA: 04:51:10

################################################################################
                     [1m Learning iteration 270/5000 [0m                      

                       Computation: 53989 steps/s (collection: 2.188s, learning 1.453s)
             Mean action noise std: 0.44
          Mean value_function loss: 0.0708
               Mean surrogate loss: 0.0081
                 Mean entropy loss: 10.0862
                     Mean amp loss: 0.2127
            Mean amp_grad_pen loss: 0.2276
         Mean amp_policy_pred loss: -0.5609
         Mean amp_expert_pred loss: 0.5544
                Mean symmetry loss: 0.0019
                       Mean reward: 112.28
               Mean episode length: 973.15
Episode_Reward/track_lin_vel_xy_exp: 4.3392
Episode_Reward/track_ang_vel_z_exp: 0.3629
       Episode_Reward/lin_vel_z_l2: -0.0124
      Episode_Reward/ang_vel_xy_l2: -0.0210
             Episode_Reward/energy: -0.0457
         Episode_Reward/dof_acc_l2: -0.0923
     Episode_Reward/action_rate_l2: -0.1449
 Episode_Reward/undesired_contacts: -0.0000
Episode_Reward/body_orientation_l2: -0.0122
Episode_Reward/flat_orientation_l2: -0.0073
Episode_Reward/termination_penalty: -0.0073
         Episode_Reward/feet_slide: -0.0113
         Episode_Reward/feet_force: -0.0104
      Episode_Reward/feet_too_near: -0.0114
       Episode_Reward/feet_stumble: 0.0000
     Episode_Reward/dof_pos_limits: -0.0366
Episode_Reward/joint_deviation_hip: -0.0256
Episode_Reward/joint_deviation_arms: -0.0035
Episode_Reward/joint_deviation_legs: -0.0025
Episode_Reward/joint_deviation_waist: -0.0086
Episode_Reward/gait_feet_frc_perio: 1.5964
Episode_Reward/gait_feet_spd_perio: 0.6095
Episode_Reward/gait_feet_frc_support_perio: 0.5670
       Episode_Reward/ankle_torque: -0.0337
       Episode_Reward/ankle_action: -0.0028
    Episode_Reward/hip_roll_action: -0.7788
     Episode_Reward/hip_yaw_action: -0.4650
    Episode_Reward/feet_y_distance: -0.0141
--------------------------------------------------------------------------------
                   Total timesteps: 53280768
                    Iteration time: 3.64s
                      Time elapsed: 00:16:40
                               ETA: 04:51:05

################################################################################
                     [1m Learning iteration 271/5000 [0m                      

                       Computation: 53332 steps/s (collection: 2.187s, learning 1.499s)
             Mean action noise std: 0.44
          Mean value_function loss: 0.0850
               Mean surrogate loss: 0.0072
                 Mean entropy loss: 10.0079
                     Mean amp loss: 0.2002
            Mean amp_grad_pen loss: 0.2239
         Mean amp_policy_pred loss: -0.5753
         Mean amp_expert_pred loss: 0.5701
                Mean symmetry loss: 0.0018
                       Mean reward: 115.46
               Mean episode length: 988.09
Episode_Reward/track_lin_vel_xy_exp: 4.3817
Episode_Reward/track_ang_vel_z_exp: 0.3546
       Episode_Reward/lin_vel_z_l2: -0.0120
      Episode_Reward/ang_vel_xy_l2: -0.0209
             Episode_Reward/energy: -0.0460
         Episode_Reward/dof_acc_l2: -0.0914
     Episode_Reward/action_rate_l2: -0.1454
 Episode_Reward/undesired_contacts: -0.0000
Episode_Reward/body_orientation_l2: -0.0123
Episode_Reward/flat_orientation_l2: -0.0074
Episode_Reward/termination_penalty: -0.0052
         Episode_Reward/feet_slide: -0.0115
         Episode_Reward/feet_force: -0.0105
      Episode_Reward/feet_too_near: -0.0120
       Episode_Reward/feet_stumble: 0.0000
     Episode_Reward/dof_pos_limits: -0.0368
Episode_Reward/joint_deviation_hip: -0.0224
Episode_Reward/joint_deviation_arms: -0.0030
Episode_Reward/joint_deviation_legs: -0.0022
Episode_Reward/joint_deviation_waist: -0.0073
Episode_Reward/gait_feet_frc_perio: 1.6325
Episode_Reward/gait_feet_spd_perio: 0.6315
Episode_Reward/gait_feet_frc_support_perio: 0.5816
       Episode_Reward/ankle_torque: -0.0337
       Episode_Reward/ankle_action: -0.0028
    Episode_Reward/hip_roll_action: -0.7793
     Episode_Reward/hip_yaw_action: -0.4664
    Episode_Reward/feet_y_distance: -0.0142
--------------------------------------------------------------------------------
                   Total timesteps: 53477376
                    Iteration time: 3.69s
                      Time elapsed: 00:16:44
                               ETA: 04:51:01

################################################################################
                     [1m Learning iteration 272/5000 [0m                      

                       Computation: 53626 steps/s (collection: 2.189s, learning 1.477s)
             Mean action noise std: 0.44
          Mean value_function loss: 0.0597
               Mean surrogate loss: 0.0128
                 Mean entropy loss: 9.9492
                     Mean amp loss: 0.2020
            Mean amp_grad_pen loss: 0.2251
         Mean amp_policy_pred loss: -0.5706
         Mean amp_expert_pred loss: 0.5778
                Mean symmetry loss: 0.0019
                       Mean reward: 116.19
               Mean episode length: 1000.00
Episode_Reward/track_lin_vel_xy_exp: 4.3963
Episode_Reward/track_ang_vel_z_exp: 0.3515
       Episode_Reward/lin_vel_z_l2: -0.0124
      Episode_Reward/ang_vel_xy_l2: -0.0213
             Episode_Reward/energy: -0.0467
         Episode_Reward/dof_acc_l2: -0.0954
     Episode_Reward/action_rate_l2: -0.1460
 Episode_Reward/undesired_contacts: -0.0000
Episode_Reward/body_orientation_l2: -0.0132
Episode_Reward/flat_orientation_l2: -0.0079
Episode_Reward/termination_penalty: -0.0040
         Episode_Reward/feet_slide: -0.0113
         Episode_Reward/feet_force: -0.0105
      Episode_Reward/feet_too_near: -0.0127
       Episode_Reward/feet_stumble: 0.0000
     Episode_Reward/dof_pos_limits: -0.0371
Episode_Reward/joint_deviation_hip: -0.0206
Episode_Reward/joint_deviation_arms: -0.0028
Episode_Reward/joint_deviation_legs: -0.0020
Episode_Reward/joint_deviation_waist: -0.0067
Episode_Reward/gait_feet_frc_perio: 1.6646
Episode_Reward/gait_feet_spd_perio: 0.6409
Episode_Reward/gait_feet_frc_support_perio: 0.5907
       Episode_Reward/ankle_torque: -0.0338
       Episode_Reward/ankle_action: -0.0029
    Episode_Reward/hip_roll_action: -0.7799
     Episode_Reward/hip_yaw_action: -0.4684
    Episode_Reward/feet_y_distance: -0.0123
--------------------------------------------------------------------------------
                   Total timesteps: 53673984
                    Iteration time: 3.67s
                      Time elapsed: 00:16:48
                               ETA: 04:50:57

################################################################################
                     [1m Learning iteration 273/5000 [0m                      

                       Computation: 53024 steps/s (collection: 2.210s, learning 1.498s)
             Mean action noise std: 0.44
          Mean value_function loss: 0.0854
               Mean surrogate loss: 0.0061
                 Mean entropy loss: 9.8991
                     Mean amp loss: 0.1940
            Mean amp_grad_pen loss: 0.2249
         Mean amp_policy_pred loss: -0.5824
         Mean amp_expert_pred loss: 0.5791
                Mean symmetry loss: 0.0017
                       Mean reward: 115.42
               Mean episode length: 983.95
Episode_Reward/track_lin_vel_xy_exp: 4.3978
Episode_Reward/track_ang_vel_z_exp: 0.3458
       Episode_Reward/lin_vel_z_l2: -0.0124
      Episode_Reward/ang_vel_xy_l2: -0.0209
             Episode_Reward/energy: -0.0483
         Episode_Reward/dof_acc_l2: -0.0932
     Episode_Reward/action_rate_l2: -0.1450
 Episode_Reward/undesired_contacts: -0.0000
Episode_Reward/body_orientation_l2: -0.0121
Episode_Reward/flat_orientation_l2: -0.0073
Episode_Reward/termination_penalty: -0.0063
         Episode_Reward/feet_slide: -0.0114
         Episode_Reward/feet_force: -0.0103
      Episode_Reward/feet_too_near: -0.0121
       Episode_Reward/feet_stumble: 0.0000
     Episode_Reward/dof_pos_limits: -0.0377
Episode_Reward/joint_deviation_hip: -0.0208
Episode_Reward/joint_deviation_arms: -0.0029
Episode_Reward/joint_deviation_legs: -0.0021
Episode_Reward/joint_deviation_waist: -0.0069
Episode_Reward/gait_feet_frc_perio: 1.6559
Episode_Reward/gait_feet_spd_perio: 0.6341
Episode_Reward/gait_feet_frc_support_perio: 0.5869
       Episode_Reward/ankle_torque: -0.0346
       Episode_Reward/ankle_action: -0.0029
    Episode_Reward/hip_roll_action: -0.8077
     Episode_Reward/hip_yaw_action: -0.4692
    Episode_Reward/feet_y_distance: -0.0128
--------------------------------------------------------------------------------
                   Total timesteps: 53870592
                    Iteration time: 3.71s
                      Time elapsed: 00:16:51
                               ETA: 04:50:54

################################################################################
                     [1m Learning iteration 274/5000 [0m                      

                       Computation: 53203 steps/s (collection: 2.204s, learning 1.491s)
             Mean action noise std: 0.44
          Mean value_function loss: 0.0809
               Mean surrogate loss: 0.0064
                 Mean entropy loss: 9.8068
                     Mean amp loss: 0.1931
            Mean amp_grad_pen loss: 0.2236
         Mean amp_policy_pred loss: -0.5836
         Mean amp_expert_pred loss: 0.5783
                Mean symmetry loss: 0.0018
                       Mean reward: 112.99
               Mean episode length: 969.50
Episode_Reward/track_lin_vel_xy_exp: 4.3769
Episode_Reward/track_ang_vel_z_exp: 0.3531
       Episode_Reward/lin_vel_z_l2: -0.0117
      Episode_Reward/ang_vel_xy_l2: -0.0206
             Episode_Reward/energy: -0.0448
         Episode_Reward/dof_acc_l2: -0.0885
     Episode_Reward/action_rate_l2: -0.1421
 Episode_Reward/undesired_contacts: -0.0000
Episode_Reward/body_orientation_l2: -0.0125
Episode_Reward/flat_orientation_l2: -0.0075
Episode_Reward/termination_penalty: -0.0061
         Episode_Reward/feet_slide: -0.0110
         Episode_Reward/feet_force: -0.0105
      Episode_Reward/feet_too_near: -0.0123
       Episode_Reward/feet_stumble: 0.0000
     Episode_Reward/dof_pos_limits: -0.0362
Episode_Reward/joint_deviation_hip: -0.0219
Episode_Reward/joint_deviation_arms: -0.0030
Episode_Reward/joint_deviation_legs: -0.0022
Episode_Reward/joint_deviation_waist: -0.0073
Episode_Reward/gait_feet_frc_perio: 1.6291
Episode_Reward/gait_feet_spd_perio: 0.6386
Episode_Reward/gait_feet_frc_support_perio: 0.5823
       Episode_Reward/ankle_torque: -0.0326
       Episode_Reward/ankle_action: -0.0028
    Episode_Reward/hip_roll_action: -0.7548
     Episode_Reward/hip_yaw_action: -0.4586
    Episode_Reward/feet_y_distance: -0.0123
--------------------------------------------------------------------------------
                   Total timesteps: 54067200
                    Iteration time: 3.70s
                      Time elapsed: 00:16:55
                               ETA: 04:50:50

################################################################################
                     [1m Learning iteration 275/5000 [0m                      

                       Computation: 53075 steps/s (collection: 2.205s, learning 1.499s)
             Mean action noise std: 0.44
          Mean value_function loss: 0.0930
               Mean surrogate loss: 0.0095
                 Mean entropy loss: 9.7406
                     Mean amp loss: 0.2051
            Mean amp_grad_pen loss: 0.2336
         Mean amp_policy_pred loss: -0.5645
         Mean amp_expert_pred loss: 0.5669
                Mean symmetry loss: 0.0017
                       Mean reward: 114.62
               Mean episode length: 977.77
Episode_Reward/track_lin_vel_xy_exp: 4.3862
Episode_Reward/track_ang_vel_z_exp: 0.3560
       Episode_Reward/lin_vel_z_l2: -0.0121
      Episode_Reward/ang_vel_xy_l2: -0.0207
             Episode_Reward/energy: -0.0467
         Episode_Reward/dof_acc_l2: -0.0905
     Episode_Reward/action_rate_l2: -0.1428
 Episode_Reward/undesired_contacts: -0.0000
Episode_Reward/body_orientation_l2: -0.0131
Episode_Reward/flat_orientation_l2: -0.0079
Episode_Reward/termination_penalty: -0.0057
         Episode_Reward/feet_slide: -0.0112
         Episode_Reward/feet_force: -0.0105
      Episode_Reward/feet_too_near: -0.0124
       Episode_Reward/feet_stumble: 0.0000
     Episode_Reward/dof_pos_limits: -0.0370
Episode_Reward/joint_deviation_hip: -0.0199
Episode_Reward/joint_deviation_arms: -0.0027
Episode_Reward/joint_deviation_legs: -0.0020
Episode_Reward/joint_deviation_waist: -0.0063
Episode_Reward/gait_feet_frc_perio: 1.6607
Episode_Reward/gait_feet_spd_perio: 0.6456
Episode_Reward/gait_feet_frc_support_perio: 0.5905
       Episode_Reward/ankle_torque: -0.0335
       Episode_Reward/ankle_action: -0.0029
    Episode_Reward/hip_roll_action: -0.7765
     Episode_Reward/hip_yaw_action: -0.4629
    Episode_Reward/feet_y_distance: -0.0111
--------------------------------------------------------------------------------
                   Total timesteps: 54263808
                    Iteration time: 3.70s
                      Time elapsed: 00:16:59
                               ETA: 04:50:47

################################################################################
                     [1m Learning iteration 276/5000 [0m                      

                       Computation: 53376 steps/s (collection: 2.205s, learning 1.478s)
             Mean action noise std: 0.43
          Mean value_function loss: 0.0695
               Mean surrogate loss: 0.0124
                 Mean entropy loss: 9.6705
                     Mean amp loss: 0.2197
            Mean amp_grad_pen loss: 0.2353
         Mean amp_policy_pred loss: -0.5495
         Mean amp_expert_pred loss: 0.5483
                Mean symmetry loss: 0.0018
                       Mean reward: 117.01
               Mean episode length: 998.43
Episode_Reward/track_lin_vel_xy_exp: 4.4002
Episode_Reward/track_ang_vel_z_exp: 0.3706
       Episode_Reward/lin_vel_z_l2: -0.0117
      Episode_Reward/ang_vel_xy_l2: -0.0204
             Episode_Reward/energy: -0.0455
         Episode_Reward/dof_acc_l2: -0.0897
     Episode_Reward/action_rate_l2: -0.1418
 Episode_Reward/undesired_contacts: -0.0000
Episode_Reward/body_orientation_l2: -0.0121
Episode_Reward/flat_orientation_l2: -0.0073
Episode_Reward/termination_penalty: -0.0051
         Episode_Reward/feet_slide: -0.0111
         Episode_Reward/feet_force: -0.0104
      Episode_Reward/feet_too_near: -0.0125
       Episode_Reward/feet_stumble: 0.0000
     Episode_Reward/dof_pos_limits: -0.0363
Episode_Reward/joint_deviation_hip: -0.0247
Episode_Reward/joint_deviation_arms: -0.0034
Episode_Reward/joint_deviation_legs: -0.0025
Episode_Reward/joint_deviation_waist: -0.0080
Episode_Reward/gait_feet_frc_perio: 1.6224
Episode_Reward/gait_feet_spd_perio: 0.6345
Episode_Reward/gait_feet_frc_support_perio: 0.5782
       Episode_Reward/ankle_torque: -0.0329
       Episode_Reward/ankle_action: -0.0028
    Episode_Reward/hip_roll_action: -0.7639
     Episode_Reward/hip_yaw_action: -0.4600
    Episode_Reward/feet_y_distance: -0.0135
--------------------------------------------------------------------------------
                   Total timesteps: 54460416
                    Iteration time: 3.68s
                      Time elapsed: 00:17:02
                               ETA: 04:50:43

################################################################################
                     [1m Learning iteration 277/5000 [0m                      

                       Computation: 53270 steps/s (collection: 2.199s, learning 1.491s)
             Mean action noise std: 0.43
          Mean value_function loss: 0.0716
               Mean surrogate loss: 0.0103
                 Mean entropy loss: 9.6232
                     Mean amp loss: 0.2241
            Mean amp_grad_pen loss: 0.2358
         Mean amp_policy_pred loss: -0.5427
         Mean amp_expert_pred loss: 0.5444
                Mean symmetry loss: 0.0017
                       Mean reward: 116.02
               Mean episode length: 991.53
Episode_Reward/track_lin_vel_xy_exp: 4.3907
Episode_Reward/track_ang_vel_z_exp: 0.3652
       Episode_Reward/lin_vel_z_l2: -0.0122
      Episode_Reward/ang_vel_xy_l2: -0.0205
             Episode_Reward/energy: -0.0473
         Episode_Reward/dof_acc_l2: -0.0870
     Episode_Reward/action_rate_l2: -0.1417
 Episode_Reward/undesired_contacts: -0.0000
Episode_Reward/body_orientation_l2: -0.0128
Episode_Reward/flat_orientation_l2: -0.0077
Episode_Reward/termination_penalty: -0.0051
         Episode_Reward/feet_slide: -0.0112
         Episode_Reward/feet_force: -0.0100
      Episode_Reward/feet_too_near: -0.0118
       Episode_Reward/feet_stumble: 0.0000
     Episode_Reward/dof_pos_limits: -0.0372
Episode_Reward/joint_deviation_hip: -0.0205
Episode_Reward/joint_deviation_arms: -0.0028
Episode_Reward/joint_deviation_legs: -0.0020
Episode_Reward/joint_deviation_waist: -0.0066
Episode_Reward/gait_feet_frc_perio: 1.6594
Episode_Reward/gait_feet_spd_perio: 0.6450
Episode_Reward/gait_feet_frc_support_perio: 0.5904
       Episode_Reward/ankle_torque: -0.0336
       Episode_Reward/ankle_action: -0.0029
    Episode_Reward/hip_roll_action: -0.7806
     Episode_Reward/hip_yaw_action: -0.4608
    Episode_Reward/feet_y_distance: -0.0124
--------------------------------------------------------------------------------
                   Total timesteps: 54657024
                    Iteration time: 3.69s
                      Time elapsed: 00:17:06
                               ETA: 04:50:39

################################################################################
                     [1m Learning iteration 278/5000 [0m                      

                       Computation: 53146 steps/s (collection: 2.204s, learning 1.495s)
             Mean action noise std: 0.43
          Mean value_function loss: 0.0910
               Mean surrogate loss: 0.0062
                 Mean entropy loss: 9.5507
                     Mean amp loss: 0.2305
            Mean amp_grad_pen loss: 0.2338
         Mean amp_policy_pred loss: -0.5335
         Mean amp_expert_pred loss: 0.5363
                Mean symmetry loss: 0.0017
                       Mean reward: 113.98
               Mean episode length: 970.34
Episode_Reward/track_lin_vel_xy_exp: 4.3822
Episode_Reward/track_ang_vel_z_exp: 0.3599
       Episode_Reward/lin_vel_z_l2: -0.0120
      Episode_Reward/ang_vel_xy_l2: -0.0202
             Episode_Reward/energy: -0.0472
         Episode_Reward/dof_acc_l2: -0.0890
     Episode_Reward/action_rate_l2: -0.1406
 Episode_Reward/undesired_contacts: -0.0000
Episode_Reward/body_orientation_l2: -0.0121
Episode_Reward/flat_orientation_l2: -0.0073
Episode_Reward/termination_penalty: -0.0067
         Episode_Reward/feet_slide: -0.0112
         Episode_Reward/feet_force: -0.0102
      Episode_Reward/feet_too_near: -0.0116
       Episode_Reward/feet_stumble: 0.0000
     Episode_Reward/dof_pos_limits: -0.0372
Episode_Reward/joint_deviation_hip: -0.0214
Episode_Reward/joint_deviation_arms: -0.0030
Episode_Reward/joint_deviation_legs: -0.0022
Episode_Reward/joint_deviation_waist: -0.0068
Episode_Reward/gait_feet_frc_perio: 1.6413
Episode_Reward/gait_feet_spd_perio: 0.6356
Episode_Reward/gait_feet_frc_support_perio: 0.5826
       Episode_Reward/ankle_torque: -0.0335
       Episode_Reward/ankle_action: -0.0028
    Episode_Reward/hip_roll_action: -0.7832
     Episode_Reward/hip_yaw_action: -0.4574
    Episode_Reward/feet_y_distance: -0.0133
--------------------------------------------------------------------------------
                   Total timesteps: 54853632
                    Iteration time: 3.70s
                      Time elapsed: 00:17:10
                               ETA: 04:50:35

################################################################################
                     [1m Learning iteration 279/5000 [0m                      

                       Computation: 53271 steps/s (collection: 2.208s, learning 1.482s)
             Mean action noise std: 0.43
          Mean value_function loss: 0.0899
               Mean surrogate loss: 0.0067
                 Mean entropy loss: 9.4780
                     Mean amp loss: 0.2281
            Mean amp_grad_pen loss: 0.2326
         Mean amp_policy_pred loss: -0.5387
         Mean amp_expert_pred loss: 0.5359
                Mean symmetry loss: 0.0017
                       Mean reward: 112.91
               Mean episode length: 966.83
Episode_Reward/track_lin_vel_xy_exp: 4.3127
Episode_Reward/track_ang_vel_z_exp: 0.3459
       Episode_Reward/lin_vel_z_l2: -0.0122
      Episode_Reward/ang_vel_xy_l2: -0.0202
             Episode_Reward/energy: -0.0468
         Episode_Reward/dof_acc_l2: -0.0851
     Episode_Reward/action_rate_l2: -0.1377
 Episode_Reward/undesired_contacts: -0.0000
Episode_Reward/body_orientation_l2: -0.0125
Episode_Reward/flat_orientation_l2: -0.0075
Episode_Reward/termination_penalty: -0.0122
         Episode_Reward/feet_slide: -0.0112
         Episode_Reward/feet_force: -0.0103
      Episode_Reward/feet_too_near: -0.0113
       Episode_Reward/feet_stumble: 0.0000
     Episode_Reward/dof_pos_limits: -0.0363
Episode_Reward/joint_deviation_hip: -0.0230
Episode_Reward/joint_deviation_arms: -0.0032
Episode_Reward/joint_deviation_legs: -0.0023
Episode_Reward/joint_deviation_waist: -0.0073
Episode_Reward/gait_feet_frc_perio: 1.6102
Episode_Reward/gait_feet_spd_perio: 0.6212
Episode_Reward/gait_feet_frc_support_perio: 0.5707
       Episode_Reward/ankle_torque: -0.0328
       Episode_Reward/ankle_action: -0.0028
    Episode_Reward/hip_roll_action: -0.7724
     Episode_Reward/hip_yaw_action: -0.4513
    Episode_Reward/feet_y_distance: -0.0122
--------------------------------------------------------------------------------
                   Total timesteps: 55050240
                    Iteration time: 3.69s
                      Time elapsed: 00:17:13
                               ETA: 04:50:32

################################################################################
                     [1m Learning iteration 280/5000 [0m                      

                       Computation: 53663 steps/s (collection: 2.182s, learning 1.481s)
             Mean action noise std: 0.43
          Mean value_function loss: 0.0696
               Mean surrogate loss: 0.0083
                 Mean entropy loss: 9.4263
                     Mean amp loss: 0.2209
            Mean amp_grad_pen loss: 0.2310
         Mean amp_policy_pred loss: -0.5505
         Mean amp_expert_pred loss: 0.5408
                Mean symmetry loss: 0.0017
                       Mean reward: 115.92
               Mean episode length: 981.45
Episode_Reward/track_lin_vel_xy_exp: 4.4217
Episode_Reward/track_ang_vel_z_exp: 0.3682
       Episode_Reward/lin_vel_z_l2: -0.0118
      Episode_Reward/ang_vel_xy_l2: -0.0202
             Episode_Reward/energy: -0.0460
         Episode_Reward/dof_acc_l2: -0.0863
     Episode_Reward/action_rate_l2: -0.1394
 Episode_Reward/undesired_contacts: -0.0000
Episode_Reward/body_orientation_l2: -0.0122
Episode_Reward/flat_orientation_l2: -0.0073
Episode_Reward/termination_penalty: -0.0043
         Episode_Reward/feet_slide: -0.0110
         Episode_Reward/feet_force: -0.0104
      Episode_Reward/feet_too_near: -0.0125
       Episode_Reward/feet_stumble: 0.0000
     Episode_Reward/dof_pos_limits: -0.0370
Episode_Reward/joint_deviation_hip: -0.0226
Episode_Reward/joint_deviation_arms: -0.0031
Episode_Reward/joint_deviation_legs: -0.0023
Episode_Reward/joint_deviation_waist: -0.0072
Episode_Reward/gait_feet_frc_perio: 1.6457
Episode_Reward/gait_feet_spd_perio: 0.6499
Episode_Reward/gait_feet_frc_support_perio: 0.5871
       Episode_Reward/ankle_torque: -0.0324
       Episode_Reward/ankle_action: -0.0028
    Episode_Reward/hip_roll_action: -0.7579
     Episode_Reward/hip_yaw_action: -0.4553
    Episode_Reward/feet_y_distance: -0.0128
--------------------------------------------------------------------------------
                   Total timesteps: 55246848
                    Iteration time: 3.66s
                      Time elapsed: 00:17:17
                               ETA: 04:50:28

################################################################################
                     [1m Learning iteration 281/5000 [0m                      

                       Computation: 53038 steps/s (collection: 2.213s, learning 1.494s)
             Mean action noise std: 0.43
          Mean value_function loss: 0.0667
               Mean surrogate loss: 0.0086
                 Mean entropy loss: 9.3647
                     Mean amp loss: 0.2147
            Mean amp_grad_pen loss: 0.2282
         Mean amp_policy_pred loss: -0.5606
         Mean amp_expert_pred loss: 0.5471
                Mean symmetry loss: 0.0017
                       Mean reward: 117.16
               Mean episode length: 990.21
Episode_Reward/track_lin_vel_xy_exp: 4.3997
Episode_Reward/track_ang_vel_z_exp: 0.3598
       Episode_Reward/lin_vel_z_l2: -0.0123
      Episode_Reward/ang_vel_xy_l2: -0.0201
             Episode_Reward/energy: -0.0486
         Episode_Reward/dof_acc_l2: -0.0886
     Episode_Reward/action_rate_l2: -0.1394
 Episode_Reward/undesired_contacts: -0.0000
Episode_Reward/body_orientation_l2: -0.0122
Episode_Reward/flat_orientation_l2: -0.0073
Episode_Reward/termination_penalty: -0.0061
         Episode_Reward/feet_slide: -0.0115
         Episode_Reward/feet_force: -0.0097
      Episode_Reward/feet_too_near: -0.0122
       Episode_Reward/feet_stumble: 0.0000
     Episode_Reward/dof_pos_limits: -0.0378
Episode_Reward/joint_deviation_hip: -0.0199
Episode_Reward/joint_deviation_arms: -0.0028
Episode_Reward/joint_deviation_legs: -0.0020
Episode_Reward/joint_deviation_waist: -0.0063
Episode_Reward/gait_feet_frc_perio: 1.6678
Episode_Reward/gait_feet_spd_perio: 0.6496
Episode_Reward/gait_feet_frc_support_perio: 0.5940
       Episode_Reward/ankle_torque: -0.0337
       Episode_Reward/ankle_action: -0.0029
    Episode_Reward/hip_roll_action: -0.7952
     Episode_Reward/hip_yaw_action: -0.4586
    Episode_Reward/feet_y_distance: -0.0120
--------------------------------------------------------------------------------
                   Total timesteps: 55443456
                    Iteration time: 3.71s
                      Time elapsed: 00:17:21
                               ETA: 04:50:24

################################################################################
                     [1m Learning iteration 282/5000 [0m                      

                       Computation: 53298 steps/s (collection: 2.183s, learning 1.506s)
             Mean action noise std: 0.43
          Mean value_function loss: 0.0701
               Mean surrogate loss: 0.0078
                 Mean entropy loss: 9.2926
                     Mean amp loss: 0.2105
            Mean amp_grad_pen loss: 0.2282
         Mean amp_policy_pred loss: -0.5655
         Mean amp_expert_pred loss: 0.5523
                Mean symmetry loss: 0.0017
                       Mean reward: 118.08
               Mean episode length: 995.23
Episode_Reward/track_lin_vel_xy_exp: 4.4489
Episode_Reward/track_ang_vel_z_exp: 0.3748
       Episode_Reward/lin_vel_z_l2: -0.0117
      Episode_Reward/ang_vel_xy_l2: -0.0200
             Episode_Reward/energy: -0.0465
         Episode_Reward/dof_acc_l2: -0.0885
     Episode_Reward/action_rate_l2: -0.1387
 Episode_Reward/undesired_contacts: -0.0000
Episode_Reward/body_orientation_l2: -0.0118
Episode_Reward/flat_orientation_l2: -0.0071
Episode_Reward/termination_penalty: -0.0022
         Episode_Reward/feet_slide: -0.0112
         Episode_Reward/feet_force: -0.0101
      Episode_Reward/feet_too_near: -0.0119
       Episode_Reward/feet_stumble: 0.0000
     Episode_Reward/dof_pos_limits: -0.0373
Episode_Reward/joint_deviation_hip: -0.0231
Episode_Reward/joint_deviation_arms: -0.0032
Episode_Reward/joint_deviation_legs: -0.0024
Episode_Reward/joint_deviation_waist: -0.0072
Episode_Reward/gait_feet_frc_perio: 1.6501
Episode_Reward/gait_feet_spd_perio: 0.6490
Episode_Reward/gait_feet_frc_support_perio: 0.5881
       Episode_Reward/ankle_torque: -0.0324
       Episode_Reward/ankle_action: -0.0028
    Episode_Reward/hip_roll_action: -0.7653
     Episode_Reward/hip_yaw_action: -0.4552
    Episode_Reward/feet_y_distance: -0.0121
--------------------------------------------------------------------------------
                   Total timesteps: 55640064
                    Iteration time: 3.69s
                      Time elapsed: 00:17:24
                               ETA: 04:50:20

################################################################################
                     [1m Learning iteration 283/5000 [0m                      

                       Computation: 53539 steps/s (collection: 2.183s, learning 1.489s)
             Mean action noise std: 0.43
          Mean value_function loss: 0.0682
               Mean surrogate loss: 0.0074
                 Mean entropy loss: 9.2294
                     Mean amp loss: 0.2173
            Mean amp_grad_pen loss: 0.2332
         Mean amp_policy_pred loss: -0.5534
         Mean amp_expert_pred loss: 0.5489
                Mean symmetry loss: 0.0017
                       Mean reward: 117.61
               Mean episode length: 987.83
Episode_Reward/track_lin_vel_xy_exp: 4.4225
Episode_Reward/track_ang_vel_z_exp: 0.3661
       Episode_Reward/lin_vel_z_l2: -0.0116
      Episode_Reward/ang_vel_xy_l2: -0.0201
             Episode_Reward/energy: -0.0470
         Episode_Reward/dof_acc_l2: -0.0872
     Episode_Reward/action_rate_l2: -0.1381
 Episode_Reward/undesired_contacts: -0.0000
Episode_Reward/body_orientation_l2: -0.0125
Episode_Reward/flat_orientation_l2: -0.0075
Episode_Reward/termination_penalty: -0.0033
         Episode_Reward/feet_slide: -0.0111
         Episode_Reward/feet_force: -0.0103
      Episode_Reward/feet_too_near: -0.0129
       Episode_Reward/feet_stumble: 0.0000
     Episode_Reward/dof_pos_limits: -0.0372
Episode_Reward/joint_deviation_hip: -0.0192
Episode_Reward/joint_deviation_arms: -0.0027
Episode_Reward/joint_deviation_legs: -0.0020
Episode_Reward/joint_deviation_waist: -0.0061
Episode_Reward/gait_feet_frc_perio: 1.6769
Episode_Reward/gait_feet_spd_perio: 0.6626
Episode_Reward/gait_feet_frc_support_perio: 0.5977
       Episode_Reward/ankle_torque: -0.0324
       Episode_Reward/ankle_action: -0.0029
    Episode_Reward/hip_roll_action: -0.7588
     Episode_Reward/hip_yaw_action: -0.4531
    Episode_Reward/feet_y_distance: -0.0122
--------------------------------------------------------------------------------
                   Total timesteps: 55836672
                    Iteration time: 3.67s
                      Time elapsed: 00:17:28
                               ETA: 04:50:16

################################################################################
                     [1m Learning iteration 284/5000 [0m                      

                       Computation: 53307 steps/s (collection: 2.193s, learning 1.495s)
             Mean action noise std: 0.43
          Mean value_function loss: 0.0811
               Mean surrogate loss: 0.0075
                 Mean entropy loss: 9.1796
                     Mean amp loss: 0.2255
            Mean amp_grad_pen loss: 0.2334
         Mean amp_policy_pred loss: -0.5452
         Mean amp_expert_pred loss: 0.5388
                Mean symmetry loss: 0.0017
                       Mean reward: 114.57
               Mean episode length: 974.76
Episode_Reward/track_lin_vel_xy_exp: 4.4311
Episode_Reward/track_ang_vel_z_exp: 0.3863
       Episode_Reward/lin_vel_z_l2: -0.0118
      Episode_Reward/ang_vel_xy_l2: -0.0197
             Episode_Reward/energy: -0.0447
         Episode_Reward/dof_acc_l2: -0.0895
     Episode_Reward/action_rate_l2: -0.1362
 Episode_Reward/undesired_contacts: -0.0000
Episode_Reward/body_orientation_l2: -0.0118
Episode_Reward/flat_orientation_l2: -0.0071
Episode_Reward/termination_penalty: -0.0038
         Episode_Reward/feet_slide: -0.0107
         Episode_Reward/feet_force: -0.0105
      Episode_Reward/feet_too_near: -0.0115
       Episode_Reward/feet_stumble: 0.0000
     Episode_Reward/dof_pos_limits: -0.0360
Episode_Reward/joint_deviation_hip: -0.0302
Episode_Reward/joint_deviation_arms: -0.0041
Episode_Reward/joint_deviation_legs: -0.0031
Episode_Reward/joint_deviation_waist: -0.0094
Episode_Reward/gait_feet_frc_perio: 1.5883
Episode_Reward/gait_feet_spd_perio: 0.6304
Episode_Reward/gait_feet_frc_support_perio: 0.5656
       Episode_Reward/ankle_torque: -0.0314
       Episode_Reward/ankle_action: -0.0028
    Episode_Reward/hip_roll_action: -0.7417
     Episode_Reward/hip_yaw_action: -0.4473
    Episode_Reward/feet_y_distance: -0.0143
--------------------------------------------------------------------------------
                   Total timesteps: 56033280
                    Iteration time: 3.69s
                      Time elapsed: 00:17:32
                               ETA: 04:50:13

################################################################################
                     [1m Learning iteration 285/5000 [0m                      

                       Computation: 53436 steps/s (collection: 2.189s, learning 1.490s)
             Mean action noise std: 0.42
          Mean value_function loss: 0.0576
               Mean surrogate loss: 0.0112
                 Mean entropy loss: 9.1266
                     Mean amp loss: 0.2193
            Mean amp_grad_pen loss: 0.2305
         Mean amp_policy_pred loss: -0.5527
         Mean amp_expert_pred loss: 0.5449
                Mean symmetry loss: 0.0018
                       Mean reward: 118.63
               Mean episode length: 1000.00
Episode_Reward/track_lin_vel_xy_exp: 4.4968
Episode_Reward/track_ang_vel_z_exp: 0.3910
       Episode_Reward/lin_vel_z_l2: -0.0117
      Episode_Reward/ang_vel_xy_l2: -0.0199
             Episode_Reward/energy: -0.0460
         Episode_Reward/dof_acc_l2: -0.0906
     Episode_Reward/action_rate_l2: -0.1374
 Episode_Reward/undesired_contacts: 0.0000
Episode_Reward/body_orientation_l2: -0.0120
Episode_Reward/flat_orientation_l2: -0.0072
Episode_Reward/termination_penalty: 0.0000
         Episode_Reward/feet_slide: -0.0110
         Episode_Reward/feet_force: -0.0105
      Episode_Reward/feet_too_near: -0.0117
       Episode_Reward/feet_stumble: 0.0000
     Episode_Reward/dof_pos_limits: -0.0370
Episode_Reward/joint_deviation_hip: -0.0274
Episode_Reward/joint_deviation_arms: -0.0038
Episode_Reward/joint_deviation_legs: -0.0028
Episode_Reward/joint_deviation_waist: -0.0086
Episode_Reward/gait_feet_frc_perio: 1.6306
Episode_Reward/gait_feet_spd_perio: 0.6480
Episode_Reward/gait_feet_frc_support_perio: 0.5818
       Episode_Reward/ankle_torque: -0.0322
       Episode_Reward/ankle_action: -0.0029
    Episode_Reward/hip_roll_action: -0.7573
     Episode_Reward/hip_yaw_action: -0.4526
    Episode_Reward/feet_y_distance: -0.0135
--------------------------------------------------------------------------------
                   Total timesteps: 56229888
                    Iteration time: 3.68s
                      Time elapsed: 00:17:35
                               ETA: 04:50:09

################################################################################
                     [1m Learning iteration 286/5000 [0m                      

                       Computation: 53453 steps/s (collection: 2.186s, learning 1.492s)
             Mean action noise std: 0.42
          Mean value_function loss: 0.0753
               Mean surrogate loss: 0.0083
                 Mean entropy loss: 9.0472
                     Mean amp loss: 0.2162
            Mean amp_grad_pen loss: 0.2276
         Mean amp_policy_pred loss: -0.5539
         Mean amp_expert_pred loss: 0.5522
                Mean symmetry loss: 0.0017
                       Mean reward: 117.98
               Mean episode length: 990.67
Episode_Reward/track_lin_vel_xy_exp: 4.3773
Episode_Reward/track_ang_vel_z_exp: 0.3741
       Episode_Reward/lin_vel_z_l2: -0.0124
      Episode_Reward/ang_vel_xy_l2: -0.0200
             Episode_Reward/energy: -0.0485
         Episode_Reward/dof_acc_l2: -0.0869
     Episode_Reward/action_rate_l2: -0.1352
 Episode_Reward/undesired_contacts: -0.0000
Episode_Reward/body_orientation_l2: -0.0126
Episode_Reward/flat_orientation_l2: -0.0075
Episode_Reward/termination_penalty: -0.0049
         Episode_Reward/feet_slide: -0.0112
         Episode_Reward/feet_force: -0.0100
      Episode_Reward/feet_too_near: -0.0116
       Episode_Reward/feet_stumble: 0.0000
     Episode_Reward/dof_pos_limits: -0.0373
Episode_Reward/joint_deviation_hip: -0.0218
Episode_Reward/joint_deviation_arms: -0.0030
Episode_Reward/joint_deviation_legs: -0.0023
Episode_Reward/joint_deviation_waist: -0.0068
Episode_Reward/gait_feet_frc_perio: 1.6446
Episode_Reward/gait_feet_spd_perio: 0.6419
Episode_Reward/gait_feet_frc_support_perio: 0.5837
       Episode_Reward/ankle_torque: -0.0328
       Episode_Reward/ankle_action: -0.0028
    Episode_Reward/hip_roll_action: -0.7797
     Episode_Reward/hip_yaw_action: -0.4486
    Episode_Reward/feet_y_distance: -0.0129
--------------------------------------------------------------------------------
                   Total timesteps: 56426496
                    Iteration time: 3.68s
                      Time elapsed: 00:17:39
                               ETA: 04:50:05

################################################################################
                     [1m Learning iteration 287/5000 [0m                      

                       Computation: 53823 steps/s (collection: 2.192s, learning 1.461s)
             Mean action noise std: 0.42
          Mean value_function loss: 0.0837
               Mean surrogate loss: 0.0062
                 Mean entropy loss: 8.9704
                     Mean amp loss: 0.2104
            Mean amp_grad_pen loss: 0.2270
         Mean amp_policy_pred loss: -0.5630
         Mean amp_expert_pred loss: 0.5565
                Mean symmetry loss: 0.0018
                       Mean reward: 117.38
               Mean episode length: 985.85
Episode_Reward/track_lin_vel_xy_exp: 4.4003
Episode_Reward/track_ang_vel_z_exp: 0.3702
       Episode_Reward/lin_vel_z_l2: -0.0120
      Episode_Reward/ang_vel_xy_l2: -0.0195
             Episode_Reward/energy: -0.0487
         Episode_Reward/dof_acc_l2: -0.0821
     Episode_Reward/action_rate_l2: -0.1355
 Episode_Reward/undesired_contacts: -0.0000
Episode_Reward/body_orientation_l2: -0.0115
Episode_Reward/flat_orientation_l2: -0.0069
Episode_Reward/termination_penalty: -0.0045
         Episode_Reward/feet_slide: -0.0111
         Episode_Reward/feet_force: -0.0095
      Episode_Reward/feet_too_near: -0.0115
       Episode_Reward/feet_stumble: 0.0000
     Episode_Reward/dof_pos_limits: -0.0373
Episode_Reward/joint_deviation_hip: -0.0226
Episode_Reward/joint_deviation_arms: -0.0031
Episode_Reward/joint_deviation_legs: -0.0023
Episode_Reward/joint_deviation_waist: -0.0072
Episode_Reward/gait_feet_frc_perio: 1.6425
Episode_Reward/gait_feet_spd_perio: 0.6437
Episode_Reward/gait_feet_frc_support_perio: 0.5834
       Episode_Reward/ankle_torque: -0.0328
       Episode_Reward/ankle_action: -0.0028
    Episode_Reward/hip_roll_action: -0.7842
     Episode_Reward/hip_yaw_action: -0.4495
    Episode_Reward/feet_y_distance: -0.0133
--------------------------------------------------------------------------------
                   Total timesteps: 56623104
                    Iteration time: 3.65s
                      Time elapsed: 00:17:43
                               ETA: 04:50:00

################################################################################
                     [1m Learning iteration 288/5000 [0m                      

                       Computation: 53584 steps/s (collection: 2.187s, learning 1.482s)
             Mean action noise std: 0.42
          Mean value_function loss: 0.0726
               Mean surrogate loss: 0.0083
                 Mean entropy loss: 8.9268
                     Mean amp loss: 0.2122
            Mean amp_grad_pen loss: 0.2291
         Mean amp_policy_pred loss: -0.5605
         Mean amp_expert_pred loss: 0.5554
                Mean symmetry loss: 0.0018
                       Mean reward: 116.14
               Mean episode length: 979.26
Episode_Reward/track_lin_vel_xy_exp: 4.3636
Episode_Reward/track_ang_vel_z_exp: 0.3708
       Episode_Reward/lin_vel_z_l2: -0.0128
      Episode_Reward/ang_vel_xy_l2: -0.0199
             Episode_Reward/energy: -0.0503
         Episode_Reward/dof_acc_l2: -0.0865
     Episode_Reward/action_rate_l2: -0.1350
 Episode_Reward/undesired_contacts: -0.0000
Episode_Reward/body_orientation_l2: -0.0124
Episode_Reward/flat_orientation_l2: -0.0075
Episode_Reward/termination_penalty: -0.0053
         Episode_Reward/feet_slide: -0.0114
         Episode_Reward/feet_force: -0.0099
      Episode_Reward/feet_too_near: -0.0110
       Episode_Reward/feet_stumble: 0.0000
     Episode_Reward/dof_pos_limits: -0.0377
Episode_Reward/joint_deviation_hip: -0.0201
Episode_Reward/joint_deviation_arms: -0.0028
Episode_Reward/joint_deviation_legs: -0.0021
Episode_Reward/joint_deviation_waist: -0.0062
Episode_Reward/gait_feet_frc_perio: 1.6561
Episode_Reward/gait_feet_spd_perio: 0.6407
Episode_Reward/gait_feet_frc_support_perio: 0.5884
       Episode_Reward/ankle_torque: -0.0334
       Episode_Reward/ankle_action: -0.0029
    Episode_Reward/hip_roll_action: -0.8012
     Episode_Reward/hip_yaw_action: -0.4500
    Episode_Reward/feet_y_distance: -0.0113
--------------------------------------------------------------------------------
                   Total timesteps: 56819712
                    Iteration time: 3.67s
                      Time elapsed: 00:17:46
                               ETA: 04:49:56

################################################################################
                     [1m Learning iteration 289/5000 [0m                      

                       Computation: 53627 steps/s (collection: 2.200s, learning 1.466s)
             Mean action noise std: 0.42
          Mean value_function loss: 0.0839
               Mean surrogate loss: 0.0075
                 Mean entropy loss: 8.8589
                     Mean amp loss: 0.2158
            Mean amp_grad_pen loss: 0.2286
         Mean amp_policy_pred loss: -0.5553
         Mean amp_expert_pred loss: 0.5532
                Mean symmetry loss: 0.0018
                       Mean reward: 117.99
               Mean episode length: 988.02
Episode_Reward/track_lin_vel_xy_exp: 4.3577
Episode_Reward/track_ang_vel_z_exp: 0.3661
       Episode_Reward/lin_vel_z_l2: -0.0122
      Episode_Reward/ang_vel_xy_l2: -0.0199
             Episode_Reward/energy: -0.0475
         Episode_Reward/dof_acc_l2: -0.0834
     Episode_Reward/action_rate_l2: -0.1331
 Episode_Reward/undesired_contacts: -0.0000
Episode_Reward/body_orientation_l2: -0.0128
Episode_Reward/flat_orientation_l2: -0.0077
Episode_Reward/termination_penalty: -0.0083
         Episode_Reward/feet_slide: -0.0111
         Episode_Reward/feet_force: -0.0096
      Episode_Reward/feet_too_near: -0.0122
       Episode_Reward/feet_stumble: 0.0000
     Episode_Reward/dof_pos_limits: -0.0368
Episode_Reward/joint_deviation_hip: -0.0205
Episode_Reward/joint_deviation_arms: -0.0028
Episode_Reward/joint_deviation_legs: -0.0021
Episode_Reward/joint_deviation_waist: -0.0062
Episode_Reward/gait_feet_frc_perio: 1.6474
Episode_Reward/gait_feet_spd_perio: 0.6511
Episode_Reward/gait_feet_frc_support_perio: 0.5862
       Episode_Reward/ankle_torque: -0.0322
       Episode_Reward/ankle_action: -0.0028
    Episode_Reward/hip_roll_action: -0.7563
     Episode_Reward/hip_yaw_action: -0.4425
    Episode_Reward/feet_y_distance: -0.0115
--------------------------------------------------------------------------------
                   Total timesteps: 57016320
                    Iteration time: 3.67s
                      Time elapsed: 00:17:50
                               ETA: 04:49:52

################################################################################
                     [1m Learning iteration 290/5000 [0m                      

                       Computation: 53688 steps/s (collection: 2.189s, learning 1.473s)
             Mean action noise std: 0.42
          Mean value_function loss: 0.0757
               Mean surrogate loss: 0.0087
                 Mean entropy loss: 8.8140
                     Mean amp loss: 0.2146
            Mean amp_grad_pen loss: 0.2295
         Mean amp_policy_pred loss: -0.5520
         Mean amp_expert_pred loss: 0.5562
                Mean symmetry loss: 0.0017
                       Mean reward: 116.16
               Mean episode length: 975.18
Episode_Reward/track_lin_vel_xy_exp: 4.4233
Episode_Reward/track_ang_vel_z_exp: 0.3819
       Episode_Reward/lin_vel_z_l2: -0.0115
      Episode_Reward/ang_vel_xy_l2: -0.0197
             Episode_Reward/energy: -0.0453
         Episode_Reward/dof_acc_l2: -0.0842
     Episode_Reward/action_rate_l2: -0.1329
 Episode_Reward/undesired_contacts: -0.0000
Episode_Reward/body_orientation_l2: -0.0127
Episode_Reward/flat_orientation_l2: -0.0076
Episode_Reward/termination_penalty: -0.0045
         Episode_Reward/feet_slide: -0.0107
         Episode_Reward/feet_force: -0.0099
      Episode_Reward/feet_too_near: -0.0126
       Episode_Reward/feet_stumble: 0.0000
     Episode_Reward/dof_pos_limits: -0.0360
Episode_Reward/joint_deviation_hip: -0.0244
Episode_Reward/joint_deviation_arms: -0.0033
Episode_Reward/joint_deviation_legs: -0.0025
Episode_Reward/joint_deviation_waist: -0.0076
Episode_Reward/gait_feet_frc_perio: 1.6279
Episode_Reward/gait_feet_spd_perio: 0.6528
Episode_Reward/gait_feet_frc_support_perio: 0.5810
       Episode_Reward/ankle_torque: -0.0311
       Episode_Reward/ankle_action: -0.0029
    Episode_Reward/hip_roll_action: -0.7264
     Episode_Reward/hip_yaw_action: -0.4388
    Episode_Reward/feet_y_distance: -0.0129
--------------------------------------------------------------------------------
                   Total timesteps: 57212928
                    Iteration time: 3.66s
                      Time elapsed: 00:17:54
                               ETA: 04:49:48

################################################################################
                     [1m Learning iteration 291/5000 [0m                      

                       Computation: 53340 steps/s (collection: 2.187s, learning 1.499s)
             Mean action noise std: 0.42
          Mean value_function loss: 0.1009
               Mean surrogate loss: 0.0067
                 Mean entropy loss: 8.7253
                     Mean amp loss: 0.2164
            Mean amp_grad_pen loss: 0.2305
         Mean amp_policy_pred loss: -0.5523
         Mean amp_expert_pred loss: 0.5520
                Mean symmetry loss: 0.0018
                       Mean reward: 119.95
               Mean episode length: 992.92
Episode_Reward/track_lin_vel_xy_exp: 4.3947
Episode_Reward/track_ang_vel_z_exp: 0.3720
       Episode_Reward/lin_vel_z_l2: -0.0118
      Episode_Reward/ang_vel_xy_l2: -0.0196
             Episode_Reward/energy: -0.0479
         Episode_Reward/dof_acc_l2: -0.0858
     Episode_Reward/action_rate_l2: -0.1331
 Episode_Reward/undesired_contacts: -0.0000
Episode_Reward/body_orientation_l2: -0.0128
Episode_Reward/flat_orientation_l2: -0.0077
Episode_Reward/termination_penalty: -0.0064
         Episode_Reward/feet_slide: -0.0108
         Episode_Reward/feet_force: -0.0100
      Episode_Reward/feet_too_near: -0.0118
       Episode_Reward/feet_stumble: 0.0000
     Episode_Reward/dof_pos_limits: -0.0368
Episode_Reward/joint_deviation_hip: -0.0174
Episode_Reward/joint_deviation_arms: -0.0024
Episode_Reward/joint_deviation_legs: -0.0018
Episode_Reward/joint_deviation_waist: -0.0053
Episode_Reward/gait_feet_frc_perio: 1.6767
Episode_Reward/gait_feet_spd_perio: 0.6679
Episode_Reward/gait_feet_frc_support_perio: 0.5985
       Episode_Reward/ankle_torque: -0.0319
       Episode_Reward/ankle_action: -0.0029
    Episode_Reward/hip_roll_action: -0.7549
     Episode_Reward/hip_yaw_action: -0.4407
    Episode_Reward/feet_y_distance: -0.0113
--------------------------------------------------------------------------------
                   Total timesteps: 57409536
                    Iteration time: 3.69s
                      Time elapsed: 00:17:58
                               ETA: 04:49:44

################################################################################
                     [1m Learning iteration 292/5000 [0m                      

                       Computation: 53500 steps/s (collection: 2.186s, learning 1.489s)
             Mean action noise std: 0.42
          Mean value_function loss: 0.0721
               Mean surrogate loss: 0.0111
                 Mean entropy loss: 8.7003
                     Mean amp loss: 0.2233
            Mean amp_grad_pen loss: 0.2329
         Mean amp_policy_pred loss: -0.5469
         Mean amp_expert_pred loss: 0.5409
                Mean symmetry loss: 0.0019
                       Mean reward: 119.54
               Mean episode length: 990.39
Episode_Reward/track_lin_vel_xy_exp: 4.4134
Episode_Reward/track_ang_vel_z_exp: 0.3784
       Episode_Reward/lin_vel_z_l2: -0.0120
      Episode_Reward/ang_vel_xy_l2: -0.0198
             Episode_Reward/energy: -0.0484
         Episode_Reward/dof_acc_l2: -0.0855
     Episode_Reward/action_rate_l2: -0.1329
 Episode_Reward/undesired_contacts: -0.0000
Episode_Reward/body_orientation_l2: -0.0126
Episode_Reward/flat_orientation_l2: -0.0076
Episode_Reward/termination_penalty: -0.0044
         Episode_Reward/feet_slide: -0.0110
         Episode_Reward/feet_force: -0.0098
      Episode_Reward/feet_too_near: -0.0118
       Episode_Reward/feet_stumble: 0.0000
     Episode_Reward/dof_pos_limits: -0.0373
Episode_Reward/joint_deviation_hip: -0.0198
Episode_Reward/joint_deviation_arms: -0.0027
Episode_Reward/joint_deviation_legs: -0.0021
Episode_Reward/joint_deviation_waist: -0.0060
Episode_Reward/gait_feet_frc_perio: 1.6747
Episode_Reward/gait_feet_spd_perio: 0.6642
Episode_Reward/gait_feet_frc_support_perio: 0.5961
       Episode_Reward/ankle_torque: -0.0320
       Episode_Reward/ankle_action: -0.0029
    Episode_Reward/hip_roll_action: -0.7593
     Episode_Reward/hip_yaw_action: -0.4420
    Episode_Reward/feet_y_distance: -0.0134
--------------------------------------------------------------------------------
                   Total timesteps: 57606144
                    Iteration time: 3.67s
                      Time elapsed: 00:18:01
                               ETA: 04:49:40

################################################################################
                     [1m Learning iteration 293/5000 [0m                      

                       Computation: 53476 steps/s (collection: 2.188s, learning 1.488s)
             Mean action noise std: 0.42
          Mean value_function loss: 0.0736
               Mean surrogate loss: 0.0067
                 Mean entropy loss: 8.6406
                     Mean amp loss: 0.2241
            Mean amp_grad_pen loss: 0.2305
         Mean amp_policy_pred loss: -0.5486
         Mean amp_expert_pred loss: 0.5385
                Mean symmetry loss: 0.0017
                       Mean reward: 120.21
               Mean episode length: 998.32
Episode_Reward/track_lin_vel_xy_exp: 4.3578
Episode_Reward/track_ang_vel_z_exp: 0.3851
       Episode_Reward/lin_vel_z_l2: -0.0117
      Episode_Reward/ang_vel_xy_l2: -0.0195
             Episode_Reward/energy: -0.0461
         Episode_Reward/dof_acc_l2: -0.0838
     Episode_Reward/action_rate_l2: -0.1301
 Episode_Reward/undesired_contacts: -0.0000
Episode_Reward/body_orientation_l2: -0.0125
Episode_Reward/flat_orientation_l2: -0.0075
Episode_Reward/termination_penalty: -0.0082
         Episode_Reward/feet_slide: -0.0105
         Episode_Reward/feet_force: -0.0100
      Episode_Reward/feet_too_near: -0.0123
       Episode_Reward/feet_stumble: 0.0000
     Episode_Reward/dof_pos_limits: -0.0361
Episode_Reward/joint_deviation_hip: -0.0236
Episode_Reward/joint_deviation_arms: -0.0032
Episode_Reward/joint_deviation_legs: -0.0025
Episode_Reward/joint_deviation_waist: -0.0071
Episode_Reward/gait_feet_frc_perio: 1.6239
Episode_Reward/gait_feet_spd_perio: 0.6498
Episode_Reward/gait_feet_frc_support_perio: 0.5780
       Episode_Reward/ankle_torque: -0.0309
       Episode_Reward/ankle_action: -0.0028
    Episode_Reward/hip_roll_action: -0.7276
     Episode_Reward/hip_yaw_action: -0.4331
    Episode_Reward/feet_y_distance: -0.0115
--------------------------------------------------------------------------------
                   Total timesteps: 57802752
                    Iteration time: 3.68s
                      Time elapsed: 00:18:05
                               ETA: 04:49:36

################################################################################
                     [1m Learning iteration 294/5000 [0m                      

                       Computation: 53471 steps/s (collection: 2.186s, learning 1.491s)
             Mean action noise std: 0.41
          Mean value_function loss: 0.0729
               Mean surrogate loss: 0.0079
                 Mean entropy loss: 8.5804
                     Mean amp loss: 0.2225
            Mean amp_grad_pen loss: 0.2299
         Mean amp_policy_pred loss: -0.5455
         Mean amp_expert_pred loss: 0.5442
                Mean symmetry loss: 0.0017
                       Mean reward: 118.61
               Mean episode length: 985.26
Episode_Reward/track_lin_vel_xy_exp: 4.4199
Episode_Reward/track_ang_vel_z_exp: 0.3791
       Episode_Reward/lin_vel_z_l2: -0.0118
      Episode_Reward/ang_vel_xy_l2: -0.0197
             Episode_Reward/energy: -0.0466
         Episode_Reward/dof_acc_l2: -0.0835
     Episode_Reward/action_rate_l2: -0.1316
 Episode_Reward/undesired_contacts: -0.0000
Episode_Reward/body_orientation_l2: -0.0121
Episode_Reward/flat_orientation_l2: -0.0073
Episode_Reward/termination_penalty: -0.0040
         Episode_Reward/feet_slide: -0.0107
         Episode_Reward/feet_force: -0.0098
      Episode_Reward/feet_too_near: -0.0122
       Episode_Reward/feet_stumble: 0.0000
     Episode_Reward/dof_pos_limits: -0.0364
Episode_Reward/joint_deviation_hip: -0.0247
Episode_Reward/joint_deviation_arms: -0.0033
Episode_Reward/joint_deviation_legs: -0.0026
Episode_Reward/joint_deviation_waist: -0.0075
Episode_Reward/gait_feet_frc_perio: 1.6339
Episode_Reward/gait_feet_spd_perio: 0.6548
Episode_Reward/gait_feet_frc_support_perio: 0.5823
       Episode_Reward/ankle_torque: -0.0311
       Episode_Reward/ankle_action: -0.0028
    Episode_Reward/hip_roll_action: -0.7369
     Episode_Reward/hip_yaw_action: -0.4373
    Episode_Reward/feet_y_distance: -0.0129
--------------------------------------------------------------------------------
                   Total timesteps: 57999360
                    Iteration time: 3.68s
                      Time elapsed: 00:18:09
                               ETA: 04:49:32

################################################################################
                     [1m Learning iteration 295/5000 [0m                      

                       Computation: 53439 steps/s (collection: 2.196s, learning 1.483s)
             Mean action noise std: 0.41
          Mean value_function loss: 0.0897
               Mean surrogate loss: 0.0078
                 Mean entropy loss: 8.5359
                     Mean amp loss: 0.2229
            Mean amp_grad_pen loss: 0.2309
         Mean amp_policy_pred loss: -0.5429
         Mean amp_expert_pred loss: 0.5477
                Mean symmetry loss: 0.0017
                       Mean reward: 117.15
               Mean episode length: 972.39
Episode_Reward/track_lin_vel_xy_exp: 4.4014
Episode_Reward/track_ang_vel_z_exp: 0.3777
       Episode_Reward/lin_vel_z_l2: -0.0118
      Episode_Reward/ang_vel_xy_l2: -0.0195
             Episode_Reward/energy: -0.0470
         Episode_Reward/dof_acc_l2: -0.0816
     Episode_Reward/action_rate_l2: -0.1303
 Episode_Reward/undesired_contacts: -0.0000
Episode_Reward/body_orientation_l2: -0.0127
Episode_Reward/flat_orientation_l2: -0.0076
Episode_Reward/termination_penalty: -0.0044
         Episode_Reward/feet_slide: -0.0109
         Episode_Reward/feet_force: -0.0095
      Episode_Reward/feet_too_near: -0.0128
       Episode_Reward/feet_stumble: 0.0000
     Episode_Reward/dof_pos_limits: -0.0365
Episode_Reward/joint_deviation_hip: -0.0212
Episode_Reward/joint_deviation_arms: -0.0029
Episode_Reward/joint_deviation_legs: -0.0022
Episode_Reward/joint_deviation_waist: -0.0063
Episode_Reward/gait_feet_frc_perio: 1.6585
Episode_Reward/gait_feet_spd_perio: 0.6643
Episode_Reward/gait_feet_frc_support_perio: 0.5910
       Episode_Reward/ankle_torque: -0.0309
       Episode_Reward/ankle_action: -0.0029
    Episode_Reward/hip_roll_action: -0.7344
     Episode_Reward/hip_yaw_action: -0.4357
    Episode_Reward/feet_y_distance: -0.0117
--------------------------------------------------------------------------------
                   Total timesteps: 58195968
                    Iteration time: 3.68s
                      Time elapsed: 00:18:12
                               ETA: 04:49:29

################################################################################
                     [1m Learning iteration 296/5000 [0m                      

                       Computation: 53190 steps/s (collection: 2.190s, learning 1.506s)
             Mean action noise std: 0.41
          Mean value_function loss: 0.0821
               Mean surrogate loss: 0.0075
                 Mean entropy loss: 8.5003
                     Mean amp loss: 0.2211
            Mean amp_grad_pen loss: 0.2286
         Mean amp_policy_pred loss: -0.5496
         Mean amp_expert_pred loss: 0.5467
                Mean symmetry loss: 0.0017
                       Mean reward: 117.86
               Mean episode length: 982.58
Episode_Reward/track_lin_vel_xy_exp: 4.3546
Episode_Reward/track_ang_vel_z_exp: 0.3713
       Episode_Reward/lin_vel_z_l2: -0.0119
      Episode_Reward/ang_vel_xy_l2: -0.0195
             Episode_Reward/energy: -0.0481
         Episode_Reward/dof_acc_l2: -0.0819
     Episode_Reward/action_rate_l2: -0.1294
 Episode_Reward/undesired_contacts: -0.0000
Episode_Reward/body_orientation_l2: -0.0124
Episode_Reward/flat_orientation_l2: -0.0075
Episode_Reward/termination_penalty: -0.0066
         Episode_Reward/feet_slide: -0.0108
         Episode_Reward/feet_force: -0.0094
      Episode_Reward/feet_too_near: -0.0116
       Episode_Reward/feet_stumble: 0.0000
     Episode_Reward/dof_pos_limits: -0.0364
Episode_Reward/joint_deviation_hip: -0.0226
Episode_Reward/joint_deviation_arms: -0.0031
Episode_Reward/joint_deviation_legs: -0.0024
Episode_Reward/joint_deviation_waist: -0.0069
Episode_Reward/gait_feet_frc_perio: 1.6319
Episode_Reward/gait_feet_spd_perio: 0.6480
Episode_Reward/gait_feet_frc_support_perio: 0.5802
       Episode_Reward/ankle_torque: -0.0315
       Episode_Reward/ankle_action: -0.0028
    Episode_Reward/hip_roll_action: -0.7522
     Episode_Reward/hip_yaw_action: -0.4347
    Episode_Reward/feet_y_distance: -0.0109
--------------------------------------------------------------------------------
                   Total timesteps: 58392576
                    Iteration time: 3.70s
                      Time elapsed: 00:18:16
                               ETA: 04:49:25

################################################################################
                     [1m Learning iteration 297/5000 [0m                      

                       Computation: 53685 steps/s (collection: 2.190s, learning 1.473s)
             Mean action noise std: 0.41
          Mean value_function loss: 0.0743
               Mean surrogate loss: 0.0086
                 Mean entropy loss: 8.4515
                     Mean amp loss: 0.2215
            Mean amp_grad_pen loss: 0.2265
         Mean amp_policy_pred loss: -0.5482
         Mean amp_expert_pred loss: 0.5471
                Mean symmetry loss: 0.0017
                       Mean reward: 119.19
               Mean episode length: 981.29
Episode_Reward/track_lin_vel_xy_exp: 4.4451
Episode_Reward/track_ang_vel_z_exp: 0.3943
       Episode_Reward/lin_vel_z_l2: -0.0117
      Episode_Reward/ang_vel_xy_l2: -0.0194
             Episode_Reward/energy: -0.0477
         Episode_Reward/dof_acc_l2: -0.0833
     Episode_Reward/action_rate_l2: -0.1305
 Episode_Reward/undesired_contacts: -0.0000
Episode_Reward/body_orientation_l2: -0.0123
Episode_Reward/flat_orientation_l2: -0.0074
Episode_Reward/termination_penalty: -0.0042
         Episode_Reward/feet_slide: -0.0107
         Episode_Reward/feet_force: -0.0096
      Episode_Reward/feet_too_near: -0.0113
       Episode_Reward/feet_stumble: 0.0000
     Episode_Reward/dof_pos_limits: -0.0366
Episode_Reward/joint_deviation_hip: -0.0237
Episode_Reward/joint_deviation_arms: -0.0032
Episode_Reward/joint_deviation_legs: -0.0025
Episode_Reward/joint_deviation_waist: -0.0070
Episode_Reward/gait_feet_frc_perio: 1.6483
Episode_Reward/gait_feet_spd_perio: 0.6589
Episode_Reward/gait_feet_frc_support_perio: 0.5869
       Episode_Reward/ankle_torque: -0.0312
       Episode_Reward/ankle_action: -0.0028
    Episode_Reward/hip_roll_action: -0.7454
     Episode_Reward/hip_yaw_action: -0.4371
    Episode_Reward/feet_y_distance: -0.0135
--------------------------------------------------------------------------------
                   Total timesteps: 58589184
                    Iteration time: 3.66s
                      Time elapsed: 00:18:20
                               ETA: 04:49:21

################################################################################
                     [1m Learning iteration 298/5000 [0m                      

                       Computation: 53330 steps/s (collection: 2.191s, learning 1.496s)
             Mean action noise std: 0.41
          Mean value_function loss: 0.0595
               Mean surrogate loss: 0.0079
                 Mean entropy loss: 8.3689
                     Mean amp loss: 0.2203
            Mean amp_grad_pen loss: 0.2299
         Mean amp_policy_pred loss: -0.5502
         Mean amp_expert_pred loss: 0.5479
                Mean symmetry loss: 0.0017
                       Mean reward: 121.48
               Mean episode length: 1000.00
Episode_Reward/track_lin_vel_xy_exp: 4.3840
Episode_Reward/track_ang_vel_z_exp: 0.3795
       Episode_Reward/lin_vel_z_l2: -0.0118
      Episode_Reward/ang_vel_xy_l2: -0.0197
             Episode_Reward/energy: -0.0486
         Episode_Reward/dof_acc_l2: -0.0830
     Episode_Reward/action_rate_l2: -0.1303
 Episode_Reward/undesired_contacts: -0.0000
Episode_Reward/body_orientation_l2: -0.0133
Episode_Reward/flat_orientation_l2: -0.0080
Episode_Reward/termination_penalty: -0.0033
         Episode_Reward/feet_slide: -0.0109
         Episode_Reward/feet_force: -0.0096
      Episode_Reward/feet_too_near: -0.0132
       Episode_Reward/feet_stumble: 0.0000
     Episode_Reward/dof_pos_limits: -0.0365
Episode_Reward/joint_deviation_hip: -0.0172
Episode_Reward/joint_deviation_arms: -0.0024
Episode_Reward/joint_deviation_legs: -0.0019
Episode_Reward/joint_deviation_waist: -0.0052
Episode_Reward/gait_feet_frc_perio: 1.6964
Episode_Reward/gait_feet_spd_perio: 0.6774
Episode_Reward/gait_feet_frc_support_perio: 0.6036
       Episode_Reward/ankle_torque: -0.0316
       Episode_Reward/ankle_action: -0.0029
    Episode_Reward/hip_roll_action: -0.7514
     Episode_Reward/hip_yaw_action: -0.4370
    Episode_Reward/feet_y_distance: -0.0103
--------------------------------------------------------------------------------
                   Total timesteps: 58785792
                    Iteration time: 3.69s
                      Time elapsed: 00:18:23
                               ETA: 04:49:17

################################################################################
                     [1m Learning iteration 299/5000 [0m                      

                       Computation: 53427 steps/s (collection: 2.189s, learning 1.491s)
             Mean action noise std: 0.41
          Mean value_function loss: 0.0583
               Mean surrogate loss: 0.0096
                 Mean entropy loss: 8.3029
                     Mean amp loss: 0.2241
            Mean amp_grad_pen loss: 0.2313
         Mean amp_policy_pred loss: -0.5445
         Mean amp_expert_pred loss: 0.5446
                Mean symmetry loss: 0.0016
                       Mean reward: 121.10
               Mean episode length: 992.89
Episode_Reward/track_lin_vel_xy_exp: 4.4678
Episode_Reward/track_ang_vel_z_exp: 0.3857
       Episode_Reward/lin_vel_z_l2: -0.0117
      Episode_Reward/ang_vel_xy_l2: -0.0196
             Episode_Reward/energy: -0.0474
         Episode_Reward/dof_acc_l2: -0.0813
     Episode_Reward/action_rate_l2: -0.1303
 Episode_Reward/undesired_contacts: -0.0000
Episode_Reward/body_orientation_l2: -0.0131
Episode_Reward/flat_orientation_l2: -0.0079
Episode_Reward/termination_penalty: -0.0009
         Episode_Reward/feet_slide: -0.0108
         Episode_Reward/feet_force: -0.0096
      Episode_Reward/feet_too_near: -0.0130
       Episode_Reward/feet_stumble: 0.0000
     Episode_Reward/dof_pos_limits: -0.0366
Episode_Reward/joint_deviation_hip: -0.0219
Episode_Reward/joint_deviation_arms: -0.0029
Episode_Reward/joint_deviation_legs: -0.0024
Episode_Reward/joint_deviation_waist: -0.0065
Episode_Reward/gait_feet_frc_perio: 1.6720
Episode_Reward/gait_feet_spd_perio: 0.6754
Episode_Reward/gait_feet_frc_support_perio: 0.5970
       Episode_Reward/ankle_torque: -0.0310
       Episode_Reward/ankle_action: -0.0029
    Episode_Reward/hip_roll_action: -0.7340
     Episode_Reward/hip_yaw_action: -0.4360
    Episode_Reward/feet_y_distance: -0.0108
--------------------------------------------------------------------------------
                   Total timesteps: 58982400
                    Iteration time: 3.68s
                      Time elapsed: 00:18:27
                               ETA: 04:49:13

################################################################################
                     [1m Learning iteration 300/5000 [0m                      

                       Computation: 53561 steps/s (collection: 2.188s, learning 1.482s)
             Mean action noise std: 0.41
          Mean value_function loss: 0.0675
               Mean surrogate loss: 0.0093
                 Mean entropy loss: 8.2013
                     Mean amp loss: 0.2270
            Mean amp_grad_pen loss: 0.2289
         Mean amp_policy_pred loss: -0.5386
         Mean amp_expert_pred loss: 0.5422
                Mean symmetry loss: 0.0017
                       Mean reward: 120.16
               Mean episode length: 991.39
Episode_Reward/track_lin_vel_xy_exp: 4.3704
Episode_Reward/track_ang_vel_z_exp: 0.3805
       Episode_Reward/lin_vel_z_l2: -0.0120
      Episode_Reward/ang_vel_xy_l2: -0.0193
             Episode_Reward/energy: -0.0470
         Episode_Reward/dof_acc_l2: -0.0809
     Episode_Reward/action_rate_l2: -0.1279
 Episode_Reward/undesired_contacts: -0.0000
Episode_Reward/body_orientation_l2: -0.0132
Episode_Reward/flat_orientation_l2: -0.0079
Episode_Reward/termination_penalty: -0.0062
         Episode_Reward/feet_slide: -0.0106
         Episode_Reward/feet_force: -0.0093
      Episode_Reward/feet_too_near: -0.0128
       Episode_Reward/feet_stumble: 0.0000
     Episode_Reward/dof_pos_limits: -0.0358
Episode_Reward/joint_deviation_hip: -0.0224
Episode_Reward/joint_deviation_arms: -0.0030
Episode_Reward/joint_deviation_legs: -0.0024
Episode_Reward/joint_deviation_waist: -0.0066
Episode_Reward/gait_feet_frc_perio: 1.6398
Episode_Reward/gait_feet_spd_perio: 0.6590
Episode_Reward/gait_feet_frc_support_perio: 0.5840
       Episode_Reward/ankle_torque: -0.0307
       Episode_Reward/ankle_action: -0.0028
    Episode_Reward/hip_roll_action: -0.7293
     Episode_Reward/hip_yaw_action: -0.4288
    Episode_Reward/feet_y_distance: -0.0103
--------------------------------------------------------------------------------
                   Total timesteps: 59179008
                    Iteration time: 3.67s
                      Time elapsed: 00:18:31
                               ETA: 04:49:09

################################################################################
                     [1m Learning iteration 301/5000 [0m                      

                       Computation: 53366 steps/s (collection: 2.196s, learning 1.488s)
             Mean action noise std: 0.41
          Mean value_function loss: 0.0578
               Mean surrogate loss: 0.0135
                 Mean entropy loss: 8.1501
                     Mean amp loss: 0.2176
            Mean amp_grad_pen loss: 0.2267
         Mean amp_policy_pred loss: -0.5526
         Mean amp_expert_pred loss: 0.5509
                Mean symmetry loss: 0.0017
                       Mean reward: 121.21
               Mean episode length: 991.23
Episode_Reward/track_lin_vel_xy_exp: 4.4512
Episode_Reward/track_ang_vel_z_exp: 0.3947
       Episode_Reward/lin_vel_z_l2: -0.0119
      Episode_Reward/ang_vel_xy_l2: -0.0195
             Episode_Reward/energy: -0.0488
         Episode_Reward/dof_acc_l2: -0.0855
     Episode_Reward/action_rate_l2: -0.1301
 Episode_Reward/undesired_contacts: 0.0000
Episode_Reward/body_orientation_l2: -0.0132
Episode_Reward/flat_orientation_l2: -0.0079
Episode_Reward/termination_penalty: -0.0008
         Episode_Reward/feet_slide: -0.0109
         Episode_Reward/feet_force: -0.0097
      Episode_Reward/feet_too_near: -0.0133
       Episode_Reward/feet_stumble: 0.0000
     Episode_Reward/dof_pos_limits: -0.0369
Episode_Reward/joint_deviation_hip: -0.0180
Episode_Reward/joint_deviation_arms: -0.0024
Episode_Reward/joint_deviation_legs: -0.0019
Episode_Reward/joint_deviation_waist: -0.0055
Episode_Reward/gait_feet_frc_perio: 1.7062
Episode_Reward/gait_feet_spd_perio: 0.6881
Episode_Reward/gait_feet_frc_support_perio: 0.6084
       Episode_Reward/ankle_torque: -0.0314
       Episode_Reward/ankle_action: -0.0029
    Episode_Reward/hip_roll_action: -0.7446
     Episode_Reward/hip_yaw_action: -0.4376
    Episode_Reward/feet_y_distance: -0.0096
--------------------------------------------------------------------------------
                   Total timesteps: 59375616
                    Iteration time: 3.68s
                      Time elapsed: 00:18:34
                               ETA: 04:49:05

################################################################################
                     [1m Learning iteration 302/5000 [0m                      

                       Computation: 53625 steps/s (collection: 2.187s, learning 1.480s)
             Mean action noise std: 0.41
          Mean value_function loss: 0.0691
               Mean surrogate loss: 0.0071
                 Mean entropy loss: 8.1001
                     Mean amp loss: 0.2207
            Mean amp_grad_pen loss: 0.2309
         Mean amp_policy_pred loss: -0.5484
         Mean amp_expert_pred loss: 0.5477
                Mean symmetry loss: 0.0016
                       Mean reward: 119.14
               Mean episode length: 981.23
Episode_Reward/track_lin_vel_xy_exp: 4.4063
Episode_Reward/track_ang_vel_z_exp: 0.3761
       Episode_Reward/lin_vel_z_l2: -0.0122
      Episode_Reward/ang_vel_xy_l2: -0.0195
             Episode_Reward/energy: -0.0494
         Episode_Reward/dof_acc_l2: -0.0817
     Episode_Reward/action_rate_l2: -0.1284
 Episode_Reward/undesired_contacts: -0.0000
Episode_Reward/body_orientation_l2: -0.0135
Episode_Reward/flat_orientation_l2: -0.0081
Episode_Reward/termination_penalty: -0.0039
         Episode_Reward/feet_slide: -0.0111
         Episode_Reward/feet_force: -0.0091
      Episode_Reward/feet_too_near: -0.0126
       Episode_Reward/feet_stumble: 0.0000
     Episode_Reward/dof_pos_limits: -0.0363
Episode_Reward/joint_deviation_hip: -0.0190
Episode_Reward/joint_deviation_arms: -0.0026
Episode_Reward/joint_deviation_legs: -0.0021
Episode_Reward/joint_deviation_waist: -0.0055
Episode_Reward/gait_feet_frc_perio: 1.6796
Episode_Reward/gait_feet_spd_perio: 0.6707
Episode_Reward/gait_feet_frc_support_perio: 0.5995
       Episode_Reward/ankle_torque: -0.0315
       Episode_Reward/ankle_action: -0.0029
    Episode_Reward/hip_roll_action: -0.7577
     Episode_Reward/hip_yaw_action: -0.4353
    Episode_Reward/feet_y_distance: -0.0105
--------------------------------------------------------------------------------
                   Total timesteps: 59572224
                    Iteration time: 3.67s
                      Time elapsed: 00:18:38
                               ETA: 04:49:01
